customer_no,customer_name,part_no,part_desc,implied_units,unit_selling_price,actual_completion_date,tbl_dt
19448,Hazel Meadow Trading,1283282,"TOZED,ROUMOD4393,ROUMOD4393,5G CPE WITH UPS,MODEM,ROUMOD4393,ROUTER TRADE",2,74418.60465,2026-03-27T11:28:10.000+00:00,20260327
19448,Hazel Meadow Trading,1283282,"TOZED,ROUMOD4393,ROUMOD4393,5G CPE WITH UPS,MODEM,ROUMOD4393,ROUTER TRADE",2,74418.60465,2026-03-27T11:28:10.000+00:00,20260327
360063,Teal Ridge Ventures,1283282,"TOZED,ROUMOD4393,ROUMOD4393,5G CPE WITH UPS,MODEM,ROUMOD4393,ROUTER TRADE",10,74418.60465,2026-03-27T13:48:36.000+00:00,20260327
360063,Teal Ridge Ventures,1283282,"TOZED,ROUMOD4393,ROUMOD4393,5G CPE WITH UPS,MODEM,ROUMOD4393,ROUTER TRADE",10,74418.60465,2026-03-27T13:48:36.000+00:00,20260327
360063,Teal Ridge Ventures,1283282,"TOZED,ROUMOD4393,ROUMOD4393,5G CPE WITH UPS,MODEM,ROUMOD4393,ROUTER TRADE",10,74418.60465,2026-03-27T13:48:36.000+00:00,20260327
360063,Teal Ridge Ventures,1283282,"TOZED,ROUMOD4393,ROUMOD4393,5G CPE WITH UPS,MODEM,ROUMOD4393,ROUTER TRADE",10,74418.60465,2026-03-27T13:48:36.000+00:00,20260327
360063,Teal Ridge Ventures,1283282,"TOZED,ROUMOD4393,ROUMOD4393,5G CPE WITH UPS,MODEM,ROUMOD4393,ROUTER TRADE",10,74418.60465,2026-03-27T13:48:36.000+00:00,20260327
360063,Teal Ridge Ventures,1283282,"TOZED,ROUMOD4393,ROUMOD4393,5G CPE WITH UPS,MODEM,ROUMOD4393,ROUTER TRADE",10,74418.60465,2026-03-27T13:48:36.000+00:00,20260327
360063,Teal Ridge Ventures,1283282,"TOZED,ROUMOD4393,ROUMOD4393,5G CPE WITH UPS,MODEM,ROUMOD4393,ROUTER TRADE",10,74418.60465,2026-03-27T13:48:36.000+00:00,20260327
360063,Teal Ridge Ventures,1283282,"TOZED,ROUMOD4393,ROUMOD4393,5G CPE WITH UPS,MODEM,ROUMOD4393,ROUTER TRADE",10,74418.60465,2026-03-27T13:48:36.000+00:00,20260327
360063,Teal Ridge Ventures,1283282,"TOZED,ROUMOD4393,ROUMOD4393,5G CPE WITH UPS,MODEM,ROUMOD4393,ROUTER TRADE",10,74418.60465,2026-03-27T13:48:36.000+00:00,20260327
360063,Teal Ridge Ventures,1283282,"TOZED,ROUMOD4393,ROUMOD4393,5G CPE WITH UPS,MODEM,ROUMOD4393,ROUTER TRADE",10,74418.60465,2026-03-27T13:48:36.000+00:00,20260327
405089,Rowan Light Communications,1002552,"VOUCHER ETOPUP, VIRTUAL AIRTIME, NGN15000, ELECTRONIC, VOUCHER ETOPUP",17179,13465.11785,2026-03-27T09:23:01.000+00:00,20260327
19462,Orchid View Networks,1002552,"VOUCHER ETOPUP, VIRTUAL AIRTIME, NGN15000, ELECTRONIC, VOUCHER ETOPUP",1000,13465.11785,2026-03-27T07:43:03.000+00:00,20260327
19661,Coral Haven Networks,1002552,"VOUCHER ETOPUP, VIRTUAL AIRTIME, NGN15000, ELECTRONIC, VOUCHER ETOPUP",3343,13465.11785,2026-03-27T14:43:23.000+00:00,20260327
357071,Spruce Light Communications,1186254,"TOZED,MIFI,4G,ZLT M30S,MODEM,ROUMOD1491,MODEM TRADE",3,12558.13953,2026-03-27T11:58:03.000+00:00,20260327
357071,Spruce Light Communications,1186254,"TOZED,MIFI,4G,ZLT M30S,MODEM,ROUMOD1491,MODEM TRADE",3,12558.13953,2026-03-27T11:58:03.000+00:00,20260327
357071,Spruce Light Communications,1186254,"TOZED,MIFI,4G,ZLT M30S,MODEM,ROUMOD1491,MODEM TRADE",3,12558.13953,2026-03-27T11:58:03.000+00:00,20260327
19431,Ivory Delta Ventures,1283280,"TOZED,ROUMOD4390,ROUMOD4390,4G CPE WITH UPS,MODEM,ROUMOD4390,ROUTER TRADE",5,18604.65116,2026-03-27T16:33:23.000+00:00,20260327
19431,Ivory Delta Ventures,1283280,"TOZED,ROUMOD4390,ROUMOD4390,4G CPE WITH UPS,MODEM,ROUMOD4390,ROUTER TRADE",5,18604.65116,2026-03-27T16:33:23.000+00:00,20260327
19431,Ivory Delta Ventures,1283280,"TOZED,ROUMOD4390,ROUMOD4390,4G CPE WITH UPS,MODEM,ROUMOD4390,ROUTER TRADE",5,18604.65116,2026-03-27T16:33:23.000+00:00,20260327
19431,Ivory Delta Ventures,1283280,"TOZED,ROUMOD4390,ROUMOD4390,4G CPE WITH UPS,MODEM,ROUMOD4390,ROUTER TRADE",5,18604.65116,2026-03-27T16:33:23.000+00:00,20260327
19431,Ivory Delta Ventures,1283280,"TOZED,ROUMOD4390,ROUMOD4390,4G CPE WITH UPS,MODEM,ROUMOD4390,ROUTER TRADE",5,18604.65116,2026-03-27T16:33:23.000+00:00,20260327
19782,Raven Isle Communications,1002552,"VOUCHER ETOPUP, VIRTUAL AIRTIME, NGN15000, ELECTRONIC, VOUCHER ETOPUP",34611,13465.11785,2026-03-27T08:28:33.000+00:00,20260327
19660,Coral Haven Networks,1002552,"VOUCHER ETOPUP, VIRTUAL AIRTIME, NGN15000, ELECTRONIC, VOUCHER ETOPUP",3001,13465.11785,2026-03-27T14:48:31.000+00:00,20260327
20044,Teal Ridge Ventures,1002552,"VOUCHER ETOPUP, VIRTUAL AIRTIME, NGN15000, ELECTRONIC, VOUCHER ETOPUP",34540,13465.11785,2026-03-27T14:58:24.000+00:00,20260327
19941,Olive Point Ventures,1002552,"VOUCHER ETOPUP, VIRTUAL AIRTIME, NGN15000, ELECTRONIC, VOUCHER ETOPUP",1278,13465.11785,2026-03-27T13:33:34.000+00:00,20260327
21283,Ember Coast Trading,1002552,"VOUCHER ETOPUP, VIRTUAL AIRTIME, NGN15000, ELECTRONIC, VOUCHER ETOPUP",1000,13465.11785,2026-03-27T13:38:26.000+00:00,20260327
20044,Teal Ridge Ventures,1002552,"VOUCHER ETOPUP, VIRTUAL AIRTIME, NGN15000, ELECTRONIC, VOUCHER ETOPUP",34541,13465.11785,2026-03-27T14:58:24.000+00:00,20260327
19912,Fern Brook Ventures,1283281,"ZTE,ROUMOD4391,ROUMOD4391,4G CPE WITH UPS,MODEM,ROUMOD4391,ROUTER TRADE",20,18604.65116,2026-03-27T10:43:06.000+00:00,20260327
19912,Fern Brook Ventures,1283281,"ZTE,ROUMOD4391,ROUMOD4391,4G CPE WITH UPS,MODEM,ROUMOD4391,ROUTER TRADE",20,18604.65116,2026-03-27T10:43:06.000+00:00,20260327
19912,Fern Brook Ventures,1283281,"ZTE,ROUMOD4391,ROUMOD4391,4G CPE WITH UPS,MODEM,ROUMOD4391,ROUTER TRADE",20,18604.65116,2026-03-27T10:43:06.000+00:00,20260327
19912,Fern Brook Ventures,1283281,"ZTE,ROUMOD4391,ROUMOD4391,4G CPE WITH UPS,MODEM,ROUMOD4391,ROUTER TRADE",20,18604.65116,2026-03-27T10:43:06.000+00:00,20260327
19912,Fern Brook Ventures,1283281,"ZTE,ROUMOD4391,ROUMOD4391,4G CPE WITH UPS,MODEM,ROUMOD4391,ROUTER TRADE",20,18604.65116,2026-03-27T10:43:06.000+00:00,20260327
19912,Fern Brook Ventures,1283281,"ZTE,ROUMOD4391,ROUMOD4391,4G CPE WITH UPS,MODEM,ROUMOD4391,ROUTER TRADE",20,18604.65116,2026-03-27T10:43:06.000+00:00,20260327
19912,Fern Brook Ventures,1283281,"ZTE,ROUMOD4391,ROUMOD4391,4G CPE WITH UPS,MODEM,ROUMOD4391,ROUTER TRADE",20,18604.65116,2026-03-27T10:43:06.000+00:00,20260327
19912,Fern Brook Ventures,1283281,"ZTE,ROUMOD4391,ROUMOD4391,4G CPE WITH UPS,MODEM,ROUMOD4391,ROUTER TRADE",20,18604.65116,2026-03-27T10:43:06.000+00:00,20260327
19912,Fern Brook Ventures,1283281,"ZTE,ROUMOD4391,ROUMOD4391,4G CPE WITH UPS,MODEM,ROUMOD4391,ROUTER TRADE",20,18604.65116,2026-03-27T10:43:06.000+00:00,20260327
19912,Fern Brook Ventures,1283281,"ZTE,ROUMOD4391,ROUMOD4391,4G CPE WITH UPS,MODEM,ROUMOD4391,ROUTER TRADE",20,18604.65116,2026-03-27T10:43:06.000+00:00,20260327
19912,Fern Brook Ventures,1283281,"ZTE,ROUMOD4391,ROUMOD4391,4G CPE WITH UPS,MODEM,ROUMOD4391,ROUTER TRADE",20,18604.65116,2026-03-27T10:43:06.000+00:00,20260327
19912,Fern Brook Ventures,1283281,"ZTE,ROUMOD4391,ROUMOD4391,4G CPE WITH UPS,MODEM,ROUMOD4391,ROUTER TRADE",20,18604.65116,2026-03-27T10:43:06.000+00:00,20260327
19912,Fern Brook Ventures,1283281,"ZTE,ROUMOD4391,ROUMOD4391,4G CPE WITH UPS,MODEM,ROUMOD4391,ROUTER TRADE",20,18604.65116,2026-03-27T10:43:06.000+00:00,20260327
19912,Fern Brook Ventures,1283281,"ZTE,ROUMOD4391,ROUMOD4391,4G CPE WITH UPS,MODEM,ROUMOD4391,ROUTER TRADE",20,18604.65116,2026-03-27T10:43:06.000+00:00,20260327
19912,Fern Brook Ventures,1283281,"ZTE,ROUMOD4391,ROUMOD4391,4G CPE WITH UPS,MODEM,ROUMOD4391,ROUTER TRADE",20,18604.65116,2026-03-27T10:43:06.000+00:00,20260327
19912,Fern Brook Ventures,1283281,"ZTE,ROUMOD4391,ROUMOD4391,4G CPE WITH UPS,MODEM,ROUMOD4391,ROUTER TRADE",20,18604.65116,2026-03-27T10:43:06.000+00:00,20260327
19471,Harbor Grove Networks,1002552,"VOUCHER ETOPUP, VIRTUAL AIRTIME, NGN15000, ELECTRONIC, VOUCHER ETOPUP",1626,13465.11785,2026-03-27T09:23:00.000+00:00,20260327
19776,Cedar Grove Trading,1002552,"VOUCHER ETOPUP, VIRTUAL AIRTIME, NGN15000, ELECTRONIC, VOUCHER ETOPUP",890,13465.11785,2026-03-27T07:38:17.000+00:00,20260327
126032,Rowan Hill Trading,1002552,"VOUCHER ETOPUP, VIRTUAL AIRTIME, NGN15000, ELECTRONIC, VOUCHER ETOPUP",139,13465.11785,2026-03-27T08:33:08.000+00:00,20260327
19462,Orchid View Networks,1002552,"VOUCHER ETOPUP, VIRTUAL AIRTIME, NGN15000, ELECTRONIC, VOUCHER ETOPUP",1000,13465.11785,2026-03-27T07:43:03.000+00:00,20260327
239047,Aspen Wind Networks,1283285,"HUAWEI,ROUMOD4395,ROUMOD4395,5G CPE WITH UPS,MODEM,ROUMOD4395,ROUTER TRADE",2,74418.60465,2026-03-27T08:03:37.000+00:00,20260327
239047,Aspen Wind Networks,1283285,"HUAWEI,ROUMOD4395,ROUMOD4395,5G CPE WITH UPS,MODEM,ROUMOD4395,ROUTER TRADE",2,74418.60465,2026-03-27T08:03:37.000+00:00,20260327
19964,River Star Communications,1002552,"VOUCHER ETOPUP, VIRTUAL AIRTIME, NGN15000, ELECTRONIC, VOUCHER ETOPUP",2417,13465.11785,2026-03-27T19:33:15.000+00:00,20260327
332060,Linden Vale Ventures,1186254,"TOZED,MIFI,4G,ZLT M30S,MODEM,ROUMOD1491,MODEM TRADE",2,12558.13953,2026-03-27T10:48:18.000+00:00,20260327
332060,Linden Vale Ventures,1186254,"TOZED,MIFI,4G,ZLT M30S,MODEM,ROUMOD1491,MODEM TRADE",2,12558.13953,2026-03-27T10:48:18.000+00:00,20260327
21241,Birch Park Ventures,1002552,"VOUCHER ETOPUP, VIRTUAL AIRTIME, NGN15000, ELECTRONIC, VOUCHER ETOPUP",1300,13465.11785,2026-03-27T09:28:07.000+00:00,20260327
358060,Golden Valley Communications,1299801,"GENERAL,ROUMIFI20001,ROUMIFI20001,5G MIFI, TOZED, ZLT X32 U,MIFI,ROUMIFI20001,ROUTER TRADE",1,58604.65116,2026-03-27T13:43:25.000+00:00,20260327
19411,Jade Lake Ventures,1002552,"VOUCHER ETOPUP, VIRTUAL AIRTIME, NGN15000, ELECTRONIC, VOUCHER ETOPUP",3721,13465.11785,2026-03-27T09:08:48.000+00:00,20260327
367075,Opal Delta Trading,1234615,"HUAWEI,ROUWIR4302,ROUWIR4302,4G CAT4 CPE B313-322WITH UPS,WIRELESS,ROUWIR4302,ROUTER TRADE",3,18604.65116,2026-03-27T07:58:01.000+00:00,20260327
365122,Laurel Isle Communications,1186254,"TOZED,MIFI,4G,ZLT M30S,MODEM,ROUMOD1491,MODEM TRADE",9,12558.13953,2026-03-27T14:03:09.000+00:00,20260327
365122,Laurel Isle Communications,1186254,"TOZED,MIFI,4G,ZLT M30S,MODEM,ROUMOD1491,MODEM TRADE",9,12558.13953,2026-03-27T14:03:09.000+00:00,20260327
365122,Laurel Isle Communications,1186254,"TOZED,MIFI,4G,ZLT M30S,MODEM,ROUMOD1491,MODEM TRADE",9,12558.13953,2026-03-27T14:03:09.000+00:00,20260327
365122,Laurel Isle Communications,1186254,"TOZED,MIFI,4G,ZLT M30S,MODEM,ROUMOD1491,MODEM TRADE",9,12558.13953,2026-03-27T14:03:09.000+00:00,20260327
365122,Laurel Isle Communications,1186254,"TOZED,MIFI,4G,ZLT M30S,MODEM,ROUMOD1491,MODEM TRADE",9,12558.13953,2026-03-27T14:03:09.000+00:00,20260327
365122,Laurel Isle Communications,1186254,"TOZED,MIFI,4G,ZLT M30S,MODEM,ROUMOD1491,MODEM TRADE",9,12558.13953,2026-03-27T14:03:09.000+00:00,20260327
365122,Laurel Isle Communications,1186254,"TOZED,MIFI,4G,ZLT M30S,MODEM,ROUMOD1491,MODEM TRADE",9,12558.13953,2026-03-27T14:03:09.000+00:00,20260327
365122,Laurel Isle Communications,1186254,"TOZED,MIFI,4G,ZLT M30S,MODEM,ROUMOD1491,MODEM TRADE",9,12558.13953,2026-03-27T14:03:09.000+00:00,20260327
365122,Laurel Isle Communications,1186254,"TOZED,MIFI,4G,ZLT M30S,MODEM,ROUMOD1491,MODEM TRADE",9,12558.13953,2026-03-27T14:03:09.000+00:00,20260327
19787,Maple Wave Networks,1002552,"VOUCHER ETOPUP, VIRTUAL AIRTIME, NGN15000, ELECTRONIC, VOUCHER ETOPUP",27,13465.11785,2026-03-27T14:38:38.000+00:00,20260327
19913,Forest Lake Ventures,1002552,"VOUCHER ETOPUP, VIRTUAL AIRTIME, NGN15000, ELECTRONIC, VOUCHER ETOPUP",6000,13465.11785,2026-03-27T07:53:10.000+00:00,20260327
19964,River Star Communications,1002552,"VOUCHER ETOPUP, VIRTUAL AIRTIME, NGN15000, ELECTRONIC, VOUCHER ETOPUP",690,13465.11785,2026-03-27T19:33:15.000+00:00,20260327
19392,Pine Lake Ventures,1002552,"VOUCHER ETOPUP, VIRTUAL AIRTIME, NGN15000, ELECTRONIC, VOUCHER ETOPUP",75,13465.11785,2026-03-27T09:39:02.000+00:00,20260327
21241,Birch Park Ventures,1002552,"VOUCHER ETOPUP, VIRTUAL AIRTIME, NGN15000, ELECTRONIC, VOUCHER ETOPUP",1300,13465.11785,2026-03-27T09:28:07.000+00:00,20260327
19407,Sunset Wood Networks,1002552,"VOUCHER ETOPUP, VIRTUAL AIRTIME, NGN15000, ELECTRONIC, VOUCHER ETOPUP",6252,13465.11785,2026-03-27T08:43:08.000+00:00,20260327
19462,Orchid View Networks,1002552,"VOUCHER ETOPUP, VIRTUAL AIRTIME, NGN15000, ELECTRONIC, VOUCHER ETOPUP",1000,13465.11785,2026-03-27T07:43:03.000+00:00,20260327
19695,Jade Park Ventures,1283280,"TOZED,ROUMOD4390,ROUMOD4390,4G CPE WITH UPS,MODEM,ROUMOD4390,ROUTER TRADE",20,18604.65116,2026-03-27T15:28:15.000+00:00,20260327
19695,Jade Park Ventures,1283280,"TOZED,ROUMOD4390,ROUMOD4390,4G CPE WITH UPS,MODEM,ROUMOD4390,ROUTER TRADE",20,18604.65116,2026-03-27T15:28:15.000+00:00,20260327
19695,Jade Park Ventures,1283280,"TOZED,ROUMOD4390,ROUMOD4390,4G CPE WITH UPS,MODEM,ROUMOD4390,ROUTER TRADE",20,18604.65116,2026-03-27T15:28:15.000+00:00,20260327
19695,Jade Park Ventures,1283280,"TOZED,ROUMOD4390,ROUMOD4390,4G CPE WITH UPS,MODEM,ROUMOD4390,ROUTER TRADE",20,18604.65116,2026-03-27T15:28:15.000+00:00,20260327
20044,Teal Ridge Ventures,1002552,"VOUCHER ETOPUP, VIRTUAL AIRTIME, NGN15000, ELECTRONIC, VOUCHER ETOPUP",34541,13465.11785,2026-03-27T16:13:31.000+00:00,20260327
19779,Swift Stone Networks,1299801,"GENERAL,ROUMIFI20001,ROUMIFI20001,5G MIFI, TOZED, ZLT X32 U,MIFI,ROUMIFI20001,ROUTER TRADE",8,58604.65116,2026-03-27T06:38:14.000+00:00,20260327
19779,Swift Stone Networks,1299801,"GENERAL,ROUMIFI20001,ROUMIFI20001,5G MIFI, TOZED, ZLT X32 U,MIFI,ROUMIFI20001,ROUTER TRADE",8,58604.65116,2026-03-27T06:38:14.000+00:00,20260327
19779,Swift Stone Networks,1299801,"GENERAL,ROUMIFI20001,ROUMIFI20001,5G MIFI, TOZED, ZLT X32 U,MIFI,ROUMIFI20001,ROUTER TRADE",8,58604.65116,2026-03-27T06:38:14.000+00:00,20260327
19779,Swift Stone Networks,1299801,"GENERAL,ROUMIFI20001,ROUMIFI20001,5G MIFI, TOZED, ZLT X32 U,MIFI,ROUMIFI20001,ROUTER TRADE",8,58604.65116,2026-03-27T06:38:14.000+00:00,20260327
19779,Swift Stone Networks,1299801,"GENERAL,ROUMIFI20001,ROUMIFI20001,5G MIFI, TOZED, ZLT X32 U,MIFI,ROUMIFI20001,ROUTER TRADE",8,58604.65116,2026-03-27T06:38:14.000+00:00,20260327
19779,Swift Stone Networks,1299801,"GENERAL,ROUMIFI20001,ROUMIFI20001,5G MIFI, TOZED, ZLT X32 U,MIFI,ROUMIFI20001,ROUTER TRADE",8,58604.65116,2026-03-27T06:38:14.000+00:00,20260327
19779,Swift Stone Networks,1299801,"GENERAL,ROUMIFI20001,ROUMIFI20001,5G MIFI, TOZED, ZLT X32 U,MIFI,ROUMIFI20001,ROUTER TRADE",8,58604.65116,2026-03-27T06:38:14.000+00:00,20260327
19779,Swift Stone Networks,1299801,"GENERAL,ROUMIFI20001,ROUMIFI20001,5G MIFI, TOZED, ZLT X32 U,MIFI,ROUMIFI20001,ROUTER TRADE",8,58604.65116,2026-03-27T06:38:14.000+00:00,20260327
19322,Ember Coast Trading,1002552,"VOUCHER ETOPUP, VIRTUAL AIRTIME, NGN15000, ELECTRONIC, VOUCHER ETOPUP",1000,13465.11785,2026-03-27T16:13:31.000+00:00,20260327
19422,Amber Lake Trading,1002552,"VOUCHER ETOPUP, VIRTUAL AIRTIME, NGN15000, ELECTRONIC, VOUCHER ETOPUP",3000,13465.11785,2026-03-27T13:33:35.000+00:00,20260327
19804,Harbor Shore Ventures,1002552,"VOUCHER ETOPUP, VIRTUAL AIRTIME, NGN15000, ELECTRONIC, VOUCHER ETOPUP",1014,13465.11785,2026-03-27T08:43:09.000+00:00,20260327
19913,Forest Lake Ventures,1002552,"VOUCHER ETOPUP, VIRTUAL AIRTIME, NGN15000, ELECTRONIC, VOUCHER ETOPUP",6000,13465.11785,2026-03-27T08:53:41.000+00:00,20260327
19435,Spruce Moon Trading,1283282,"TOZED,ROUMOD4393,ROUMOD4393,5G CPE WITH UPS,MODEM,ROUMOD4393,ROUTER TRADE",5,74418.60465,2026-03-27T09:39:02.000+00:00,20260327
19435,Spruce Moon Trading,1283282,"TOZED,ROUMOD4393,ROUMOD4393,5G CPE WITH UPS,MODEM,ROUMOD4393,ROUTER TRADE",5,74418.60465,2026-03-27T09:39:02.000+00:00,20260327
19435,Spruce Moon Trading,1283282,"TOZED,ROUMOD4393,ROUMOD4393,5G CPE WITH UPS,MODEM,ROUMOD4393,ROUTER TRADE",5,74418.60465,2026-03-27T09:39:02.000+00:00,20260327
19435,Spruce Moon Trading,1283282,"TOZED,ROUMOD4393,ROUMOD4393,5G CPE WITH UPS,MODEM,ROUMOD4393,ROUTER TRADE",5,74418.60465,2026-03-27T09:39:02.000+00:00,20260327
19435,Spruce Moon Trading,1283282,"TOZED,ROUMOD4393,ROUMOD4393,5G CPE WITH UPS,MODEM,ROUMOD4393,ROUTER TRADE",5,74418.60465,2026-03-27T09:39:02.000+00:00,20260327
19411,Jade Lake Ventures,1002552,"VOUCHER ETOPUP, VIRTUAL AIRTIME, NGN15000, ELECTRONIC, VOUCHER ETOPUP",3721,13465.11785,2026-03-27T09:08:48.000+00:00,20260327
353072,River Isle Ventures,1212360,"ZTE,MF935,MF935,4G,MIFI,MF935,ROUTER TRADE",30,12558.13953,2026-03-27T14:03:10.000+00:00,20260327
353072,River Isle Ventures,1212360,"ZTE,MF935,MF935,4G,MIFI,MF935,ROUTER TRADE",30,12558.13953,2026-03-27T14:03:10.000+00:00,20260327
353072,River Isle Ventures,1212360,"ZTE,MF935,MF935,4G,MIFI,MF935,ROUTER TRADE",30,12558.13953,2026-03-27T14:03:10.000+00:00,20260327
353072,River Isle Ventures,1212360,"ZTE,MF935,MF935,4G,MIFI,MF935,ROUTER TRADE",30,12558.13953,2026-03-27T14:03:10.000+00:00,20260327
353072,River Isle Ventures,1212360,"ZTE,MF935,MF935,4G,MIFI,MF935,ROUTER TRADE",30,12558.13953,2026-03-27T14:03:10.000+00:00,20260327
353072,River Isle Ventures,1212360,"ZTE,MF935,MF935,4G,MIFI,MF935,ROUTER TRADE",30,12558.13953,2026-03-27T14:03:10.000+00:00,20260327
353072,River Isle Ventures,1212360,"ZTE,MF935,MF935,4G,MIFI,MF935,ROUTER TRADE",30,12558.13953,2026-03-27T14:03:10.000+00:00,20260327
353072,River Isle Ventures,1212360,"ZTE,MF935,MF935,4G,MIFI,MF935,ROUTER TRADE",30,12558.13953,2026-03-27T14:03:10.000+00:00,20260327
353072,River Isle Ventures,1212360,"ZTE,MF935,MF935,4G,MIFI,MF935,ROUTER TRADE",30,12558.13953,2026-03-27T14:03:10.000+00:00,20260327
19912,Fern Brook Ventures,1283281,"ZTE,ROUMOD4391,ROUMOD4391,4G CPE WITH UPS,MODEM,ROUMOD4391,ROUTER TRADE",20,18604.65116,2026-03-27T10:43:06.000+00:00,20260327
19912,Fern Brook Ventures,1283281,"ZTE,ROUMOD4391,ROUMOD4391,4G CPE WITH UPS,MODEM,ROUMOD4391,ROUTER TRADE",20,18604.65116,2026-03-27T10:43:06.000+00:00,20260327
19912,Fern Brook Ventures,1283281,"ZTE,ROUMOD4391,ROUMOD4391,4G CPE WITH UPS,MODEM,ROUMOD4391,ROUTER TRADE",20,18604.65116,2026-03-27T10:43:06.000+00:00,20260327
19912,Fern Brook Ventures,1283281,"ZTE,ROUMOD4391,ROUMOD4391,4G CPE WITH UPS,MODEM,ROUMOD4391,ROUTER TRADE",20,18604.65116,2026-03-27T10:43:06.000+00:00,20260327
19411,Jade Lake Ventures,1002552,"VOUCHER ETOPUP, VIRTUAL AIRTIME, NGN15000, ELECTRONIC, VOUCHER ETOPUP",1037,13465.11785,2026-03-27T20:27:59.000+00:00,20260327
365122,Laurel Isle Communications,1299801,"GENERAL,ROUMIFI20001,ROUMIFI20001,5G MIFI, TOZED, ZLT X32 U,MIFI,ROUMIFI20001,ROUTER TRADE",1,58604.65116,2026-03-27T14:03:09.000+00:00,20260327
19422,Amber Lake Trading,1002552,"VOUCHER ETOPUP, VIRTUAL AIRTIME, NGN15000, ELECTRONIC, VOUCHER ETOPUP",799,13465.11785,2026-03-27T09:33:43.000+00:00,20260327
19549,Azure Crest Communications,1002552,"VOUCHER ETOPUP, VIRTUAL AIRTIME, NGN15000, ELECTRONIC, VOUCHER ETOPUP",475,13465.11785,2026-03-27T07:13:21.000+00:00,20260327
19913,Forest Lake Ventures,1002552,"VOUCHER ETOPUP, VIRTUAL AIRTIME, NGN15000, ELECTRONIC, VOUCHER ETOPUP",6000,13465.11785,2026-03-27T08:53:41.000+00:00,20260327
19839,Laurel Park Trading,1234615,"HUAWEI,ROUWIR4302,ROUWIR4302,4G CAT4 CPE B313-322WITH UPS,WIRELESS,ROUWIR4302,ROUTER TRADE",20,18604.65116,2026-03-27T09:28:06.000+00:00,20260327
19839,Laurel Park Trading,1234615,"HUAWEI,ROUWIR4302,ROUWIR4302,4G CAT4 CPE B313-322WITH UPS,WIRELESS,ROUWIR4302,ROUTER TRADE",20,18604.65116,2026-03-27T09:28:06.000+00:00,20260327
19839,Laurel Park Trading,1234615,"HUAWEI,ROUWIR4302,ROUWIR4302,4G CAT4 CPE B313-322WITH UPS,WIRELESS,ROUWIR4302,ROUTER TRADE",20,18604.65116,2026-03-27T09:28:06.000+00:00,20260327
19839,Laurel Park Trading,1234615,"HUAWEI,ROUWIR4302,ROUWIR4302,4G CAT4 CPE B313-322WITH UPS,WIRELESS,ROUWIR4302,ROUTER TRADE",20,18604.65116,2026-03-27T09:28:06.000+00:00,20260327
19839,Laurel Park Trading,1234615,"HUAWEI,ROUWIR4302,ROUWIR4302,4G CAT4 CPE B313-322WITH UPS,WIRELESS,ROUWIR4302,ROUTER TRADE",20,18604.65116,2026-03-27T09:28:06.000+00:00,20260327
19839,Laurel Park Trading,1234615,"HUAWEI,ROUWIR4302,ROUWIR4302,4G CAT4 CPE B313-322WITH UPS,WIRELESS,ROUWIR4302,ROUTER TRADE",20,18604.65116,2026-03-27T09:28:06.000+00:00,20260327
19839,Laurel Park Trading,1234615,"HUAWEI,ROUWIR4302,ROUWIR4302,4G CAT4 CPE B313-322WITH UPS,WIRELESS,ROUWIR4302,ROUTER TRADE",20,18604.65116,2026-03-27T09:28:06.000+00:00,20260327
19839,Laurel Park Trading,1234615,"HUAWEI,ROUWIR4302,ROUWIR4302,4G CAT4 CPE B313-322WITH UPS,WIRELESS,ROUWIR4302,ROUTER TRADE",20,18604.65116,2026-03-27T09:28:06.000+00:00,20260327
19839,Laurel Park Trading,1234615,"HUAWEI,ROUWIR4302,ROUWIR4302,4G CAT4 CPE B313-322WITH UPS,WIRELESS,ROUWIR4302,ROUTER TRADE",20,18604.65116,2026-03-27T09:28:06.000+00:00,20260327
19839,Laurel Park Trading,1234615,"HUAWEI,ROUWIR4302,ROUWIR4302,4G CAT4 CPE B313-322WITH UPS,WIRELESS,ROUWIR4302,ROUTER TRADE",20,18604.65116,2026-03-27T09:28:06.000+00:00,20260327
19839,Laurel Park Trading,1234615,"HUAWEI,ROUWIR4302,ROUWIR4302,4G CAT4 CPE B313-322WITH UPS,WIRELESS,ROUWIR4302,ROUTER TRADE",20,18604.65116,2026-03-27T09:28:06.000+00:00,20260327
19839,Laurel Park Trading,1234615,"HUAWEI,ROUWIR4302,ROUWIR4302,4G CAT4 CPE B313-322WITH UPS,WIRELESS,ROUWIR4302,ROUTER TRADE",20,18604.65116,2026-03-27T09:28:06.000+00:00,20260327
19839,Laurel Park Trading,1234615,"HUAWEI,ROUWIR4302,ROUWIR4302,4G CAT4 CPE B313-322WITH UPS,WIRELESS,ROUWIR4302,ROUTER TRADE",20,18604.65116,2026-03-27T09:28:06.000+00:00,20260327
19839,Laurel Park Trading,1234615,"HUAWEI,ROUWIR4302,ROUWIR4302,4G CAT4 CPE B313-322WITH UPS,WIRELESS,ROUWIR4302,ROUTER TRADE",20,18604.65116,2026-03-27T09:28:06.000+00:00,20260327
19839,Laurel Park Trading,1234615,"HUAWEI,ROUWIR4302,ROUWIR4302,4G CAT4 CPE B313-322WITH UPS,WIRELESS,ROUWIR4302,ROUTER TRADE",20,18604.65116,2026-03-27T09:28:06.000+00:00,20260327
19839,Laurel Park Trading,1234615,"HUAWEI,ROUWIR4302,ROUWIR4302,4G CAT4 CPE B313-322WITH UPS,WIRELESS,ROUWIR4302,ROUTER TRADE",20,18604.65116,2026-03-27T09:28:06.000+00:00,20260327
19839,Laurel Park Trading,1234615,"HUAWEI,ROUWIR4302,ROUWIR4302,4G CAT4 CPE B313-322WITH UPS,WIRELESS,ROUWIR4302,ROUTER TRADE",20,18604.65116,2026-03-27T09:28:06.000+00:00,20260327
19839,Laurel Park Trading,1234615,"HUAWEI,ROUWIR4302,ROUWIR4302,4G CAT4 CPE B313-322WITH UPS,WIRELESS,ROUWIR4302,ROUTER TRADE",20,18604.65116,2026-03-27T09:28:06.000+00:00,20260327
19839,Laurel Park Trading,1234615,"HUAWEI,ROUWIR4302,ROUWIR4302,4G CAT4 CPE B313-322WITH UPS,WIRELESS,ROUWIR4302,ROUTER TRADE",20,18604.65116,2026-03-27T09:28:06.000+00:00,20260327
19839,Laurel Park Trading,1234615,"HUAWEI,ROUWIR4302,ROUWIR4302,4G CAT4 CPE B313-322WITH UPS,WIRELESS,ROUWIR4302,ROUTER TRADE",20,18604.65116,2026-03-27T09:28:06.000+00:00,20260327
19661,Coral Haven Networks,1002552,"VOUCHER ETOPUP, VIRTUAL AIRTIME, NGN15000, ELECTRONIC, VOUCHER ETOPUP",3064,13465.11785,2026-03-27T15:08:25.000+00:00,20260327
19913,Forest Lake Ventures,1002552,"VOUCHER ETOPUP, VIRTUAL AIRTIME, NGN15000, ELECTRONIC, VOUCHER ETOPUP",6000,13465.11785,2026-03-27T08:53:41.000+00:00,20260327
19804,Harbor Shore Ventures,1002552,"VOUCHER ETOPUP, VIRTUAL AIRTIME, NGN15000, ELECTRONIC, VOUCHER ETOPUP",404,13465.11785,2026-03-27T07:48:15.000+00:00,20260327
21283,Ember Coast Trading,1002552,"VOUCHER ETOPUP, VIRTUAL AIRTIME, NGN15000, ELECTRONIC, VOUCHER ETOPUP",727,13465.11785,2026-03-27T13:38:25.000+00:00,20260327
367075,Opal Delta Trading,1234615,"HUAWEI,ROUWIR4302,ROUWIR4302,4G CAT4 CPE B313-322WITH UPS,WIRELESS,ROUWIR4302,ROUTER TRADE",3,18604.65116,2026-03-27T07:58:01.000+00:00,20260327
367075,Opal Delta Trading,1234615,"HUAWEI,ROUWIR4302,ROUWIR4302,4G CAT4 CPE B313-322WITH UPS,WIRELESS,ROUWIR4302,ROUTER TRADE",3,18604.65116,2026-03-27T07:58:01.000+00:00,20260327
19880,Laurel Crown Networks,1234615,"HUAWEI,ROUWIR4302,ROUWIR4302,4G CAT4 CPE B313-322WITH UPS,WIRELESS,ROUWIR4302,ROUTER TRADE",4,18604.65116,2026-03-27T11:18:24.000+00:00,20260327
19880,Laurel Crown Networks,1234615,"HUAWEI,ROUWIR4302,ROUWIR4302,4G CAT4 CPE B313-322WITH UPS,WIRELESS,ROUWIR4302,ROUTER TRADE",4,18604.65116,2026-03-27T11:18:24.000+00:00,20260327
19880,Laurel Crown Networks,1234615,"HUAWEI,ROUWIR4302,ROUWIR4302,4G CAT4 CPE B313-322WITH UPS,WIRELESS,ROUWIR4302,ROUTER TRADE",4,18604.65116,2026-03-27T11:18:24.000+00:00,20260327
19880,Laurel Crown Networks,1234615,"HUAWEI,ROUWIR4302,ROUWIR4302,4G CAT4 CPE B313-322WITH UPS,WIRELESS,ROUWIR4302,ROUTER TRADE",4,18604.65116,2026-03-27T11:18:24.000+00:00,20260327
19779,Swift Stone Networks,1299801,"GENERAL,ROUMIFI20001,ROUMIFI20001,5G MIFI, TOZED, ZLT X32 U,MIFI,ROUMIFI20001,ROUTER TRADE",2,58604.65116,2026-03-27T06:43:02.000+00:00,20260327
19779,Swift Stone Networks,1299801,"GENERAL,ROUMIFI20001,ROUMIFI20001,5G MIFI, TOZED, ZLT X32 U,MIFI,ROUMIFI20001,ROUTER TRADE",2,58604.65116,2026-03-27T06:43:02.000+00:00,20260327
19578,Topaz Bridge Trading,1002552,"VOUCHER ETOPUP, VIRTUAL AIRTIME, NGN15000, ELECTRONIC, VOUCHER ETOPUP",41,13465.11785,2026-03-27T09:03:32.000+00:00,20260327
19718,Juniper Brook Ventures,1002552,"VOUCHER ETOPUP, VIRTUAL AIRTIME, NGN15000, ELECTRONIC, VOUCHER ETOPUP",3488,13465.11785,2026-03-27T10:18:03.000+00:00,20260327
74055,Sunset Path Trading,1002552,"VOUCHER ETOPUP, VIRTUAL AIRTIME, NGN15000, ELECTRONIC, VOUCHER ETOPUP",44,13465.11785,2026-03-27T08:03:37.000+00:00,20260327
20044,Teal Ridge Ventures,1002552,"VOUCHER ETOPUP, VIRTUAL AIRTIME, NGN15000, ELECTRONIC, VOUCHER ETOPUP",34542,13465.11785,2026-03-27T14:58:24.000+00:00,20260327
254048,Juniper Shore Communications,1283282,"TOZED,ROUMOD4393,ROUMOD4393,5G CPE WITH UPS,MODEM,ROUMOD4393,ROUTER TRADE",10,74418.60465,2026-03-27T17:58:24.000+00:00,20260327
254048,Juniper Shore Communications,1283282,"TOZED,ROUMOD4393,ROUMOD4393,5G CPE WITH UPS,MODEM,ROUMOD4393,ROUTER TRADE",10,74418.60465,2026-03-27T17:58:24.000+00:00,20260327
254048,Juniper Shore Communications,1283282,"TOZED,ROUMOD4393,ROUMOD4393,5G CPE WITH UPS,MODEM,ROUMOD4393,ROUTER TRADE",10,74418.60465,2026-03-27T17:58:24.000+00:00,20260327
254048,Juniper Shore Communications,1283282,"TOZED,ROUMOD4393,ROUMOD4393,5G CPE WITH UPS,MODEM,ROUMOD4393,ROUTER TRADE",10,74418.60465,2026-03-27T17:58:24.000+00:00,20260327
254048,Juniper Shore Communications,1283282,"TOZED,ROUMOD4393,ROUMOD4393,5G CPE WITH UPS,MODEM,ROUMOD4393,ROUTER TRADE",10,74418.60465,2026-03-27T17:58:24.000+00:00,20260327
254048,Juniper Shore Communications,1283282,"TOZED,ROUMOD4393,ROUMOD4393,5G CPE WITH UPS,MODEM,ROUMOD4393,ROUTER TRADE",10,74418.60465,2026-03-27T17:58:24.000+00:00,20260327
254048,Juniper Shore Communications,1283282,"TOZED,ROUMOD4393,ROUMOD4393,5G CPE WITH UPS,MODEM,ROUMOD4393,ROUTER TRADE",10,74418.60465,2026-03-27T17:58:24.000+00:00,20260327
254048,Juniper Shore Communications,1283282,"TOZED,ROUMOD4393,ROUMOD4393,5G CPE WITH UPS,MODEM,ROUMOD4393,ROUTER TRADE",10,74418.60465,2026-03-27T17:58:24.000+00:00,20260327
254048,Juniper Shore Communications,1283282,"TOZED,ROUMOD4393,ROUMOD4393,5G CPE WITH UPS,MODEM,ROUMOD4393,ROUTER TRADE",10,74418.60465,2026-03-27T17:58:24.000+00:00,20260327
254048,Juniper Shore Communications,1283282,"TOZED,ROUMOD4393,ROUMOD4393,5G CPE WITH UPS,MODEM,ROUMOD4393,ROUTER TRADE",10,74418.60465,2026-03-27T17:58:24.000+00:00,20260327
19695,Jade Park Ventures,1283280,"TOZED,ROUMOD4390,ROUMOD4390,4G CPE WITH UPS,MODEM,ROUMOD4390,ROUTER TRADE",20,18604.65116,2026-03-27T15:28:15.000+00:00,20260327
19695,Jade Park Ventures,1283280,"TOZED,ROUMOD4390,ROUMOD4390,4G CPE WITH UPS,MODEM,ROUMOD4390,ROUTER TRADE",20,18604.65116,2026-03-27T15:28:15.000+00:00,20260327
19695,Jade Park Ventures,1283280,"TOZED,ROUMOD4390,ROUMOD4390,4G CPE WITH UPS,MODEM,ROUMOD4390,ROUTER TRADE",20,18604.65116,2026-03-27T15:28:15.000+00:00,20260327
19695,Jade Park Ventures,1283280,"TOZED,ROUMOD4390,ROUMOD4390,4G CPE WITH UPS,MODEM,ROUMOD4390,ROUTER TRADE",20,18604.65116,2026-03-27T15:28:15.000+00:00,20260327
19695,Jade Park Ventures,1283280,"TOZED,ROUMOD4390,ROUMOD4390,4G CPE WITH UPS,MODEM,ROUMOD4390,ROUTER TRADE",20,18604.65116,2026-03-27T15:28:15.000+00:00,20260327
19695,Jade Park Ventures,1283280,"TOZED,ROUMOD4390,ROUMOD4390,4G CPE WITH UPS,MODEM,ROUMOD4390,ROUTER TRADE",20,18604.65116,2026-03-27T15:28:15.000+00:00,20260327
19695,Jade Park Ventures,1283280,"TOZED,ROUMOD4390,ROUMOD4390,4G CPE WITH UPS,MODEM,ROUMOD4390,ROUTER TRADE",20,18604.65116,2026-03-27T15:28:15.000+00:00,20260327
19695,Jade Park Ventures,1283280,"TOZED,ROUMOD4390,ROUMOD4390,4G CPE WITH UPS,MODEM,ROUMOD4390,ROUTER TRADE",20,18604.65116,2026-03-27T15:28:15.000+00:00,20260327
19695,Jade Park Ventures,1283280,"TOZED,ROUMOD4390,ROUMOD4390,4G CPE WITH UPS,MODEM,ROUMOD4390,ROUTER TRADE",20,18604.65116,2026-03-27T15:28:15.000+00:00,20260327
19695,Jade Park Ventures,1283280,"TOZED,ROUMOD4390,ROUMOD4390,4G CPE WITH UPS,MODEM,ROUMOD4390,ROUTER TRADE",20,18604.65116,2026-03-27T15:28:15.000+00:00,20260327
19695,Jade Park Ventures,1283280,"TOZED,ROUMOD4390,ROUMOD4390,4G CPE WITH UPS,MODEM,ROUMOD4390,ROUTER TRADE",20,18604.65116,2026-03-27T15:28:15.000+00:00,20260327
19695,Jade Park Ventures,1283280,"TOZED,ROUMOD4390,ROUMOD4390,4G CPE WITH UPS,MODEM,ROUMOD4390,ROUTER TRADE",20,18604.65116,2026-03-27T15:28:15.000+00:00,20260327
19695,Jade Park Ventures,1283280,"TOZED,ROUMOD4390,ROUMOD4390,4G CPE WITH UPS,MODEM,ROUMOD4390,ROUTER TRADE",20,18604.65116,2026-03-27T15:28:15.000+00:00,20260327
19695,Jade Park Ventures,1283280,"TOZED,ROUMOD4390,ROUMOD4390,4G CPE WITH UPS,MODEM,ROUMOD4390,ROUTER TRADE",20,18604.65116,2026-03-27T15:28:15.000+00:00,20260327
19695,Jade Park Ventures,1283280,"TOZED,ROUMOD4390,ROUMOD4390,4G CPE WITH UPS,MODEM,ROUMOD4390,ROUTER TRADE",20,18604.65116,2026-03-27T15:28:15.000+00:00,20260327
19695,Jade Park Ventures,1283280,"TOZED,ROUMOD4390,ROUMOD4390,4G CPE WITH UPS,MODEM,ROUMOD4390,ROUTER TRADE",20,18604.65116,2026-03-27T15:28:15.000+00:00,20260327
21286,Sunset Meadow Networks,1002552,"VOUCHER ETOPUP, VIRTUAL AIRTIME, NGN15000, ELECTRONIC, VOUCHER ETOPUP",1400,13465.11785,2026-03-27T14:03:13.000+00:00,20260327
19503,Linden Path Networks,1283281,"ZTE,ROUMOD4391,ROUMOD4391,4G CPE WITH UPS,MODEM,ROUMOD4391,ROUTER TRADE",21,18604.65116,2026-03-27T11:23:12.000+00:00,20260327
19503,Linden Path Networks,1283281,"ZTE,ROUMOD4391,ROUMOD4391,4G CPE WITH UPS,MODEM,ROUMOD4391,ROUTER TRADE",21,18604.65116,2026-03-27T11:23:12.000+00:00,20260327
19503,Linden Path Networks,1283281,"ZTE,ROUMOD4391,ROUMOD4391,4G CPE WITH UPS,MODEM,ROUMOD4391,ROUTER TRADE",21,18604.65116,2026-03-27T11:23:12.000+00:00,20260327
19503,Linden Path Networks,1283281,"ZTE,ROUMOD4391,ROUMOD4391,4G CPE WITH UPS,MODEM,ROUMOD4391,ROUTER TRADE",21,18604.65116,2026-03-27T11:23:12.000+00:00,20260327
19503,Linden Path Networks,1283281,"ZTE,ROUMOD4391,ROUMOD4391,4G CPE WITH UPS,MODEM,ROUMOD4391,ROUTER TRADE",21,18604.65116,2026-03-27T11:23:12.000+00:00,20260327
19503,Linden Path Networks,1283281,"ZTE,ROUMOD4391,ROUMOD4391,4G CPE WITH UPS,MODEM,ROUMOD4391,ROUTER TRADE",21,18604.65116,2026-03-27T11:23:12.000+00:00,20260327
19503,Linden Path Networks,1283281,"ZTE,ROUMOD4391,ROUMOD4391,4G CPE WITH UPS,MODEM,ROUMOD4391,ROUTER TRADE",21,18604.65116,2026-03-27T11:23:12.000+00:00,20260327
19503,Linden Path Networks,1283281,"ZTE,ROUMOD4391,ROUMOD4391,4G CPE WITH UPS,MODEM,ROUMOD4391,ROUTER TRADE",21,18604.65116,2026-03-27T11:23:12.000+00:00,20260327
19503,Linden Path Networks,1283281,"ZTE,ROUMOD4391,ROUMOD4391,4G CPE WITH UPS,MODEM,ROUMOD4391,ROUTER TRADE",21,18604.65116,2026-03-27T11:23:12.000+00:00,20260327
19503,Linden Path Networks,1283281,"ZTE,ROUMOD4391,ROUMOD4391,4G CPE WITH UPS,MODEM,ROUMOD4391,ROUTER TRADE",21,18604.65116,2026-03-27T11:23:12.000+00:00,20260327
19503,Linden Path Networks,1283281,"ZTE,ROUMOD4391,ROUMOD4391,4G CPE WITH UPS,MODEM,ROUMOD4391,ROUTER TRADE",21,18604.65116,2026-03-27T11:23:12.000+00:00,20260327
19503,Linden Path Networks,1283281,"ZTE,ROUMOD4391,ROUMOD4391,4G CPE WITH UPS,MODEM,ROUMOD4391,ROUTER TRADE",21,18604.65116,2026-03-27T11:23:12.000+00:00,20260327
19503,Linden Path Networks,1283281,"ZTE,ROUMOD4391,ROUMOD4391,4G CPE WITH UPS,MODEM,ROUMOD4391,ROUTER TRADE",21,18604.65116,2026-03-27T11:23:12.000+00:00,20260327
19503,Linden Path Networks,1283281,"ZTE,ROUMOD4391,ROUMOD4391,4G CPE WITH UPS,MODEM,ROUMOD4391,ROUTER TRADE",21,18604.65116,2026-03-27T11:23:12.000+00:00,20260327
19503,Linden Path Networks,1283281,"ZTE,ROUMOD4391,ROUMOD4391,4G CPE WITH UPS,MODEM,ROUMOD4391,ROUTER TRADE",21,18604.65116,2026-03-27T11:23:12.000+00:00,20260327
19503,Linden Path Networks,1283281,"ZTE,ROUMOD4391,ROUMOD4391,4G CPE WITH UPS,MODEM,ROUMOD4391,ROUTER TRADE",21,18604.65116,2026-03-27T11:23:12.000+00:00,20260327
19503,Linden Path Networks,1283281,"ZTE,ROUMOD4391,ROUMOD4391,4G CPE WITH UPS,MODEM,ROUMOD4391,ROUTER TRADE",21,18604.65116,2026-03-27T11:23:12.000+00:00,20260327
19503,Linden Path Networks,1283281,"ZTE,ROUMOD4391,ROUMOD4391,4G CPE WITH UPS,MODEM,ROUMOD4391,ROUTER TRADE",21,18604.65116,2026-03-27T11:23:12.000+00:00,20260327
19503,Linden Path Networks,1283281,"ZTE,ROUMOD4391,ROUMOD4391,4G CPE WITH UPS,MODEM,ROUMOD4391,ROUTER TRADE",21,18604.65116,2026-03-27T11:23:12.000+00:00,20260327
19503,Linden Path Networks,1283281,"ZTE,ROUMOD4391,ROUMOD4391,4G CPE WITH UPS,MODEM,ROUMOD4391,ROUTER TRADE",21,18604.65116,2026-03-27T11:23:12.000+00:00,20260327
19503,Linden Path Networks,1283281,"ZTE,ROUMOD4391,ROUMOD4391,4G CPE WITH UPS,MODEM,ROUMOD4391,ROUTER TRADE",21,18604.65116,2026-03-27T11:23:12.000+00:00,20260327
353072,River Isle Ventures,1212360,"ZTE,MF935,MF935,4G,MIFI,MF935,ROUTER TRADE",30,12558.13953,2026-03-27T14:03:10.000+00:00,20260327
353072,River Isle Ventures,1212360,"ZTE,MF935,MF935,4G,MIFI,MF935,ROUTER TRADE",30,12558.13953,2026-03-27T14:03:10.000+00:00,20260327
353072,River Isle Ventures,1212360,"ZTE,MF935,MF935,4G,MIFI,MF935,ROUTER TRADE",30,12558.13953,2026-03-27T14:03:10.000+00:00,20260327
353072,River Isle Ventures,1212360,"ZTE,MF935,MF935,4G,MIFI,MF935,ROUTER TRADE",30,12558.13953,2026-03-27T14:03:10.000+00:00,20260327
353072,River Isle Ventures,1212360,"ZTE,MF935,MF935,4G,MIFI,MF935,ROUTER TRADE",30,12558.13953,2026-03-27T14:03:10.000+00:00,20260327
353072,River Isle Ventures,1212360,"ZTE,MF935,MF935,4G,MIFI,MF935,ROUTER TRADE",30,12558.13953,2026-03-27T14:03:10.000+00:00,20260327
353072,River Isle Ventures,1212360,"ZTE,MF935,MF935,4G,MIFI,MF935,ROUTER TRADE",30,12558.13953,2026-03-27T14:03:10.000+00:00,20260327
353072,River Isle Ventures,1212360,"ZTE,MF935,MF935,4G,MIFI,MF935,ROUTER TRADE",30,12558.13953,2026-03-27T14:03:10.000+00:00,20260327
353072,River Isle Ventures,1212360,"ZTE,MF935,MF935,4G,MIFI,MF935,ROUTER TRADE",30,12558.13953,2026-03-27T14:03:10.000+00:00,20260327
353072,River Isle Ventures,1212360,"ZTE,MF935,MF935,4G,MIFI,MF935,ROUTER TRADE",30,12558.13953,2026-03-27T14:03:10.000+00:00,20260327
353072,River Isle Ventures,1212360,"ZTE,MF935,MF935,4G,MIFI,MF935,ROUTER TRADE",30,12558.13953,2026-03-27T14:03:10.000+00:00,20260327
353072,River Isle Ventures,1212360,"ZTE,MF935,MF935,4G,MIFI,MF935,ROUTER TRADE",30,12558.13953,2026-03-27T14:03:10.000+00:00,20260327
353072,River Isle Ventures,1212360,"ZTE,MF935,MF935,4G,MIFI,MF935,ROUTER TRADE",30,12558.13953,2026-03-27T14:03:10.000+00:00,20260327
353072,River Isle Ventures,1212360,"ZTE,MF935,MF935,4G,MIFI,MF935,ROUTER TRADE",30,12558.13953,2026-03-27T14:03:10.000+00:00,20260327
353072,River Isle Ventures,1212360,"ZTE,MF935,MF935,4G,MIFI,MF935,ROUTER TRADE",30,12558.13953,2026-03-27T14:03:10.000+00:00,20260327
353072,River Isle Ventures,1212360,"ZTE,MF935,MF935,4G,MIFI,MF935,ROUTER TRADE",30,12558.13953,2026-03-27T14:03:10.000+00:00,20260327
353072,River Isle Ventures,1212360,"ZTE,MF935,MF935,4G,MIFI,MF935,ROUTER TRADE",30,12558.13953,2026-03-27T14:03:10.000+00:00,20260327
353072,River Isle Ventures,1212360,"ZTE,MF935,MF935,4G,MIFI,MF935,ROUTER TRADE",30,12558.13953,2026-03-27T14:03:10.000+00:00,20260327
353072,River Isle Ventures,1212360,"ZTE,MF935,MF935,4G,MIFI,MF935,ROUTER TRADE",30,12558.13953,2026-03-27T14:03:10.000+00:00,20260327
353072,River Isle Ventures,1212360,"ZTE,MF935,MF935,4G,MIFI,MF935,ROUTER TRADE",30,12558.13953,2026-03-27T14:03:10.000+00:00,20260327
353072,River Isle Ventures,1212360,"ZTE,MF935,MF935,4G,MIFI,MF935,ROUTER TRADE",30,12558.13953,2026-03-27T14:03:10.000+00:00,20260327
19837,Jade Haven Trading,1002552,"VOUCHER ETOPUP, VIRTUAL AIRTIME, NGN15000, ELECTRONIC, VOUCHER ETOPUP",70,13465.11785,2026-03-27T12:53:20.000+00:00,20260327
19323,Ember Coast Trading,1002552,"VOUCHER ETOPUP, VIRTUAL AIRTIME, NGN15000, ELECTRONIC, VOUCHER ETOPUP",1333,13465.11785,2026-03-27T09:48:47.000+00:00,20260327
19661,Coral Haven Networks,1002552,"VOUCHER ETOPUP, VIRTUAL AIRTIME, NGN15000, ELECTRONIC, VOUCHER ETOPUP",3035,13465.11785,2026-03-27T10:08:44.000+00:00,20260327
19353,Stone Dale Networks,1002552,"VOUCHER ETOPUP, VIRTUAL AIRTIME, NGN15000, ELECTRONIC, VOUCHER ETOPUP",42,13465.11785,2026-03-27T09:28:06.000+00:00,20260327
19894,Pine Coast Ventures,1002552,"VOUCHER ETOPUP, VIRTUAL AIRTIME, NGN15000, ELECTRONIC, VOUCHER ETOPUP",2600,13465.11785,2026-03-27T16:28:24.000+00:00,20260327
405089,Rowan Light Communications,1002552,"VOUCHER ETOPUP, VIRTUAL AIRTIME, NGN15000, ELECTRONIC, VOUCHER ETOPUP",17239,13465.11785,2026-03-27T09:23:01.000+00:00,20260327
19913,Forest Lake Ventures,1002552,"VOUCHER ETOPUP, VIRTUAL AIRTIME, NGN15000, ELECTRONIC, VOUCHER ETOPUP",6000,13465.11785,2026-03-27T17:18:09.000+00:00,20260327
19913,Forest Lake Ventures,1002552,"VOUCHER ETOPUP, VIRTUAL AIRTIME, NGN15000, ELECTRONIC, VOUCHER ETOPUP",6000,13465.11785,2026-03-27T08:53:41.000+00:00,20260327
21284,Ember Coast Trading,1002552,"VOUCHER ETOPUP, VIRTUAL AIRTIME, NGN15000, ELECTRONIC, VOUCHER ETOPUP",1000,13465.11785,2026-03-27T09:08:48.000+00:00,20260327
379088,Ruby Peak Trading,1186254,"TOZED,MIFI,4G,ZLT M30S,MODEM,ROUMOD1491,MODEM TRADE",2,12558.13953,2026-03-27T11:18:24.000+00:00,20260327
379088,Ruby Peak Trading,1186254,"TOZED,MIFI,4G,ZLT M30S,MODEM,ROUMOD1491,MODEM TRADE",2,12558.13953,2026-03-27T11:18:24.000+00:00,20260327
206052,Ruby Peak Trading,1283280,"TOZED,ROUMOD4390,ROUMOD4390,4G CPE WITH UPS,MODEM,ROUMOD4390,ROUTER TRADE",1,18604.65116,2026-03-27T09:58:38.000+00:00,20260327
19517,Laurel Shore Networks,1283281,"ZTE,ROUMOD4391,ROUMOD4391,4G CPE WITH UPS,MODEM,ROUMOD4391,ROUTER TRADE",25,18604.65116,2026-03-27T09:13:15.000+00:00,20260327
19517,Laurel Shore Networks,1283281,"ZTE,ROUMOD4391,ROUMOD4391,4G CPE WITH UPS,MODEM,ROUMOD4391,ROUTER TRADE",25,18604.65116,2026-03-27T09:13:15.000+00:00,20260327
19517,Laurel Shore Networks,1283281,"ZTE,ROUMOD4391,ROUMOD4391,4G CPE WITH UPS,MODEM,ROUMOD4391,ROUTER TRADE",25,18604.65116,2026-03-27T09:13:15.000+00:00,20260327
19517,Laurel Shore Networks,1283281,"ZTE,ROUMOD4391,ROUMOD4391,4G CPE WITH UPS,MODEM,ROUMOD4391,ROUTER TRADE",25,18604.65116,2026-03-27T09:13:15.000+00:00,20260327
19628,Coral Point Ventures,1283281,"ZTE,ROUMOD4391,ROUMOD4391,4G CPE WITH UPS,MODEM,ROUMOD4391,ROUTER TRADE",50,18604.65116,2026-03-27T14:23:22.000+00:00,20260327
19628,Coral Point Ventures,1283281,"ZTE,ROUMOD4391,ROUMOD4391,4G CPE WITH UPS,MODEM,ROUMOD4391,ROUTER TRADE",50,18604.65116,2026-03-27T14:23:22.000+00:00,20260327
19628,Coral Point Ventures,1283281,"ZTE,ROUMOD4391,ROUMOD4391,4G CPE WITH UPS,MODEM,ROUMOD4391,ROUTER TRADE",50,18604.65116,2026-03-27T14:23:22.000+00:00,20260327
19628,Coral Point Ventures,1283281,"ZTE,ROUMOD4391,ROUMOD4391,4G CPE WITH UPS,MODEM,ROUMOD4391,ROUTER TRADE",50,18604.65116,2026-03-27T14:23:22.000+00:00,20260327
19628,Coral Point Ventures,1283281,"ZTE,ROUMOD4391,ROUMOD4391,4G CPE WITH UPS,MODEM,ROUMOD4391,ROUTER TRADE",50,18604.65116,2026-03-27T14:23:22.000+00:00,20260327
19628,Coral Point Ventures,1283281,"ZTE,ROUMOD4391,ROUMOD4391,4G CPE WITH UPS,MODEM,ROUMOD4391,ROUTER TRADE",50,18604.65116,2026-03-27T14:23:22.000+00:00,20260327
19628,Coral Point Ventures,1283281,"ZTE,ROUMOD4391,ROUMOD4391,4G CPE WITH UPS,MODEM,ROUMOD4391,ROUTER TRADE",50,18604.65116,2026-03-27T14:23:22.000+00:00,20260327
19628,Coral Point Ventures,1283281,"ZTE,ROUMOD4391,ROUMOD4391,4G CPE WITH UPS,MODEM,ROUMOD4391,ROUTER TRADE",50,18604.65116,2026-03-27T14:23:22.000+00:00,20260327
19628,Coral Point Ventures,1283281,"ZTE,ROUMOD4391,ROUMOD4391,4G CPE WITH UPS,MODEM,ROUMOD4391,ROUTER TRADE",50,18604.65116,2026-03-27T14:23:22.000+00:00,20260327
19628,Coral Point Ventures,1283281,"ZTE,ROUMOD4391,ROUMOD4391,4G CPE WITH UPS,MODEM,ROUMOD4391,ROUTER TRADE",50,18604.65116,2026-03-27T14:23:22.000+00:00,20260327
19628,Coral Point Ventures,1283281,"ZTE,ROUMOD4391,ROUMOD4391,4G CPE WITH UPS,MODEM,ROUMOD4391,ROUTER TRADE",50,18604.65116,2026-03-27T14:23:22.000+00:00,20260327
19628,Coral Point Ventures,1283281,"ZTE,ROUMOD4391,ROUMOD4391,4G CPE WITH UPS,MODEM,ROUMOD4391,ROUTER TRADE",50,18604.65116,2026-03-27T14:23:22.000+00:00,20260327
19628,Coral Point Ventures,1283281,"ZTE,ROUMOD4391,ROUMOD4391,4G CPE WITH UPS,MODEM,ROUMOD4391,ROUTER TRADE",50,18604.65116,2026-03-27T14:23:22.000+00:00,20260327
19628,Coral Point Ventures,1283281,"ZTE,ROUMOD4391,ROUMOD4391,4G CPE WITH UPS,MODEM,ROUMOD4391,ROUTER TRADE",50,18604.65116,2026-03-27T14:23:22.000+00:00,20260327
19628,Coral Point Ventures,1283281,"ZTE,ROUMOD4391,ROUMOD4391,4G CPE WITH UPS,MODEM,ROUMOD4391,ROUTER TRADE",50,18604.65116,2026-03-27T14:23:22.000+00:00,20260327
19628,Coral Point Ventures,1283281,"ZTE,ROUMOD4391,ROUMOD4391,4G CPE WITH UPS,MODEM,ROUMOD4391,ROUTER TRADE",50,18604.65116,2026-03-27T14:23:22.000+00:00,20260327
19628,Coral Point Ventures,1283281,"ZTE,ROUMOD4391,ROUMOD4391,4G CPE WITH UPS,MODEM,ROUMOD4391,ROUTER TRADE",50,18604.65116,2026-03-27T14:23:22.000+00:00,20260327
19628,Coral Point Ventures,1283281,"ZTE,ROUMOD4391,ROUMOD4391,4G CPE WITH UPS,MODEM,ROUMOD4391,ROUTER TRADE",50,18604.65116,2026-03-27T14:23:22.000+00:00,20260327
19628,Coral Point Ventures,1283281,"ZTE,ROUMOD4391,ROUMOD4391,4G CPE WITH UPS,MODEM,ROUMOD4391,ROUTER TRADE",50,18604.65116,2026-03-27T14:23:22.000+00:00,20260327
19628,Coral Point Ventures,1283281,"ZTE,ROUMOD4391,ROUMOD4391,4G CPE WITH UPS,MODEM,ROUMOD4391,ROUTER TRADE",50,18604.65116,2026-03-27T14:23:22.000+00:00,20260327
19628,Coral Point Ventures,1283281,"ZTE,ROUMOD4391,ROUMOD4391,4G CPE WITH UPS,MODEM,ROUMOD4391,ROUTER TRADE",50,18604.65116,2026-03-27T14:23:22.000+00:00,20260327
19628,Coral Point Ventures,1283281,"ZTE,ROUMOD4391,ROUMOD4391,4G CPE WITH UPS,MODEM,ROUMOD4391,ROUTER TRADE",50,18604.65116,2026-03-27T14:23:22.000+00:00,20260327
19628,Coral Point Ventures,1283281,"ZTE,ROUMOD4391,ROUMOD4391,4G CPE WITH UPS,MODEM,ROUMOD4391,ROUTER TRADE",50,18604.65116,2026-03-27T14:23:22.000+00:00,20260327
19628,Coral Point Ventures,1283281,"ZTE,ROUMOD4391,ROUMOD4391,4G CPE WITH UPS,MODEM,ROUMOD4391,ROUTER TRADE",50,18604.65116,2026-03-27T14:23:22.000+00:00,20260327
19628,Coral Point Ventures,1283281,"ZTE,ROUMOD4391,ROUMOD4391,4G CPE WITH UPS,MODEM,ROUMOD4391,ROUTER TRADE",50,18604.65116,2026-03-27T14:23:22.000+00:00,20260327
19628,Coral Point Ventures,1283281,"ZTE,ROUMOD4391,ROUMOD4391,4G CPE WITH UPS,MODEM,ROUMOD4391,ROUTER TRADE",50,18604.65116,2026-03-27T14:23:22.000+00:00,20260327
19628,Coral Point Ventures,1283281,"ZTE,ROUMOD4391,ROUMOD4391,4G CPE WITH UPS,MODEM,ROUMOD4391,ROUTER TRADE",50,18604.65116,2026-03-27T14:23:22.000+00:00,20260327
19628,Coral Point Ventures,1283281,"ZTE,ROUMOD4391,ROUMOD4391,4G CPE WITH UPS,MODEM,ROUMOD4391,ROUTER TRADE",50,18604.65116,2026-03-27T14:23:22.000+00:00,20260327
19628,Coral Point Ventures,1283281,"ZTE,ROUMOD4391,ROUMOD4391,4G CPE WITH UPS,MODEM,ROUMOD4391,ROUTER TRADE",50,18604.65116,2026-03-27T14:23:22.000+00:00,20260327
19628,Coral Point Ventures,1283281,"ZTE,ROUMOD4391,ROUMOD4391,4G CPE WITH UPS,MODEM,ROUMOD4391,ROUTER TRADE",50,18604.65116,2026-03-27T14:23:22.000+00:00,20260327
19628,Coral Point Ventures,1283281,"ZTE,ROUMOD4391,ROUMOD4391,4G CPE WITH UPS,MODEM,ROUMOD4391,ROUTER TRADE",50,18604.65116,2026-03-27T14:23:22.000+00:00,20260327
19628,Coral Point Ventures,1283281,"ZTE,ROUMOD4391,ROUMOD4391,4G CPE WITH UPS,MODEM,ROUMOD4391,ROUTER TRADE",50,18604.65116,2026-03-27T14:23:22.000+00:00,20260327
19628,Coral Point Ventures,1283281,"ZTE,ROUMOD4391,ROUMOD4391,4G CPE WITH UPS,MODEM,ROUMOD4391,ROUTER TRADE",50,18604.65116,2026-03-27T14:23:22.000+00:00,20260327
19628,Coral Point Ventures,1283281,"ZTE,ROUMOD4391,ROUMOD4391,4G CPE WITH UPS,MODEM,ROUMOD4391,ROUTER TRADE",50,18604.65116,2026-03-27T14:23:22.000+00:00,20260327
19628,Coral Point Ventures,1283281,"ZTE,ROUMOD4391,ROUMOD4391,4G CPE WITH UPS,MODEM,ROUMOD4391,ROUTER TRADE",50,18604.65116,2026-03-27T14:23:22.000+00:00,20260327
21276,Stone Light Networks,1211050,"EYESYTE,4G,SURVEILLANCE,CAMERA WITH SOLAR PANEL,UNIT,SQG-2-1,DEVICE TRADE",3,163674.4186,2026-03-27T14:58:24.000+00:00,20260327
21276,Stone Light Networks,1211050,"EYESYTE,4G,SURVEILLANCE,CAMERA WITH SOLAR PANEL,UNIT,SQG-2-1,DEVICE TRADE",3,163674.4186,2026-03-27T14:58:24.000+00:00,20260327
21276,Stone Light Networks,1211050,"EYESYTE,4G,SURVEILLANCE,CAMERA WITH SOLAR PANEL,UNIT,SQG-2-1,DEVICE TRADE",3,163674.4186,2026-03-27T14:58:24.000+00:00,20260327
20044,Teal Ridge Ventures,1002552,"VOUCHER ETOPUP, VIRTUAL AIRTIME, NGN15000, ELECTRONIC, VOUCHER ETOPUP",33170,13465.11785,2026-03-27T15:08:25.000+00:00,20260327
19688,Ivory Stone Communications,1002552,"VOUCHER ETOPUP, VIRTUAL AIRTIME, NGN15000, ELECTRONIC, VOUCHER ETOPUP",9,13465.11785,2026-03-27T06:58:22.000+00:00,20260327
413173,Harbor Horizon Ventures,1212360,"ZTE,MF935,MF935,4G,MIFI,MF935,ROUTER TRADE",1,12558.13953,2026-03-27T13:28:16.000+00:00,20260327
19803,Harbor Shore Ventures,1002552,"VOUCHER ETOPUP, VIRTUAL AIRTIME, NGN15000, ELECTRONIC, VOUCHER ETOPUP",3929,13465.11785,2026-03-27T15:18:25.000+00:00,20260327
405089,Rowan Light Communications,1002552,"VOUCHER ETOPUP, VIRTUAL AIRTIME, NGN15000, ELECTRONIC, VOUCHER ETOPUP",17267,13465.11785,2026-03-27T08:33:08.000+00:00,20260327
355062,Harbor Moon Ventures,1283282,"TOZED,ROUMOD4393,ROUMOD4393,5G CPE WITH UPS,MODEM,ROUMOD4393,ROUTER TRADE",3,74418.60465,2026-03-27T14:43:23.000+00:00,20260327
355062,Harbor Moon Ventures,1283282,"TOZED,ROUMOD4393,ROUMOD4393,5G CPE WITH UPS,MODEM,ROUMOD4393,ROUTER TRADE",3,74418.60465,2026-03-27T14:43:23.000+00:00,20260327
355062,Harbor Moon Ventures,1283282,"TOZED,ROUMOD4393,ROUMOD4393,5G CPE WITH UPS,MODEM,ROUMOD4393,ROUTER TRADE",3,74418.60465,2026-03-27T14:43:23.000+00:00,20260327
413173,Harbor Horizon Ventures,1299801,"GENERAL,ROUMIFI20001,ROUMIFI20001,5G MIFI, TOZED, ZLT X32 U,MIFI,ROUMIFI20001,ROUTER TRADE",10,58604.65116,2026-03-27T13:28:16.000+00:00,20260327
413173,Harbor Horizon Ventures,1299801,"GENERAL,ROUMIFI20001,ROUMIFI20001,5G MIFI, TOZED, ZLT X32 U,MIFI,ROUMIFI20001,ROUTER TRADE",10,58604.65116,2026-03-27T13:28:16.000+00:00,20260327
413173,Harbor Horizon Ventures,1299801,"GENERAL,ROUMIFI20001,ROUMIFI20001,5G MIFI, TOZED, ZLT X32 U,MIFI,ROUMIFI20001,ROUTER TRADE",10,58604.65116,2026-03-27T13:28:16.000+00:00,20260327
413173,Harbor Horizon Ventures,1299801,"GENERAL,ROUMIFI20001,ROUMIFI20001,5G MIFI, TOZED, ZLT X32 U,MIFI,ROUMIFI20001,ROUTER TRADE",10,58604.65116,2026-03-27T13:28:16.000+00:00,20260327
413173,Harbor Horizon Ventures,1299801,"GENERAL,ROUMIFI20001,ROUMIFI20001,5G MIFI, TOZED, ZLT X32 U,MIFI,ROUMIFI20001,ROUTER TRADE",10,58604.65116,2026-03-27T13:28:16.000+00:00,20260327
413173,Harbor Horizon Ventures,1299801,"GENERAL,ROUMIFI20001,ROUMIFI20001,5G MIFI, TOZED, ZLT X32 U,MIFI,ROUMIFI20001,ROUTER TRADE",10,58604.65116,2026-03-27T13:28:16.000+00:00,20260327
413173,Harbor Horizon Ventures,1299801,"GENERAL,ROUMIFI20001,ROUMIFI20001,5G MIFI, TOZED, ZLT X32 U,MIFI,ROUMIFI20001,ROUTER TRADE",10,58604.65116,2026-03-27T13:28:16.000+00:00,20260327
413173,Harbor Horizon Ventures,1299801,"GENERAL,ROUMIFI20001,ROUMIFI20001,5G MIFI, TOZED, ZLT X32 U,MIFI,ROUMIFI20001,ROUTER TRADE",10,58604.65116,2026-03-27T13:28:16.000+00:00,20260327
413173,Harbor Horizon Ventures,1299801,"GENERAL,ROUMIFI20001,ROUMIFI20001,5G MIFI, TOZED, ZLT X32 U,MIFI,ROUMIFI20001,ROUTER TRADE",10,58604.65116,2026-03-27T13:28:16.000+00:00,20260327
413173,Harbor Horizon Ventures,1299801,"GENERAL,ROUMIFI20001,ROUMIFI20001,5G MIFI, TOZED, ZLT X32 U,MIFI,ROUMIFI20001,ROUTER TRADE",10,58604.65116,2026-03-27T13:28:16.000+00:00,20260327
19368,Jade Point Trading,1002552,"VOUCHER ETOPUP, VIRTUAL AIRTIME, NGN15000, ELECTRONIC, VOUCHER ETOPUP",70,13465.11785,2026-03-27T13:18:20.000+00:00,20260327
19804,Harbor Shore Ventures,1002552,"VOUCHER ETOPUP, VIRTUAL AIRTIME, NGN15000, ELECTRONIC, VOUCHER ETOPUP",202,13465.11785,2026-03-27T07:48:15.000+00:00,20260327
19660,Coral Haven Networks,1002552,"VOUCHER ETOPUP, VIRTUAL AIRTIME, NGN15000, ELECTRONIC, VOUCHER ETOPUP",2903,13465.11785,2026-03-27T09:33:43.000+00:00,20260327
91031,Sage Park Communications,1002552,"VOUCHER ETOPUP, VIRTUAL AIRTIME, NGN15000, ELECTRONIC, VOUCHER ETOPUP",1727,13465.11785,2026-03-27T12:58:04.000+00:00,20260327
19422,Amber Lake Trading,1002552,"VOUCHER ETOPUP, VIRTUAL AIRTIME, NGN15000, ELECTRONIC, VOUCHER ETOPUP",3000,13465.11785,2026-03-27T09:23:01.000+00:00,20260327
405098,Winter Horizon Networks,1186254,"TOZED,MIFI,4G,ZLT M30S,MODEM,ROUMOD1491,MODEM TRADE",5,12558.13953,2026-03-27T10:58:08.000+00:00,20260327
405098,Winter Horizon Networks,1186254,"TOZED,MIFI,4G,ZLT M30S,MODEM,ROUMOD1491,MODEM TRADE",5,12558.13953,2026-03-27T10:58:08.000+00:00,20260327
19517,Laurel Shore Networks,1283281,"ZTE,ROUMOD4391,ROUMOD4391,4G CPE WITH UPS,MODEM,ROUMOD4391,ROUTER TRADE",25,18604.65116,2026-03-27T09:13:15.000+00:00,20260327
19517,Laurel Shore Networks,1283281,"ZTE,ROUMOD4391,ROUMOD4391,4G CPE WITH UPS,MODEM,ROUMOD4391,ROUTER TRADE",25,18604.65116,2026-03-27T09:13:15.000+00:00,20260327
19517,Laurel Shore Networks,1283281,"ZTE,ROUMOD4391,ROUMOD4391,4G CPE WITH UPS,MODEM,ROUMOD4391,ROUTER TRADE",25,18604.65116,2026-03-27T09:13:15.000+00:00,20260327
19517,Laurel Shore Networks,1283281,"ZTE,ROUMOD4391,ROUMOD4391,4G CPE WITH UPS,MODEM,ROUMOD4391,ROUTER TRADE",25,18604.65116,2026-03-27T09:13:15.000+00:00,20260327
19517,Laurel Shore Networks,1283281,"ZTE,ROUMOD4391,ROUMOD4391,4G CPE WITH UPS,MODEM,ROUMOD4391,ROUTER TRADE",25,18604.65116,2026-03-27T09:13:15.000+00:00,20260327
19517,Laurel Shore Networks,1283281,"ZTE,ROUMOD4391,ROUMOD4391,4G CPE WITH UPS,MODEM,ROUMOD4391,ROUTER TRADE",25,18604.65116,2026-03-27T09:13:15.000+00:00,20260327
19517,Laurel Shore Networks,1283281,"ZTE,ROUMOD4391,ROUMOD4391,4G CPE WITH UPS,MODEM,ROUMOD4391,ROUTER TRADE",25,18604.65116,2026-03-27T09:13:15.000+00:00,20260327
19517,Laurel Shore Networks,1283281,"ZTE,ROUMOD4391,ROUMOD4391,4G CPE WITH UPS,MODEM,ROUMOD4391,ROUTER TRADE",25,18604.65116,2026-03-27T09:13:15.000+00:00,20260327
19517,Laurel Shore Networks,1283281,"ZTE,ROUMOD4391,ROUMOD4391,4G CPE WITH UPS,MODEM,ROUMOD4391,ROUTER TRADE",25,18604.65116,2026-03-27T09:13:15.000+00:00,20260327
19517,Laurel Shore Networks,1283281,"ZTE,ROUMOD4391,ROUMOD4391,4G CPE WITH UPS,MODEM,ROUMOD4391,ROUTER TRADE",25,18604.65116,2026-03-27T09:13:15.000+00:00,20260327
19517,Laurel Shore Networks,1283281,"ZTE,ROUMOD4391,ROUMOD4391,4G CPE WITH UPS,MODEM,ROUMOD4391,ROUTER TRADE",25,18604.65116,2026-03-27T09:13:15.000+00:00,20260327
19517,Laurel Shore Networks,1283281,"ZTE,ROUMOD4391,ROUMOD4391,4G CPE WITH UPS,MODEM,ROUMOD4391,ROUTER TRADE",25,18604.65116,2026-03-27T09:13:15.000+00:00,20260327
19517,Laurel Shore Networks,1283281,"ZTE,ROUMOD4391,ROUMOD4391,4G CPE WITH UPS,MODEM,ROUMOD4391,ROUTER TRADE",25,18604.65116,2026-03-27T09:13:15.000+00:00,20260327
19517,Laurel Shore Networks,1283281,"ZTE,ROUMOD4391,ROUMOD4391,4G CPE WITH UPS,MODEM,ROUMOD4391,ROUTER TRADE",25,18604.65116,2026-03-27T09:13:15.000+00:00,20260327
19517,Laurel Shore Networks,1283281,"ZTE,ROUMOD4391,ROUMOD4391,4G CPE WITH UPS,MODEM,ROUMOD4391,ROUTER TRADE",25,18604.65116,2026-03-27T09:13:15.000+00:00,20260327
19517,Laurel Shore Networks,1283281,"ZTE,ROUMOD4391,ROUMOD4391,4G CPE WITH UPS,MODEM,ROUMOD4391,ROUTER TRADE",25,18604.65116,2026-03-27T09:13:15.000+00:00,20260327
19517,Laurel Shore Networks,1283281,"ZTE,ROUMOD4391,ROUMOD4391,4G CPE WITH UPS,MODEM,ROUMOD4391,ROUTER TRADE",25,18604.65116,2026-03-27T09:13:15.000+00:00,20260327
19517,Laurel Shore Networks,1283281,"ZTE,ROUMOD4391,ROUMOD4391,4G CPE WITH UPS,MODEM,ROUMOD4391,ROUTER TRADE",25,18604.65116,2026-03-27T09:13:15.000+00:00,20260327
19517,Laurel Shore Networks,1283281,"ZTE,ROUMOD4391,ROUMOD4391,4G CPE WITH UPS,MODEM,ROUMOD4391,ROUTER TRADE",25,18604.65116,2026-03-27T09:13:15.000+00:00,20260327
19517,Laurel Shore Networks,1283281,"ZTE,ROUMOD4391,ROUMOD4391,4G CPE WITH UPS,MODEM,ROUMOD4391,ROUTER TRADE",25,18604.65116,2026-03-27T09:13:15.000+00:00,20260327
19517,Laurel Shore Networks,1283281,"ZTE,ROUMOD4391,ROUMOD4391,4G CPE WITH UPS,MODEM,ROUMOD4391,ROUTER TRADE",25,18604.65116,2026-03-27T09:13:15.000+00:00,20260327
19628,Coral Point Ventures,1283281,"ZTE,ROUMOD4391,ROUMOD4391,4G CPE WITH UPS,MODEM,ROUMOD4391,ROUTER TRADE",50,18604.65116,2026-03-27T14:23:22.000+00:00,20260327
19628,Coral Point Ventures,1283281,"ZTE,ROUMOD4391,ROUMOD4391,4G CPE WITH UPS,MODEM,ROUMOD4391,ROUTER TRADE",50,18604.65116,2026-03-27T14:23:22.000+00:00,20260327
19628,Coral Point Ventures,1283281,"ZTE,ROUMOD4391,ROUMOD4391,4G CPE WITH UPS,MODEM,ROUMOD4391,ROUTER TRADE",50,18604.65116,2026-03-27T14:23:22.000+00:00,20260327
19628,Coral Point Ventures,1283281,"ZTE,ROUMOD4391,ROUMOD4391,4G CPE WITH UPS,MODEM,ROUMOD4391,ROUTER TRADE",50,18604.65116,2026-03-27T14:23:22.000+00:00,20260327
19628,Coral Point Ventures,1283281,"ZTE,ROUMOD4391,ROUMOD4391,4G CPE WITH UPS,MODEM,ROUMOD4391,ROUTER TRADE",50,18604.65116,2026-03-27T14:23:22.000+00:00,20260327
19628,Coral Point Ventures,1283281,"ZTE,ROUMOD4391,ROUMOD4391,4G CPE WITH UPS,MODEM,ROUMOD4391,ROUTER TRADE",50,18604.65116,2026-03-27T14:23:22.000+00:00,20260327
19628,Coral Point Ventures,1283281,"ZTE,ROUMOD4391,ROUMOD4391,4G CPE WITH UPS,MODEM,ROUMOD4391,ROUTER TRADE",50,18604.65116,2026-03-27T14:23:22.000+00:00,20260327
19628,Coral Point Ventures,1283281,"ZTE,ROUMOD4391,ROUMOD4391,4G CPE WITH UPS,MODEM,ROUMOD4391,ROUTER TRADE",50,18604.65116,2026-03-27T14:23:22.000+00:00,20260327
19628,Coral Point Ventures,1283281,"ZTE,ROUMOD4391,ROUMOD4391,4G CPE WITH UPS,MODEM,ROUMOD4391,ROUTER TRADE",50,18604.65116,2026-03-27T14:23:22.000+00:00,20260327
19628,Coral Point Ventures,1283281,"ZTE,ROUMOD4391,ROUMOD4391,4G CPE WITH UPS,MODEM,ROUMOD4391,ROUTER TRADE",50,18604.65116,2026-03-27T14:23:22.000+00:00,20260327
19628,Coral Point Ventures,1283281,"ZTE,ROUMOD4391,ROUMOD4391,4G CPE WITH UPS,MODEM,ROUMOD4391,ROUTER TRADE",50,18604.65116,2026-03-27T14:23:22.000+00:00,20260327
19628,Coral Point Ventures,1283281,"ZTE,ROUMOD4391,ROUMOD4391,4G CPE WITH UPS,MODEM,ROUMOD4391,ROUTER TRADE",50,18604.65116,2026-03-27T14:23:22.000+00:00,20260327
19628,Coral Point Ventures,1283281,"ZTE,ROUMOD4391,ROUMOD4391,4G CPE WITH UPS,MODEM,ROUMOD4391,ROUTER TRADE",50,18604.65116,2026-03-27T14:23:22.000+00:00,20260327
19628,Coral Point Ventures,1283281,"ZTE,ROUMOD4391,ROUMOD4391,4G CPE WITH UPS,MODEM,ROUMOD4391,ROUTER TRADE",50,18604.65116,2026-03-27T14:23:22.000+00:00,20260327
19628,Coral Point Ventures,1283281,"ZTE,ROUMOD4391,ROUMOD4391,4G CPE WITH UPS,MODEM,ROUMOD4391,ROUTER TRADE",50,18604.65116,2026-03-27T14:23:22.000+00:00,20260327
19435,Spruce Moon Trading,1283281,"ZTE,ROUMOD4391,ROUMOD4391,4G CPE WITH UPS,MODEM,ROUMOD4391,ROUTER TRADE",21,18604.65116,2026-03-27T09:33:42.000+00:00,20260327
19435,Spruce Moon Trading,1283281,"ZTE,ROUMOD4391,ROUMOD4391,4G CPE WITH UPS,MODEM,ROUMOD4391,ROUTER TRADE",21,18604.65116,2026-03-27T09:33:42.000+00:00,20260327
19435,Spruce Moon Trading,1283281,"ZTE,ROUMOD4391,ROUMOD4391,4G CPE WITH UPS,MODEM,ROUMOD4391,ROUTER TRADE",21,18604.65116,2026-03-27T09:33:42.000+00:00,20260327
19435,Spruce Moon Trading,1283281,"ZTE,ROUMOD4391,ROUMOD4391,4G CPE WITH UPS,MODEM,ROUMOD4391,ROUTER TRADE",21,18604.65116,2026-03-27T09:33:42.000+00:00,20260327
19435,Spruce Moon Trading,1283281,"ZTE,ROUMOD4391,ROUMOD4391,4G CPE WITH UPS,MODEM,ROUMOD4391,ROUTER TRADE",21,18604.65116,2026-03-27T09:33:42.000+00:00,20260327
19435,Spruce Moon Trading,1283281,"ZTE,ROUMOD4391,ROUMOD4391,4G CPE WITH UPS,MODEM,ROUMOD4391,ROUTER TRADE",21,18604.65116,2026-03-27T09:33:42.000+00:00,20260327
19435,Spruce Moon Trading,1283281,"ZTE,ROUMOD4391,ROUMOD4391,4G CPE WITH UPS,MODEM,ROUMOD4391,ROUTER TRADE",21,18604.65116,2026-03-27T09:33:42.000+00:00,20260327
19435,Spruce Moon Trading,1283281,"ZTE,ROUMOD4391,ROUMOD4391,4G CPE WITH UPS,MODEM,ROUMOD4391,ROUTER TRADE",21,18604.65116,2026-03-27T09:33:42.000+00:00,20260327
19435,Spruce Moon Trading,1283281,"ZTE,ROUMOD4391,ROUMOD4391,4G CPE WITH UPS,MODEM,ROUMOD4391,ROUTER TRADE",21,18604.65116,2026-03-27T09:33:42.000+00:00,20260327
19435,Spruce Moon Trading,1283281,"ZTE,ROUMOD4391,ROUMOD4391,4G CPE WITH UPS,MODEM,ROUMOD4391,ROUTER TRADE",21,18604.65116,2026-03-27T09:33:42.000+00:00,20260327
19435,Spruce Moon Trading,1283281,"ZTE,ROUMOD4391,ROUMOD4391,4G CPE WITH UPS,MODEM,ROUMOD4391,ROUTER TRADE",21,18604.65116,2026-03-27T09:33:42.000+00:00,20260327
19435,Spruce Moon Trading,1283281,"ZTE,ROUMOD4391,ROUMOD4391,4G CPE WITH UPS,MODEM,ROUMOD4391,ROUTER TRADE",21,18604.65116,2026-03-27T09:33:42.000+00:00,20260327
19435,Spruce Moon Trading,1283281,"ZTE,ROUMOD4391,ROUMOD4391,4G CPE WITH UPS,MODEM,ROUMOD4391,ROUTER TRADE",21,18604.65116,2026-03-27T09:33:42.000+00:00,20260327
19435,Spruce Moon Trading,1283281,"ZTE,ROUMOD4391,ROUMOD4391,4G CPE WITH UPS,MODEM,ROUMOD4391,ROUTER TRADE",21,18604.65116,2026-03-27T09:33:42.000+00:00,20260327
19435,Spruce Moon Trading,1283281,"ZTE,ROUMOD4391,ROUMOD4391,4G CPE WITH UPS,MODEM,ROUMOD4391,ROUTER TRADE",21,18604.65116,2026-03-27T09:33:42.000+00:00,20260327
19435,Spruce Moon Trading,1283281,"ZTE,ROUMOD4391,ROUMOD4391,4G CPE WITH UPS,MODEM,ROUMOD4391,ROUTER TRADE",21,18604.65116,2026-03-27T09:33:42.000+00:00,20260327
19435,Spruce Moon Trading,1283281,"ZTE,ROUMOD4391,ROUMOD4391,4G CPE WITH UPS,MODEM,ROUMOD4391,ROUTER TRADE",21,18604.65116,2026-03-27T09:33:42.000+00:00,20260327
19435,Spruce Moon Trading,1283281,"ZTE,ROUMOD4391,ROUMOD4391,4G CPE WITH UPS,MODEM,ROUMOD4391,ROUTER TRADE",21,18604.65116,2026-03-27T09:33:42.000+00:00,20260327
19435,Spruce Moon Trading,1283281,"ZTE,ROUMOD4391,ROUMOD4391,4G CPE WITH UPS,MODEM,ROUMOD4391,ROUTER TRADE",21,18604.65116,2026-03-27T09:33:42.000+00:00,20260327
19435,Spruce Moon Trading,1283281,"ZTE,ROUMOD4391,ROUMOD4391,4G CPE WITH UPS,MODEM,ROUMOD4391,ROUTER TRADE",21,18604.65116,2026-03-27T09:33:42.000+00:00,20260327
19435,Spruce Moon Trading,1283281,"ZTE,ROUMOD4391,ROUMOD4391,4G CPE WITH UPS,MODEM,ROUMOD4391,ROUTER TRADE",21,18604.65116,2026-03-27T09:33:42.000+00:00,20260327
405098,Winter Horizon Networks,1186254,"TOZED,MIFI,4G,ZLT M30S,MODEM,ROUMOD1491,MODEM TRADE",5,12558.13953,2026-03-27T10:58:08.000+00:00,20260327
405098,Winter Horizon Networks,1186254,"TOZED,MIFI,4G,ZLT M30S,MODEM,ROUMOD1491,MODEM TRADE",5,12558.13953,2026-03-27T10:58:08.000+00:00,20260327
405098,Winter Horizon Networks,1186254,"TOZED,MIFI,4G,ZLT M30S,MODEM,ROUMOD1491,MODEM TRADE",5,12558.13953,2026-03-27T10:58:08.000+00:00,20260327
19966,River Star Communications,1002552,"VOUCHER ETOPUP, VIRTUAL AIRTIME, NGN15000, ELECTRONIC, VOUCHER ETOPUP",5179,13465.11785,2026-03-27T09:39:03.000+00:00,20260327
358060,Golden Valley Communications,1186254,"TOZED,MIFI,4G,ZLT M30S,MODEM,ROUMOD1491,MODEM TRADE",6,12558.13953,2026-03-27T13:48:36.000+00:00,20260327
358060,Golden Valley Communications,1186254,"TOZED,MIFI,4G,ZLT M30S,MODEM,ROUMOD1491,MODEM TRADE",6,12558.13953,2026-03-27T13:48:36.000+00:00,20260327
358060,Golden Valley Communications,1186254,"TOZED,MIFI,4G,ZLT M30S,MODEM,ROUMOD1491,MODEM TRADE",6,12558.13953,2026-03-27T13:48:36.000+00:00,20260327
358060,Golden Valley Communications,1186254,"TOZED,MIFI,4G,ZLT M30S,MODEM,ROUMOD1491,MODEM TRADE",6,12558.13953,2026-03-27T13:48:36.000+00:00,20260327
358060,Golden Valley Communications,1186254,"TOZED,MIFI,4G,ZLT M30S,MODEM,ROUMOD1491,MODEM TRADE",6,12558.13953,2026-03-27T13:48:36.000+00:00,20260327
358060,Golden Valley Communications,1186254,"TOZED,MIFI,4G,ZLT M30S,MODEM,ROUMOD1491,MODEM TRADE",6,12558.13953,2026-03-27T13:48:36.000+00:00,20260327
162044,Jade Lake Communications,1002552,"VOUCHER ETOPUP, VIRTUAL AIRTIME, NGN15000, ELECTRONIC, VOUCHER ETOPUP",31,13465.11785,2026-03-27T14:18:26.000+00:00,20260327
20044,Teal Ridge Ventures,1002552,"VOUCHER ETOPUP, VIRTUAL AIRTIME, NGN15000, ELECTRONIC, VOUCHER ETOPUP",34537,13465.11785,2026-03-27T06:23:05.000+00:00,20260327
437141,Harbor Isle Communications,1283283,"ZTE,ROUMOD4394,ROUMOD4394,5G CPE WITH UPS,MODEM,ROUMOD4394,ROUTER TRADE",4,74418.60465,2026-03-27T14:23:22.000+00:00,20260327
437141,Harbor Isle Communications,1283283,"ZTE,ROUMOD4394,ROUMOD4394,5G CPE WITH UPS,MODEM,ROUMOD4394,ROUTER TRADE",4,74418.60465,2026-03-27T14:23:22.000+00:00,20260327
437141,Harbor Isle Communications,1283283,"ZTE,ROUMOD4394,ROUMOD4394,5G CPE WITH UPS,MODEM,ROUMOD4394,ROUTER TRADE",4,74418.60465,2026-03-27T14:23:22.000+00:00,20260327
437141,Harbor Isle Communications,1283283,"ZTE,ROUMOD4394,ROUMOD4394,5G CPE WITH UPS,MODEM,ROUMOD4394,ROUTER TRADE",4,74418.60465,2026-03-27T14:23:22.000+00:00,20260327
360058,Pearl Valley Trading,1283282,"TOZED,ROUMOD4393,ROUMOD4393,5G CPE WITH UPS,MODEM,ROUMOD4393,ROUTER TRADE",4,74418.60465,2026-03-27T07:03:10.000+00:00,20260327
360058,Pearl Valley Trading,1283282,"TOZED,ROUMOD4393,ROUMOD4393,5G CPE WITH UPS,MODEM,ROUMOD4393,ROUTER TRADE",4,74418.60465,2026-03-27T07:03:10.000+00:00,20260327
360058,Pearl Valley Trading,1283282,"TOZED,ROUMOD4393,ROUMOD4393,5G CPE WITH UPS,MODEM,ROUMOD4393,ROUTER TRADE",4,74418.60465,2026-03-27T07:03:10.000+00:00,20260327
360058,Pearl Valley Trading,1283282,"TOZED,ROUMOD4393,ROUMOD4393,5G CPE WITH UPS,MODEM,ROUMOD4393,ROUTER TRADE",4,74418.60465,2026-03-27T07:03:10.000+00:00,20260327
19422,Amber Lake Trading,1002552,"VOUCHER ETOPUP, VIRTUAL AIRTIME, NGN15000, ELECTRONIC, VOUCHER ETOPUP",3217,13465.11785,2026-03-27T13:33:35.000+00:00,20260327
19661,Coral Haven Networks,1002552,"VOUCHER ETOPUP, VIRTUAL AIRTIME, NGN15000, ELECTRONIC, VOUCHER ETOPUP",3200,13465.11785,2026-03-27T14:43:23.000+00:00,20260327
19462,Orchid View Networks,1002552,"VOUCHER ETOPUP, VIRTUAL AIRTIME, NGN15000, ELECTRONIC, VOUCHER ETOPUP",1000,13465.11785,2026-03-27T07:43:03.000+00:00,20260327
345061,Indigo Ridge Trading,1234615,"HUAWEI,ROUWIR4302,ROUWIR4302,4G CAT4 CPE B313-322WITH UPS,WIRELESS,ROUWIR4302,ROUTER TRADE",5,18604.65116,2026-03-27T09:39:02.000+00:00,20260327
345061,Indigo Ridge Trading,1234615,"HUAWEI,ROUWIR4302,ROUWIR4302,4G CAT4 CPE B313-322WITH UPS,WIRELESS,ROUWIR4302,ROUTER TRADE",5,18604.65116,2026-03-27T09:39:02.000+00:00,20260327
345061,Indigo Ridge Trading,1234615,"HUAWEI,ROUWIR4302,ROUWIR4302,4G CAT4 CPE B313-322WITH UPS,WIRELESS,ROUWIR4302,ROUTER TRADE",5,18604.65116,2026-03-27T09:39:02.000+00:00,20260327
345061,Indigo Ridge Trading,1234615,"HUAWEI,ROUWIR4302,ROUWIR4302,4G CAT4 CPE B313-322WITH UPS,WIRELESS,ROUWIR4302,ROUTER TRADE",5,18604.65116,2026-03-27T09:39:02.000+00:00,20260327
345061,Indigo Ridge Trading,1234615,"HUAWEI,ROUWIR4302,ROUWIR4302,4G CAT4 CPE B313-322WITH UPS,WIRELESS,ROUWIR4302,ROUTER TRADE",5,18604.65116,2026-03-27T09:39:02.000+00:00,20260327
19462,Orchid View Networks,1002552,"VOUCHER ETOPUP, VIRTUAL AIRTIME, NGN15000, ELECTRONIC, VOUCHER ETOPUP",1400,13465.11785,2026-03-27T07:48:16.000+00:00,20260327
19803,Harbor Shore Ventures,1002552,"VOUCHER ETOPUP, VIRTUAL AIRTIME, NGN15000, ELECTRONIC, VOUCHER ETOPUP",3930,13465.11785,2026-03-27T15:23:22.000+00:00,20260327
19369,Jade Point Trading,1002552,"VOUCHER ETOPUP, VIRTUAL AIRTIME, NGN15000, ELECTRONIC, VOUCHER ETOPUP",30,13465.11785,2026-03-27T15:53:07.000+00:00,20260327
19682,Forest Vale Communications,1002552,"VOUCHER ETOPUP, VIRTUAL AIRTIME, NGN15000, ELECTRONIC, VOUCHER ETOPUP",55,13465.11785,2026-03-27T14:28:22.000+00:00,20260327
328068,Swift Wood Ventures,1212360,"ZTE,MF935,MF935,4G,MIFI,MF935,ROUTER TRADE",2,12558.13953,2026-03-27T09:33:43.000+00:00,20260327
328068,Swift Wood Ventures,1212360,"ZTE,MF935,MF935,4G,MIFI,MF935,ROUTER TRADE",2,12558.13953,2026-03-27T09:33:43.000+00:00,20260327
79043,River Shore Ventures,1299801,"GENERAL,ROUMIFI20001,ROUMIFI20001,5G MIFI, TOZED, ZLT X32 U,MIFI,ROUMIFI20001,ROUTER TRADE",20,58604.65116,2026-03-27T17:48:28.000+00:00,20260327
79043,River Shore Ventures,1299801,"GENERAL,ROUMIFI20001,ROUMIFI20001,5G MIFI, TOZED, ZLT X32 U,MIFI,ROUMIFI20001,ROUTER TRADE",20,58604.65116,2026-03-27T17:48:28.000+00:00,20260327
79043,River Shore Ventures,1299801,"GENERAL,ROUMIFI20001,ROUMIFI20001,5G MIFI, TOZED, ZLT X32 U,MIFI,ROUMIFI20001,ROUTER TRADE",20,58604.65116,2026-03-27T17:48:28.000+00:00,20260327
79043,River Shore Ventures,1299801,"GENERAL,ROUMIFI20001,ROUMIFI20001,5G MIFI, TOZED, ZLT X32 U,MIFI,ROUMIFI20001,ROUTER TRADE",20,58604.65116,2026-03-27T17:48:28.000+00:00,20260327
79043,River Shore Ventures,1299801,"GENERAL,ROUMIFI20001,ROUMIFI20001,5G MIFI, TOZED, ZLT X32 U,MIFI,ROUMIFI20001,ROUTER TRADE",20,58604.65116,2026-03-27T17:48:28.000+00:00,20260327
79043,River Shore Ventures,1299801,"GENERAL,ROUMIFI20001,ROUMIFI20001,5G MIFI, TOZED, ZLT X32 U,MIFI,ROUMIFI20001,ROUTER TRADE",20,58604.65116,2026-03-27T17:48:28.000+00:00,20260327
79043,River Shore Ventures,1299801,"GENERAL,ROUMIFI20001,ROUMIFI20001,5G MIFI, TOZED, ZLT X32 U,MIFI,ROUMIFI20001,ROUTER TRADE",20,58604.65116,2026-03-27T17:48:28.000+00:00,20260327
79043,River Shore Ventures,1299801,"GENERAL,ROUMIFI20001,ROUMIFI20001,5G MIFI, TOZED, ZLT X32 U,MIFI,ROUMIFI20001,ROUTER TRADE",20,58604.65116,2026-03-27T17:48:28.000+00:00,20260327
79043,River Shore Ventures,1299801,"GENERAL,ROUMIFI20001,ROUMIFI20001,5G MIFI, TOZED, ZLT X32 U,MIFI,ROUMIFI20001,ROUTER TRADE",20,58604.65116,2026-03-27T17:48:28.000+00:00,20260327
79043,River Shore Ventures,1299801,"GENERAL,ROUMIFI20001,ROUMIFI20001,5G MIFI, TOZED, ZLT X32 U,MIFI,ROUMIFI20001,ROUTER TRADE",20,58604.65116,2026-03-27T17:48:28.000+00:00,20260327
79043,River Shore Ventures,1299801,"GENERAL,ROUMIFI20001,ROUMIFI20001,5G MIFI, TOZED, ZLT X32 U,MIFI,ROUMIFI20001,ROUTER TRADE",20,58604.65116,2026-03-27T17:48:28.000+00:00,20260327
79043,River Shore Ventures,1299801,"GENERAL,ROUMIFI20001,ROUMIFI20001,5G MIFI, TOZED, ZLT X32 U,MIFI,ROUMIFI20001,ROUTER TRADE",20,58604.65116,2026-03-27T17:48:28.000+00:00,20260327
79043,River Shore Ventures,1299801,"GENERAL,ROUMIFI20001,ROUMIFI20001,5G MIFI, TOZED, ZLT X32 U,MIFI,ROUMIFI20001,ROUTER TRADE",20,58604.65116,2026-03-27T17:48:28.000+00:00,20260327
79043,River Shore Ventures,1299801,"GENERAL,ROUMIFI20001,ROUMIFI20001,5G MIFI, TOZED, ZLT X32 U,MIFI,ROUMIFI20001,ROUTER TRADE",20,58604.65116,2026-03-27T17:48:28.000+00:00,20260327
79043,River Shore Ventures,1299801,"GENERAL,ROUMIFI20001,ROUMIFI20001,5G MIFI, TOZED, ZLT X32 U,MIFI,ROUMIFI20001,ROUTER TRADE",20,58604.65116,2026-03-27T17:48:28.000+00:00,20260327
79043,River Shore Ventures,1299801,"GENERAL,ROUMIFI20001,ROUMIFI20001,5G MIFI, TOZED, ZLT X32 U,MIFI,ROUMIFI20001,ROUTER TRADE",20,58604.65116,2026-03-27T17:48:28.000+00:00,20260327
79043,River Shore Ventures,1299801,"GENERAL,ROUMIFI20001,ROUMIFI20001,5G MIFI, TOZED, ZLT X32 U,MIFI,ROUMIFI20001,ROUTER TRADE",20,58604.65116,2026-03-27T17:48:28.000+00:00,20260327
79043,River Shore Ventures,1299801,"GENERAL,ROUMIFI20001,ROUMIFI20001,5G MIFI, TOZED, ZLT X32 U,MIFI,ROUMIFI20001,ROUTER TRADE",20,58604.65116,2026-03-27T17:48:28.000+00:00,20260327
79043,River Shore Ventures,1299801,"GENERAL,ROUMIFI20001,ROUMIFI20001,5G MIFI, TOZED, ZLT X32 U,MIFI,ROUMIFI20001,ROUTER TRADE",20,58604.65116,2026-03-27T17:48:28.000+00:00,20260327
79043,River Shore Ventures,1299801,"GENERAL,ROUMIFI20001,ROUMIFI20001,5G MIFI, TOZED, ZLT X32 U,MIFI,ROUMIFI20001,ROUTER TRADE",20,58604.65116,2026-03-27T17:48:28.000+00:00,20260327
19407,Sunset Wood Networks,1002552,"VOUCHER ETOPUP, VIRTUAL AIRTIME, NGN15000, ELECTRONIC, VOUCHER ETOPUP",4149,13465.11785,2026-03-27T15:13:04.000+00:00,20260327
360058,Pearl Valley Trading,1283282,"TOZED,ROUMOD4393,ROUMOD4393,5G CPE WITH UPS,MODEM,ROUMOD4393,ROUTER TRADE",1,74418.60465,2026-03-27T13:28:16.000+00:00,20260327
19372,Jade Point Trading,1002552,"VOUCHER ETOPUP, VIRTUAL AIRTIME, NGN15000, ELECTRONIC, VOUCHER ETOPUP",30,13465.11785,2026-03-27T13:28:16.000+00:00,20260327
19383,Swift Crown Ventures,1002552,"VOUCHER ETOPUP, VIRTUAL AIRTIME, NGN15000, ELECTRONIC, VOUCHER ETOPUP",667,13465.11785,2026-03-27T16:28:24.000+00:00,20260327
165043,Topaz Bridge Trading,1002552,"VOUCHER ETOPUP, VIRTUAL AIRTIME, NGN15000, ELECTRONIC, VOUCHER ETOPUP",20,13465.11785,2026-03-27T16:13:30.000+00:00,20260327
170045,Teal Wave Trading,1299801,"GENERAL,ROUMIFI20001,ROUMIFI20001,5G MIFI, TOZED, ZLT X32 U,MIFI,ROUMIFI20001,ROUTER TRADE",15,58604.65116,2026-03-27T09:39:02.000+00:00,20260327
170045,Teal Wave Trading,1299801,"GENERAL,ROUMIFI20001,ROUMIFI20001,5G MIFI, TOZED, ZLT X32 U,MIFI,ROUMIFI20001,ROUTER TRADE",15,58604.65116,2026-03-27T09:39:02.000+00:00,20260327
170045,Teal Wave Trading,1299801,"GENERAL,ROUMIFI20001,ROUMIFI20001,5G MIFI, TOZED, ZLT X32 U,MIFI,ROUMIFI20001,ROUTER TRADE",15,58604.65116,2026-03-27T09:39:02.000+00:00,20260327
170045,Teal Wave Trading,1299801,"GENERAL,ROUMIFI20001,ROUMIFI20001,5G MIFI, TOZED, ZLT X32 U,MIFI,ROUMIFI20001,ROUTER TRADE",15,58604.65116,2026-03-27T09:39:02.000+00:00,20260327
170045,Teal Wave Trading,1299801,"GENERAL,ROUMIFI20001,ROUMIFI20001,5G MIFI, TOZED, ZLT X32 U,MIFI,ROUMIFI20001,ROUTER TRADE",15,58604.65116,2026-03-27T09:39:02.000+00:00,20260327
170045,Teal Wave Trading,1299801,"GENERAL,ROUMIFI20001,ROUMIFI20001,5G MIFI, TOZED, ZLT X32 U,MIFI,ROUMIFI20001,ROUTER TRADE",15,58604.65116,2026-03-27T09:39:02.000+00:00,20260327
170045,Teal Wave Trading,1299801,"GENERAL,ROUMIFI20001,ROUMIFI20001,5G MIFI, TOZED, ZLT X32 U,MIFI,ROUMIFI20001,ROUTER TRADE",15,58604.65116,2026-03-27T09:39:02.000+00:00,20260327
170045,Teal Wave Trading,1299801,"GENERAL,ROUMIFI20001,ROUMIFI20001,5G MIFI, TOZED, ZLT X32 U,MIFI,ROUMIFI20001,ROUTER TRADE",15,58604.65116,2026-03-27T09:39:02.000+00:00,20260327
170045,Teal Wave Trading,1299801,"GENERAL,ROUMIFI20001,ROUMIFI20001,5G MIFI, TOZED, ZLT X32 U,MIFI,ROUMIFI20001,ROUTER TRADE",15,58604.65116,2026-03-27T09:39:02.000+00:00,20260327
170045,Teal Wave Trading,1299801,"GENERAL,ROUMIFI20001,ROUMIFI20001,5G MIFI, TOZED, ZLT X32 U,MIFI,ROUMIFI20001,ROUTER TRADE",15,58604.65116,2026-03-27T09:39:02.000+00:00,20260327
170045,Teal Wave Trading,1299801,"GENERAL,ROUMIFI20001,ROUMIFI20001,5G MIFI, TOZED, ZLT X32 U,MIFI,ROUMIFI20001,ROUTER TRADE",15,58604.65116,2026-03-27T09:39:02.000+00:00,20260327
170045,Teal Wave Trading,1299801,"GENERAL,ROUMIFI20001,ROUMIFI20001,5G MIFI, TOZED, ZLT X32 U,MIFI,ROUMIFI20001,ROUTER TRADE",15,58604.65116,2026-03-27T09:39:02.000+00:00,20260327
170045,Teal Wave Trading,1299801,"GENERAL,ROUMIFI20001,ROUMIFI20001,5G MIFI, TOZED, ZLT X32 U,MIFI,ROUMIFI20001,ROUTER TRADE",15,58604.65116,2026-03-27T09:39:02.000+00:00,20260327
170045,Teal Wave Trading,1299801,"GENERAL,ROUMIFI20001,ROUMIFI20001,5G MIFI, TOZED, ZLT X32 U,MIFI,ROUMIFI20001,ROUTER TRADE",15,58604.65116,2026-03-27T09:39:02.000+00:00,20260327
170045,Teal Wave Trading,1299801,"GENERAL,ROUMIFI20001,ROUMIFI20001,5G MIFI, TOZED, ZLT X32 U,MIFI,ROUMIFI20001,ROUTER TRADE",15,58604.65116,2026-03-27T09:39:02.000+00:00,20260327
19462,Orchid View Networks,1002552,"VOUCHER ETOPUP, VIRTUAL AIRTIME, NGN15000, ELECTRONIC, VOUCHER ETOPUP",1200,13465.11785,2026-03-27T07:43:03.000+00:00,20260327
385085,Juniper Shore Communications,1212360,"ZTE,MF935,MF935,4G,MIFI,MF935,ROUTER TRADE",22,12558.13953,2026-03-27T09:28:06.000+00:00,20260327
19365,Jade Point Trading,1002552,"VOUCHER ETOPUP, VIRTUAL AIRTIME, NGN15000, ELECTRONIC, VOUCHER ETOPUP",30,13465.11785,2026-03-27T15:48:32.000+00:00,20260327
19544,Aspen View Networks,1283283,"ZTE,ROUMOD4394,ROUMOD4394,5G CPE WITH UPS,MODEM,ROUMOD4394,ROUTER TRADE",2,74418.60465,2026-03-27T09:33:44.000+00:00,20260327
19544,Aspen View Networks,1283283,"ZTE,ROUMOD4394,ROUMOD4394,5G CPE WITH UPS,MODEM,ROUMOD4394,ROUTER TRADE",2,74418.60465,2026-03-27T09:33:44.000+00:00,20260327
413171,Jade Lake Communications,1002552,"VOUCHER ETOPUP, VIRTUAL AIRTIME, NGN15000, ELECTRONIC, VOUCHER ETOPUP",21,13465.11785,2026-03-27T08:48:32.000+00:00,20260327
19913,Forest Lake Ventures,1002552,"VOUCHER ETOPUP, VIRTUAL AIRTIME, NGN15000, ELECTRONIC, VOUCHER ETOPUP",5537,13465.11785,2026-03-27T08:53:42.000+00:00,20260327
19812,Hazel Bay Trading,1299801,"GENERAL,ROUMIFI20001,ROUMIFI20001,5G MIFI, TOZED, ZLT X32 U,MIFI,ROUMIFI20001,ROUTER TRADE",1,58604.65116,2026-03-27T10:08:43.000+00:00,20260327
19612,Aspen Sky Trading,1002552,"VOUCHER ETOPUP, VIRTUAL AIRTIME, NGN15000, ELECTRONIC, VOUCHER ETOPUP",14561,13465.11785,2026-03-27T12:18:37.000+00:00,20260327
385085,Juniper Shore Communications,1212360,"ZTE,MF935,MF935,4G,MIFI,MF935,ROUTER TRADE",22,12558.13953,2026-03-27T09:28:06.000+00:00,20260327
385085,Juniper Shore Communications,1212360,"ZTE,MF935,MF935,4G,MIFI,MF935,ROUTER TRADE",22,12558.13953,2026-03-27T09:28:06.000+00:00,20260327
385085,Juniper Shore Communications,1212360,"ZTE,MF935,MF935,4G,MIFI,MF935,ROUTER TRADE",22,12558.13953,2026-03-27T09:28:06.000+00:00,20260327
385085,Juniper Shore Communications,1212360,"ZTE,MF935,MF935,4G,MIFI,MF935,ROUTER TRADE",22,12558.13953,2026-03-27T09:28:06.000+00:00,20260327
385085,Juniper Shore Communications,1212360,"ZTE,MF935,MF935,4G,MIFI,MF935,ROUTER TRADE",22,12558.13953,2026-03-27T09:28:06.000+00:00,20260327
385085,Juniper Shore Communications,1212360,"ZTE,MF935,MF935,4G,MIFI,MF935,ROUTER TRADE",22,12558.13953,2026-03-27T09:28:06.000+00:00,20260327
385085,Juniper Shore Communications,1212360,"ZTE,MF935,MF935,4G,MIFI,MF935,ROUTER TRADE",22,12558.13953,2026-03-27T09:28:06.000+00:00,20260327
385085,Juniper Shore Communications,1212360,"ZTE,MF935,MF935,4G,MIFI,MF935,ROUTER TRADE",22,12558.13953,2026-03-27T09:28:06.000+00:00,20260327
385085,Juniper Shore Communications,1212360,"ZTE,MF935,MF935,4G,MIFI,MF935,ROUTER TRADE",22,12558.13953,2026-03-27T09:28:06.000+00:00,20260327
385085,Juniper Shore Communications,1212360,"ZTE,MF935,MF935,4G,MIFI,MF935,ROUTER TRADE",22,12558.13953,2026-03-27T09:28:06.000+00:00,20260327
385085,Juniper Shore Communications,1212360,"ZTE,MF935,MF935,4G,MIFI,MF935,ROUTER TRADE",22,12558.13953,2026-03-27T09:28:06.000+00:00,20260327
385085,Juniper Shore Communications,1212360,"ZTE,MF935,MF935,4G,MIFI,MF935,ROUTER TRADE",22,12558.13953,2026-03-27T09:28:06.000+00:00,20260327
385085,Juniper Shore Communications,1212360,"ZTE,MF935,MF935,4G,MIFI,MF935,ROUTER TRADE",22,12558.13953,2026-03-27T09:28:06.000+00:00,20260327
385085,Juniper Shore Communications,1212360,"ZTE,MF935,MF935,4G,MIFI,MF935,ROUTER TRADE",22,12558.13953,2026-03-27T09:28:06.000+00:00,20260327
385085,Juniper Shore Communications,1212360,"ZTE,MF935,MF935,4G,MIFI,MF935,ROUTER TRADE",22,12558.13953,2026-03-27T09:28:06.000+00:00,20260327
385085,Juniper Shore Communications,1212360,"ZTE,MF935,MF935,4G,MIFI,MF935,ROUTER TRADE",22,12558.13953,2026-03-27T09:28:06.000+00:00,20260327
385085,Juniper Shore Communications,1212360,"ZTE,MF935,MF935,4G,MIFI,MF935,ROUTER TRADE",22,12558.13953,2026-03-27T09:28:06.000+00:00,20260327
385085,Juniper Shore Communications,1212360,"ZTE,MF935,MF935,4G,MIFI,MF935,ROUTER TRADE",22,12558.13953,2026-03-27T09:28:06.000+00:00,20260327
385085,Juniper Shore Communications,1212360,"ZTE,MF935,MF935,4G,MIFI,MF935,ROUTER TRADE",22,12558.13953,2026-03-27T09:28:06.000+00:00,20260327
385085,Juniper Shore Communications,1212360,"ZTE,MF935,MF935,4G,MIFI,MF935,ROUTER TRADE",22,12558.13953,2026-03-27T09:28:06.000+00:00,20260327
385085,Juniper Shore Communications,1212360,"ZTE,MF935,MF935,4G,MIFI,MF935,ROUTER TRADE",22,12558.13953,2026-03-27T09:28:06.000+00:00,20260327
19803,Harbor Shore Ventures,1002552,"VOUCHER ETOPUP, VIRTUAL AIRTIME, NGN15000, ELECTRONIC, VOUCHER ETOPUP",2490,13465.11785,2026-03-27T06:13:27.000+00:00,20260327
19422,Amber Lake Trading,1002552,"VOUCHER ETOPUP, VIRTUAL AIRTIME, NGN15000, ELECTRONIC, VOUCHER ETOPUP",3000,13465.11785,2026-03-27T09:23:01.000+00:00,20260327
21286,Sunset Meadow Networks,1002552,"VOUCHER ETOPUP, VIRTUAL AIRTIME, NGN15000, ELECTRONIC, VOUCHER ETOPUP",2129,13465.11785,2026-03-27T20:03:19.000+00:00,20260327
19897,Flint Grove Trading,1186254,"TOZED,MIFI,4G,ZLT M30S,MODEM,ROUMOD1491,MODEM TRADE",40,12558.13953,2026-03-27T08:23:45.000+00:00,20260327
19897,Flint Grove Trading,1186254,"TOZED,MIFI,4G,ZLT M30S,MODEM,ROUMOD1491,MODEM TRADE",40,12558.13953,2026-03-27T08:23:45.000+00:00,20260327
19897,Flint Grove Trading,1186254,"TOZED,MIFI,4G,ZLT M30S,MODEM,ROUMOD1491,MODEM TRADE",40,12558.13953,2026-03-27T08:23:45.000+00:00,20260327
19897,Flint Grove Trading,1186254,"TOZED,MIFI,4G,ZLT M30S,MODEM,ROUMOD1491,MODEM TRADE",40,12558.13953,2026-03-27T08:23:45.000+00:00,20260327
19897,Flint Grove Trading,1186254,"TOZED,MIFI,4G,ZLT M30S,MODEM,ROUMOD1491,MODEM TRADE",40,12558.13953,2026-03-27T08:23:45.000+00:00,20260327
19897,Flint Grove Trading,1186254,"TOZED,MIFI,4G,ZLT M30S,MODEM,ROUMOD1491,MODEM TRADE",40,12558.13953,2026-03-27T08:23:45.000+00:00,20260327
19897,Flint Grove Trading,1186254,"TOZED,MIFI,4G,ZLT M30S,MODEM,ROUMOD1491,MODEM TRADE",40,12558.13953,2026-03-27T08:23:45.000+00:00,20260327
19897,Flint Grove Trading,1186254,"TOZED,MIFI,4G,ZLT M30S,MODEM,ROUMOD1491,MODEM TRADE",40,12558.13953,2026-03-27T08:23:45.000+00:00,20260327
19897,Flint Grove Trading,1186254,"TOZED,MIFI,4G,ZLT M30S,MODEM,ROUMOD1491,MODEM TRADE",40,12558.13953,2026-03-27T08:23:45.000+00:00,20260327
19897,Flint Grove Trading,1186254,"TOZED,MIFI,4G,ZLT M30S,MODEM,ROUMOD1491,MODEM TRADE",40,12558.13953,2026-03-27T08:23:45.000+00:00,20260327
19897,Flint Grove Trading,1186254,"TOZED,MIFI,4G,ZLT M30S,MODEM,ROUMOD1491,MODEM TRADE",40,12558.13953,2026-03-27T08:23:45.000+00:00,20260327
19897,Flint Grove Trading,1186254,"TOZED,MIFI,4G,ZLT M30S,MODEM,ROUMOD1491,MODEM TRADE",40,12558.13953,2026-03-27T08:23:45.000+00:00,20260327
19897,Flint Grove Trading,1186254,"TOZED,MIFI,4G,ZLT M30S,MODEM,ROUMOD1491,MODEM TRADE",40,12558.13953,2026-03-27T08:23:45.000+00:00,20260327
19897,Flint Grove Trading,1186254,"TOZED,MIFI,4G,ZLT M30S,MODEM,ROUMOD1491,MODEM TRADE",40,12558.13953,2026-03-27T08:23:45.000+00:00,20260327
19897,Flint Grove Trading,1186254,"TOZED,MIFI,4G,ZLT M30S,MODEM,ROUMOD1491,MODEM TRADE",40,12558.13953,2026-03-27T08:23:45.000+00:00,20260327
19897,Flint Grove Trading,1186254,"TOZED,MIFI,4G,ZLT M30S,MODEM,ROUMOD1491,MODEM TRADE",40,12558.13953,2026-03-27T08:23:45.000+00:00,20260327
19897,Flint Grove Trading,1186254,"TOZED,MIFI,4G,ZLT M30S,MODEM,ROUMOD1491,MODEM TRADE",40,12558.13953,2026-03-27T08:23:45.000+00:00,20260327
19897,Flint Grove Trading,1186254,"TOZED,MIFI,4G,ZLT M30S,MODEM,ROUMOD1491,MODEM TRADE",40,12558.13953,2026-03-27T08:23:45.000+00:00,20260327
19897,Flint Grove Trading,1186254,"TOZED,MIFI,4G,ZLT M30S,MODEM,ROUMOD1491,MODEM TRADE",40,12558.13953,2026-03-27T08:23:45.000+00:00,20260327
19897,Flint Grove Trading,1186254,"TOZED,MIFI,4G,ZLT M30S,MODEM,ROUMOD1491,MODEM TRADE",40,12558.13953,2026-03-27T08:23:45.000+00:00,20260327
19897,Flint Grove Trading,1186254,"TOZED,MIFI,4G,ZLT M30S,MODEM,ROUMOD1491,MODEM TRADE",40,12558.13953,2026-03-27T08:23:45.000+00:00,20260327
19897,Flint Grove Trading,1186254,"TOZED,MIFI,4G,ZLT M30S,MODEM,ROUMOD1491,MODEM TRADE",40,12558.13953,2026-03-27T08:23:45.000+00:00,20260327
19897,Flint Grove Trading,1186254,"TOZED,MIFI,4G,ZLT M30S,MODEM,ROUMOD1491,MODEM TRADE",40,12558.13953,2026-03-27T08:23:45.000+00:00,20260327
19897,Flint Grove Trading,1186254,"TOZED,MIFI,4G,ZLT M30S,MODEM,ROUMOD1491,MODEM TRADE",40,12558.13953,2026-03-27T08:23:45.000+00:00,20260327
19897,Flint Grove Trading,1186254,"TOZED,MIFI,4G,ZLT M30S,MODEM,ROUMOD1491,MODEM TRADE",40,12558.13953,2026-03-27T08:23:45.000+00:00,20260327
19897,Flint Grove Trading,1186254,"TOZED,MIFI,4G,ZLT M30S,MODEM,ROUMOD1491,MODEM TRADE",40,12558.13953,2026-03-27T08:23:45.000+00:00,20260327
19897,Flint Grove Trading,1186254,"TOZED,MIFI,4G,ZLT M30S,MODEM,ROUMOD1491,MODEM TRADE",40,12558.13953,2026-03-27T08:23:45.000+00:00,20260327
19897,Flint Grove Trading,1186254,"TOZED,MIFI,4G,ZLT M30S,MODEM,ROUMOD1491,MODEM TRADE",40,12558.13953,2026-03-27T08:23:45.000+00:00,20260327
19897,Flint Grove Trading,1186254,"TOZED,MIFI,4G,ZLT M30S,MODEM,ROUMOD1491,MODEM TRADE",40,12558.13953,2026-03-27T08:23:45.000+00:00,20260327
19897,Flint Grove Trading,1186254,"TOZED,MIFI,4G,ZLT M30S,MODEM,ROUMOD1491,MODEM TRADE",40,12558.13953,2026-03-27T08:23:45.000+00:00,20260327
19897,Flint Grove Trading,1186254,"TOZED,MIFI,4G,ZLT M30S,MODEM,ROUMOD1491,MODEM TRADE",40,12558.13953,2026-03-27T08:23:45.000+00:00,20260327
19897,Flint Grove Trading,1186254,"TOZED,MIFI,4G,ZLT M30S,MODEM,ROUMOD1491,MODEM TRADE",40,12558.13953,2026-03-27T08:23:45.000+00:00,20260327
19897,Flint Grove Trading,1186254,"TOZED,MIFI,4G,ZLT M30S,MODEM,ROUMOD1491,MODEM TRADE",40,12558.13953,2026-03-27T08:23:45.000+00:00,20260327
19897,Flint Grove Trading,1186254,"TOZED,MIFI,4G,ZLT M30S,MODEM,ROUMOD1491,MODEM TRADE",40,12558.13953,2026-03-27T08:23:45.000+00:00,20260327
19897,Flint Grove Trading,1186254,"TOZED,MIFI,4G,ZLT M30S,MODEM,ROUMOD1491,MODEM TRADE",40,12558.13953,2026-03-27T08:23:45.000+00:00,20260327
19897,Flint Grove Trading,1186254,"TOZED,MIFI,4G,ZLT M30S,MODEM,ROUMOD1491,MODEM TRADE",40,12558.13953,2026-03-27T08:23:45.000+00:00,20260327
19897,Flint Grove Trading,1186254,"TOZED,MIFI,4G,ZLT M30S,MODEM,ROUMOD1491,MODEM TRADE",40,12558.13953,2026-03-27T08:23:45.000+00:00,20260327
19897,Flint Grove Trading,1186254,"TOZED,MIFI,4G,ZLT M30S,MODEM,ROUMOD1491,MODEM TRADE",40,12558.13953,2026-03-27T08:23:45.000+00:00,20260327
19897,Flint Grove Trading,1186254,"TOZED,MIFI,4G,ZLT M30S,MODEM,ROUMOD1491,MODEM TRADE",40,12558.13953,2026-03-27T08:23:45.000+00:00,20260327
19897,Flint Grove Trading,1186254,"TOZED,MIFI,4G,ZLT M30S,MODEM,ROUMOD1491,MODEM TRADE",40,12558.13953,2026-03-27T08:23:45.000+00:00,20260327
19812,Hazel Bay Trading,1234615,"HUAWEI,ROUWIR4302,ROUWIR4302,4G CAT4 CPE B313-322WITH UPS,WIRELESS,ROUWIR4302,ROUTER TRADE",10,18604.65116,2026-03-27T09:43:32.000+00:00,20260327
19812,Hazel Bay Trading,1234615,"HUAWEI,ROUWIR4302,ROUWIR4302,4G CAT4 CPE B313-322WITH UPS,WIRELESS,ROUWIR4302,ROUTER TRADE",10,18604.65116,2026-03-27T09:43:32.000+00:00,20260327
19812,Hazel Bay Trading,1234615,"HUAWEI,ROUWIR4302,ROUWIR4302,4G CAT4 CPE B313-322WITH UPS,WIRELESS,ROUWIR4302,ROUTER TRADE",10,18604.65116,2026-03-27T09:43:32.000+00:00,20260327
19812,Hazel Bay Trading,1234615,"HUAWEI,ROUWIR4302,ROUWIR4302,4G CAT4 CPE B313-322WITH UPS,WIRELESS,ROUWIR4302,ROUTER TRADE",10,18604.65116,2026-03-27T09:43:32.000+00:00,20260327
19812,Hazel Bay Trading,1234615,"HUAWEI,ROUWIR4302,ROUWIR4302,4G CAT4 CPE B313-322WITH UPS,WIRELESS,ROUWIR4302,ROUTER TRADE",10,18604.65116,2026-03-27T09:43:32.000+00:00,20260327
19812,Hazel Bay Trading,1234615,"HUAWEI,ROUWIR4302,ROUWIR4302,4G CAT4 CPE B313-322WITH UPS,WIRELESS,ROUWIR4302,ROUTER TRADE",10,18604.65116,2026-03-27T09:43:32.000+00:00,20260327
19812,Hazel Bay Trading,1234615,"HUAWEI,ROUWIR4302,ROUWIR4302,4G CAT4 CPE B313-322WITH UPS,WIRELESS,ROUWIR4302,ROUTER TRADE",10,18604.65116,2026-03-27T09:43:32.000+00:00,20260327
19812,Hazel Bay Trading,1234615,"HUAWEI,ROUWIR4302,ROUWIR4302,4G CAT4 CPE B313-322WITH UPS,WIRELESS,ROUWIR4302,ROUTER TRADE",10,18604.65116,2026-03-27T09:43:32.000+00:00,20260327
19779,Swift Stone Networks,1283282,"TOZED,ROUMOD4393,ROUMOD4393,5G CPE WITH UPS,MODEM,ROUMOD4393,ROUTER TRADE",8,66976.74419,2026-03-05T13:47:31.000+00:00,20260305
19779,Swift Stone Networks,1283282,"TOZED,ROUMOD4393,ROUMOD4393,5G CPE WITH UPS,MODEM,ROUMOD4393,ROUTER TRADE",8,66976.74419,2026-03-05T13:47:31.000+00:00,20260305
19913,Forest Lake Ventures,1002552,"VOUCHER ETOPUP, VIRTUAL AIRTIME, NGN15000, ELECTRONIC, VOUCHER ETOPUP",5537,13465.11785,2026-03-05T07:12:56.000+00:00,20260305
19321,Ember Coast Trading,1002552,"VOUCHER ETOPUP, VIRTUAL AIRTIME, NGN15000, ELECTRONIC, VOUCHER ETOPUP",1217,13465.11785,2026-03-05T08:37:39.000+00:00,20260305
296075,Amber Isle Networks,1186254,"TOZED,MIFI,4G,ZLT M30S,MODEM,ROUMOD1491,MODEM TRADE",2,12558.13953,2026-03-05T12:32:30.000+00:00,20260305
296075,Amber Isle Networks,1186254,"TOZED,MIFI,4G,ZLT M30S,MODEM,ROUMOD1491,MODEM TRADE",2,12558.13953,2026-03-05T12:32:30.000+00:00,20260305
19718,Juniper Brook Ventures,1002552,"VOUCHER ETOPUP, VIRTUAL AIRTIME, NGN15000, ELECTRONIC, VOUCHER ETOPUP",2000,13465.11785,2026-03-05T08:37:39.000+00:00,20260305
19685,Ivory Stone Communications,1002552,"VOUCHER ETOPUP, VIRTUAL AIRTIME, NGN15000, ELECTRONIC, VOUCHER ETOPUP",706,13465.11785,2026-03-05T08:37:39.000+00:00,20260305
366074,Ivory Light Networks,1283282,"TOZED,ROUMOD4393,ROUMOD4393,5G CPE WITH UPS,MODEM,ROUMOD4393,ROUTER TRADE",2,66976.74419,2026-03-05T13:43:11.000+00:00,20260305
366074,Ivory Light Networks,1283282,"TOZED,ROUMOD4393,ROUMOD4393,5G CPE WITH UPS,MODEM,ROUMOD4393,ROUTER TRADE",2,66976.74419,2026-03-05T13:43:11.000+00:00,20260305
19412,Jade Lake Ventures,1002552,"VOUCHER ETOPUP, VIRTUAL AIRTIME, NGN15000, ELECTRONIC, VOUCHER ETOPUP",4187,13465.11785,2026-03-05T15:07:40.000+00:00,20260305
20044,Teal Ridge Ventures,1002552,"VOUCHER ETOPUP, VIRTUAL AIRTIME, NGN15000, ELECTRONIC, VOUCHER ETOPUP",3938,13465.11785,2026-03-05T13:07:38.000+00:00,20260305
19646,Rowan Wind Trading,1002552,"VOUCHER ETOPUP, VIRTUAL AIRTIME, NGN15000, ELECTRONIC, VOUCHER ETOPUP",705,13465.11785,2026-03-05T10:13:42.000+00:00,20260305
19612,Aspen Sky Trading,1002552,"VOUCHER ETOPUP, VIRTUAL AIRTIME, NGN15000, ELECTRONIC, VOUCHER ETOPUP",4254,13465.11785,2026-03-05T07:37:49.000+00:00,20260305
19776,Cedar Grove Trading,1002552,"VOUCHER ETOPUP, VIRTUAL AIRTIME, NGN15000, ELECTRONIC, VOUCHER ETOPUP",670,13465.11785,2026-03-05T20:37:49.000+00:00,20260305
19643,Birch Meadow Communications,1002552,"VOUCHER ETOPUP, VIRTUAL AIRTIME, NGN15000, ELECTRONIC, VOUCHER ETOPUP",276,13465.11785,2026-03-05T13:46:15.000+00:00,20260305
19966,River Star Communications,1002552,"VOUCHER ETOPUP, VIRTUAL AIRTIME, NGN15000, ELECTRONIC, VOUCHER ETOPUP",66674,13465.11785,2026-03-05T08:32:51.000+00:00,20260305
405089,Rowan Light Communications,1002552,"VOUCHER ETOPUP, VIRTUAL AIRTIME, NGN15000, ELECTRONIC, VOUCHER ETOPUP",17250,13465.11785,2026-03-05T07:37:49.000+00:00,20260305
349078,Raven Horizon Communications,1283281,"ZTE,ROUMOD4391,ROUMOD4391,4G CPE WITH UPS,MODEM,ROUMOD4391,ROUTER TRADE",2,16744.18605,2026-03-05T13:43:11.000+00:00,20260305
349078,Raven Horizon Communications,1283281,"ZTE,ROUMOD4391,ROUMOD4391,4G CPE WITH UPS,MODEM,ROUMOD4391,ROUTER TRADE",2,16744.18605,2026-03-05T13:43:11.000+00:00,20260305
19407,Sunset Wood Networks,1002552,"VOUCHER ETOPUP, VIRTUAL AIRTIME, NGN15000, ELECTRONIC, VOUCHER ETOPUP",2816,13465.11785,2026-03-05T09:47:34.000+00:00,20260305
19370,Jade Point Trading,1002552,"VOUCHER ETOPUP, VIRTUAL AIRTIME, NGN15000, ELECTRONIC, VOUCHER ETOPUP",67,13465.11785,2026-03-05T07:48:09.000+00:00,20260305
368075,Orchid Ridge Networks,1234615,"HUAWEI,ROUWIR4302,ROUWIR4302,4G CAT4 CPE B313-322WITH UPS,WIRELESS,ROUWIR4302,ROUTER TRADE",5,16744.18605,2026-03-05T11:47:42.000+00:00,20260305
368075,Orchid Ridge Networks,1234615,"HUAWEI,ROUWIR4302,ROUWIR4302,4G CAT4 CPE B313-322WITH UPS,WIRELESS,ROUWIR4302,ROUTER TRADE",5,16744.18605,2026-03-05T11:47:42.000+00:00,20260305
368075,Orchid Ridge Networks,1234615,"HUAWEI,ROUWIR4302,ROUWIR4302,4G CAT4 CPE B313-322WITH UPS,WIRELESS,ROUWIR4302,ROUTER TRADE",5,16744.18605,2026-03-05T11:47:42.000+00:00,20260305
368075,Orchid Ridge Networks,1234615,"HUAWEI,ROUWIR4302,ROUWIR4302,4G CAT4 CPE B313-322WITH UPS,WIRELESS,ROUWIR4302,ROUTER TRADE",5,16744.18605,2026-03-05T11:47:42.000+00:00,20260305
368075,Orchid Ridge Networks,1234615,"HUAWEI,ROUWIR4302,ROUWIR4302,4G CAT4 CPE B313-322WITH UPS,WIRELESS,ROUWIR4302,ROUTER TRADE",5,16744.18605,2026-03-05T11:47:42.000+00:00,20260305
19367,Jade Point Trading,1186254,"TOZED,MIFI,4G,ZLT M30S,MODEM,ROUMOD1491,MODEM TRADE",20,12558.13953,2026-03-05T06:42:36.000+00:00,20260305
19367,Jade Point Trading,1186254,"TOZED,MIFI,4G,ZLT M30S,MODEM,ROUMOD1491,MODEM TRADE",20,12558.13953,2026-03-05T06:42:36.000+00:00,20260305
19367,Jade Point Trading,1186254,"TOZED,MIFI,4G,ZLT M30S,MODEM,ROUMOD1491,MODEM TRADE",20,12558.13953,2026-03-05T06:42:36.000+00:00,20260305
19367,Jade Point Trading,1186254,"TOZED,MIFI,4G,ZLT M30S,MODEM,ROUMOD1491,MODEM TRADE",20,12558.13953,2026-03-05T06:42:36.000+00:00,20260305
19367,Jade Point Trading,1186254,"TOZED,MIFI,4G,ZLT M30S,MODEM,ROUMOD1491,MODEM TRADE",20,12558.13953,2026-03-05T06:42:36.000+00:00,20260305
19367,Jade Point Trading,1186254,"TOZED,MIFI,4G,ZLT M30S,MODEM,ROUMOD1491,MODEM TRADE",20,12558.13953,2026-03-05T06:42:36.000+00:00,20260305
19367,Jade Point Trading,1186254,"TOZED,MIFI,4G,ZLT M30S,MODEM,ROUMOD1491,MODEM TRADE",20,12558.13953,2026-03-05T06:42:36.000+00:00,20260305
323082,Crystal Vale Communications,1234615,"HUAWEI,ROUWIR4302,ROUWIR4302,4G CAT4 CPE B313-322WITH UPS,WIRELESS,ROUWIR4302,ROUTER TRADE",5,16744.18605,2026-03-05T09:07:59.000+00:00,20260305
323082,Crystal Vale Communications,1234615,"HUAWEI,ROUWIR4302,ROUWIR4302,4G CAT4 CPE B313-322WITH UPS,WIRELESS,ROUWIR4302,ROUTER TRADE",5,16744.18605,2026-03-05T09:07:59.000+00:00,20260305
323082,Crystal Vale Communications,1234615,"HUAWEI,ROUWIR4302,ROUWIR4302,4G CAT4 CPE B313-322WITH UPS,WIRELESS,ROUWIR4302,ROUTER TRADE",5,16744.18605,2026-03-05T09:07:59.000+00:00,20260305
323082,Crystal Vale Communications,1234615,"HUAWEI,ROUWIR4302,ROUWIR4302,4G CAT4 CPE B313-322WITH UPS,WIRELESS,ROUWIR4302,ROUTER TRADE",5,16744.18605,2026-03-05T09:07:59.000+00:00,20260305
323082,Crystal Vale Communications,1234615,"HUAWEI,ROUWIR4302,ROUWIR4302,4G CAT4 CPE B313-322WITH UPS,WIRELESS,ROUWIR4302,ROUTER TRADE",5,16744.18605,2026-03-05T09:07:59.000+00:00,20260305
19471,Harbor Grove Networks,1002552,"VOUCHER ETOPUP, VIRTUAL AIRTIME, NGN15000, ELECTRONIC, VOUCHER ETOPUP",1267,13465.11785,2026-03-05T14:28:07.000+00:00,20260305
19363,Maple Dale Communications,1002552,"VOUCHER ETOPUP, VIRTUAL AIRTIME, NGN15000, ELECTRONIC, VOUCHER ETOPUP",2073,13465.11785,2026-03-05T09:47:34.000+00:00,20260305
19913,Forest Lake Ventures,1002552,"VOUCHER ETOPUP, VIRTUAL AIRTIME, NGN15000, ELECTRONIC, VOUCHER ETOPUP",6000,13465.11785,2026-03-05T07:12:56.000+00:00,20260305
19367,Jade Point Trading,1186254,"TOZED,MIFI,4G,ZLT M30S,MODEM,ROUMOD1491,MODEM TRADE",20,12558.13953,2026-03-05T06:42:36.000+00:00,20260305
19367,Jade Point Trading,1186254,"TOZED,MIFI,4G,ZLT M30S,MODEM,ROUMOD1491,MODEM TRADE",20,12558.13953,2026-03-05T06:42:36.000+00:00,20260305
19367,Jade Point Trading,1186254,"TOZED,MIFI,4G,ZLT M30S,MODEM,ROUMOD1491,MODEM TRADE",20,12558.13953,2026-03-05T06:42:36.000+00:00,20260305
19367,Jade Point Trading,1186254,"TOZED,MIFI,4G,ZLT M30S,MODEM,ROUMOD1491,MODEM TRADE",20,12558.13953,2026-03-05T06:42:36.000+00:00,20260305
19367,Jade Point Trading,1186254,"TOZED,MIFI,4G,ZLT M30S,MODEM,ROUMOD1491,MODEM TRADE",20,12558.13953,2026-03-05T06:42:36.000+00:00,20260305
19367,Jade Point Trading,1186254,"TOZED,MIFI,4G,ZLT M30S,MODEM,ROUMOD1491,MODEM TRADE",20,12558.13953,2026-03-05T06:42:36.000+00:00,20260305
19367,Jade Point Trading,1186254,"TOZED,MIFI,4G,ZLT M30S,MODEM,ROUMOD1491,MODEM TRADE",20,12558.13953,2026-03-05T06:42:36.000+00:00,20260305
19367,Jade Point Trading,1186254,"TOZED,MIFI,4G,ZLT M30S,MODEM,ROUMOD1491,MODEM TRADE",20,12558.13953,2026-03-05T06:42:36.000+00:00,20260305
19367,Jade Point Trading,1186254,"TOZED,MIFI,4G,ZLT M30S,MODEM,ROUMOD1491,MODEM TRADE",20,12558.13953,2026-03-05T06:42:36.000+00:00,20260305
19367,Jade Point Trading,1186254,"TOZED,MIFI,4G,ZLT M30S,MODEM,ROUMOD1491,MODEM TRADE",20,12558.13953,2026-03-05T06:42:36.000+00:00,20260305
19367,Jade Point Trading,1186254,"TOZED,MIFI,4G,ZLT M30S,MODEM,ROUMOD1491,MODEM TRADE",20,12558.13953,2026-03-05T06:42:36.000+00:00,20260305
19367,Jade Point Trading,1186254,"TOZED,MIFI,4G,ZLT M30S,MODEM,ROUMOD1491,MODEM TRADE",20,12558.13953,2026-03-05T06:42:36.000+00:00,20260305
19367,Jade Point Trading,1186254,"TOZED,MIFI,4G,ZLT M30S,MODEM,ROUMOD1491,MODEM TRADE",20,12558.13953,2026-03-05T06:42:36.000+00:00,20260305
358072,Meadow Wave Communications,1234615,"HUAWEI,ROUWIR4302,ROUWIR4302,4G CAT4 CPE B313-322WITH UPS,WIRELESS,ROUWIR4302,ROUTER TRADE",3,16744.18605,2026-03-05T14:57:39.000+00:00,20260305
358072,Meadow Wave Communications,1234615,"HUAWEI,ROUWIR4302,ROUWIR4302,4G CAT4 CPE B313-322WITH UPS,WIRELESS,ROUWIR4302,ROUTER TRADE",3,16744.18605,2026-03-05T14:57:39.000+00:00,20260305
358072,Meadow Wave Communications,1234615,"HUAWEI,ROUWIR4302,ROUWIR4302,4G CAT4 CPE B313-322WITH UPS,WIRELESS,ROUWIR4302,ROUTER TRADE",3,16744.18605,2026-03-05T14:57:39.000+00:00,20260305
19579,Topaz Bridge Trading,1002552,"VOUCHER ETOPUP, VIRTUAL AIRTIME, NGN15000, ELECTRONIC, VOUCHER ETOPUP",50,13465.11785,2026-03-05T11:18:10.000+00:00,20260305
342074,Amber Vale Ventures,1002552,"VOUCHER ETOPUP, VIRTUAL AIRTIME, NGN15000, ELECTRONIC, VOUCHER ETOPUP",5,13465.11785,2026-03-05T10:43:05.000+00:00,20260305
415144,Birch Trail Networks,1283283,"ZTE,ROUMOD4394,ROUMOD4394,5G CPE WITH UPS,MODEM,ROUMOD4394,ROUTER TRADE",2,66976.74419,2026-03-05T10:17:56.000+00:00,20260305
415144,Birch Trail Networks,1283283,"ZTE,ROUMOD4394,ROUMOD4394,5G CPE WITH UPS,MODEM,ROUMOD4394,ROUTER TRADE",2,66976.74419,2026-03-05T10:17:56.000+00:00,20260305
19321,Ember Coast Trading,1002552,"VOUCHER ETOPUP, VIRTUAL AIRTIME, NGN15000, ELECTRONIC, VOUCHER ETOPUP",1380,13465.11785,2026-03-05T18:07:41.000+00:00,20260305
19411,Jade Lake Ventures,1002552,"VOUCHER ETOPUP, VIRTUAL AIRTIME, NGN15000, ELECTRONIC, VOUCHER ETOPUP",6564,13465.11785,2026-03-05T09:23:11.000+00:00,20260305
337088,Sage Wood Trading,1283280,"TOZED,ROUMOD4390,ROUMOD4390,4G CPE WITH UPS,MODEM,ROUMOD4390,ROUTER TRADE",3,16744.18605,2026-03-05T10:08:04.000+00:00,20260305
337088,Sage Wood Trading,1283280,"TOZED,ROUMOD4390,ROUMOD4390,4G CPE WITH UPS,MODEM,ROUMOD4390,ROUTER TRADE",3,16744.18605,2026-03-05T10:08:04.000+00:00,20260305
337088,Sage Wood Trading,1283280,"TOZED,ROUMOD4390,ROUMOD4390,4G CPE WITH UPS,MODEM,ROUMOD4390,ROUTER TRADE",3,16744.18605,2026-03-05T10:08:04.000+00:00,20260305
20044,Teal Ridge Ventures,1002552,"VOUCHER ETOPUP, VIRTUAL AIRTIME, NGN15000, ELECTRONIC, VOUCHER ETOPUP",34542,13465.11785,2026-03-05T19:12:48.000+00:00,20260305
19719,Aspen Gate Ventures,1002552,"VOUCHER ETOPUP, VIRTUAL AIRTIME, NGN15000, ELECTRONIC, VOUCHER ETOPUP",690,13465.11785,2026-03-05T07:12:56.000+00:00,20260305
19407,Sunset Wood Networks,1002552,"VOUCHER ETOPUP, VIRTUAL AIRTIME, NGN15000, ELECTRONIC, VOUCHER ETOPUP",5500,13465.11785,2026-03-05T09:42:40.000+00:00,20260305
385084,Sunset Grove Trading,1283282,"TOZED,ROUMOD4393,ROUMOD4393,5G CPE WITH UPS,MODEM,ROUMOD4393,ROUTER TRADE",1,66976.74419,2026-03-05T12:12:47.000+00:00,20260305
19779,Swift Stone Networks,1283280,"TOZED,ROUMOD4390,ROUMOD4390,4G CPE WITH UPS,MODEM,ROUMOD4390,ROUTER TRADE",20,16744.18605,2026-03-05T11:57:34.000+00:00,20260305
19779,Swift Stone Networks,1283280,"TOZED,ROUMOD4390,ROUMOD4390,4G CPE WITH UPS,MODEM,ROUMOD4390,ROUTER TRADE",20,16744.18605,2026-03-05T11:57:34.000+00:00,20260305
19779,Swift Stone Networks,1283280,"TOZED,ROUMOD4390,ROUMOD4390,4G CPE WITH UPS,MODEM,ROUMOD4390,ROUTER TRADE",20,16744.18605,2026-03-05T11:57:34.000+00:00,20260305
19779,Swift Stone Networks,1283280,"TOZED,ROUMOD4390,ROUMOD4390,4G CPE WITH UPS,MODEM,ROUMOD4390,ROUTER TRADE",20,16744.18605,2026-03-05T11:57:34.000+00:00,20260305
19779,Swift Stone Networks,1283280,"TOZED,ROUMOD4390,ROUMOD4390,4G CPE WITH UPS,MODEM,ROUMOD4390,ROUTER TRADE",20,16744.18605,2026-03-05T11:57:34.000+00:00,20260305
19779,Swift Stone Networks,1283280,"TOZED,ROUMOD4390,ROUMOD4390,4G CPE WITH UPS,MODEM,ROUMOD4390,ROUTER TRADE",20,16744.18605,2026-03-05T11:57:34.000+00:00,20260305
19779,Swift Stone Networks,1283280,"TOZED,ROUMOD4390,ROUMOD4390,4G CPE WITH UPS,MODEM,ROUMOD4390,ROUTER TRADE",20,16744.18605,2026-03-05T11:57:34.000+00:00,20260305
19779,Swift Stone Networks,1283280,"TOZED,ROUMOD4390,ROUMOD4390,4G CPE WITH UPS,MODEM,ROUMOD4390,ROUTER TRADE",20,16744.18605,2026-03-05T11:57:34.000+00:00,20260305
19779,Swift Stone Networks,1283280,"TOZED,ROUMOD4390,ROUMOD4390,4G CPE WITH UPS,MODEM,ROUMOD4390,ROUTER TRADE",20,16744.18605,2026-03-05T11:57:34.000+00:00,20260305
19779,Swift Stone Networks,1283280,"TOZED,ROUMOD4390,ROUMOD4390,4G CPE WITH UPS,MODEM,ROUMOD4390,ROUTER TRADE",20,16744.18605,2026-03-05T11:57:34.000+00:00,20260305
19779,Swift Stone Networks,1283280,"TOZED,ROUMOD4390,ROUMOD4390,4G CPE WITH UPS,MODEM,ROUMOD4390,ROUTER TRADE",20,16744.18605,2026-03-05T11:57:34.000+00:00,20260305
19779,Swift Stone Networks,1283280,"TOZED,ROUMOD4390,ROUMOD4390,4G CPE WITH UPS,MODEM,ROUMOD4390,ROUTER TRADE",20,16744.18605,2026-03-05T11:57:34.000+00:00,20260305
19779,Swift Stone Networks,1283280,"TOZED,ROUMOD4390,ROUMOD4390,4G CPE WITH UPS,MODEM,ROUMOD4390,ROUTER TRADE",20,16744.18605,2026-03-05T11:57:34.000+00:00,20260305
19779,Swift Stone Networks,1283280,"TOZED,ROUMOD4390,ROUMOD4390,4G CPE WITH UPS,MODEM,ROUMOD4390,ROUTER TRADE",20,16744.18605,2026-03-05T11:57:34.000+00:00,20260305
19779,Swift Stone Networks,1283280,"TOZED,ROUMOD4390,ROUMOD4390,4G CPE WITH UPS,MODEM,ROUMOD4390,ROUTER TRADE",20,16744.18605,2026-03-05T11:57:34.000+00:00,20260305
19779,Swift Stone Networks,1283280,"TOZED,ROUMOD4390,ROUMOD4390,4G CPE WITH UPS,MODEM,ROUMOD4390,ROUTER TRADE",20,16744.18605,2026-03-05T11:57:34.000+00:00,20260305
19779,Swift Stone Networks,1283280,"TOZED,ROUMOD4390,ROUMOD4390,4G CPE WITH UPS,MODEM,ROUMOD4390,ROUTER TRADE",20,16744.18605,2026-03-05T11:57:34.000+00:00,20260305
19779,Swift Stone Networks,1283280,"TOZED,ROUMOD4390,ROUMOD4390,4G CPE WITH UPS,MODEM,ROUMOD4390,ROUTER TRADE",20,16744.18605,2026-03-05T11:57:34.000+00:00,20260305
19779,Swift Stone Networks,1283280,"TOZED,ROUMOD4390,ROUMOD4390,4G CPE WITH UPS,MODEM,ROUMOD4390,ROUTER TRADE",20,16744.18605,2026-03-05T11:57:34.000+00:00,20260305
19779,Swift Stone Networks,1283280,"TOZED,ROUMOD4390,ROUMOD4390,4G CPE WITH UPS,MODEM,ROUMOD4390,ROUTER TRADE",20,16744.18605,2026-03-05T11:57:34.000+00:00,20260305
19894,Pine Coast Ventures,1002552,"VOUCHER ETOPUP, VIRTUAL AIRTIME, NGN15000, ELECTRONIC, VOUCHER ETOPUP",2000,13465.11785,2026-03-05T20:32:52.000+00:00,20260305
373071,Meadow Hill Ventures,1283280,"TOZED,ROUMOD4390,ROUMOD4390,4G CPE WITH UPS,MODEM,ROUMOD4390,ROUTER TRADE",5,16744.18605,2026-03-05T12:07:44.000+00:00,20260305
373071,Meadow Hill Ventures,1283280,"TOZED,ROUMOD4390,ROUMOD4390,4G CPE WITH UPS,MODEM,ROUMOD4390,ROUTER TRADE",5,16744.18605,2026-03-05T12:07:44.000+00:00,20260305
373071,Meadow Hill Ventures,1283280,"TOZED,ROUMOD4390,ROUMOD4390,4G CPE WITH UPS,MODEM,ROUMOD4390,ROUTER TRADE",5,16744.18605,2026-03-05T12:07:44.000+00:00,20260305
373071,Meadow Hill Ventures,1283280,"TOZED,ROUMOD4390,ROUMOD4390,4G CPE WITH UPS,MODEM,ROUMOD4390,ROUTER TRADE",5,16744.18605,2026-03-05T12:07:44.000+00:00,20260305
373071,Meadow Hill Ventures,1283280,"TOZED,ROUMOD4390,ROUMOD4390,4G CPE WITH UPS,MODEM,ROUMOD4390,ROUTER TRADE",5,16744.18605,2026-03-05T12:07:44.000+00:00,20260305
21285,Aspen Sky Trading,1002552,"VOUCHER ETOPUP, VIRTUAL AIRTIME, NGN15000, ELECTRONIC, VOUCHER ETOPUP",1747,13465.11785,2026-03-05T11:42:37.000+00:00,20260305
126032,Rowan Hill Trading,1002552,"VOUCHER ETOPUP, VIRTUAL AIRTIME, NGN15000, ELECTRONIC, VOUCHER ETOPUP",208,13465.11785,2026-03-05T14:32:47.000+00:00,20260305
303070,Willow Crown Communications,1002552,"VOUCHER ETOPUP, VIRTUAL AIRTIME, NGN15000, ELECTRONIC, VOUCHER ETOPUP",7,13465.11785,2026-03-05T09:03:03.000+00:00,20260305
19695,Jade Park Ventures,1002552,"VOUCHER ETOPUP, VIRTUAL AIRTIME, NGN15000, ELECTRONIC, VOUCHER ETOPUP",1500,13465.11785,2026-03-05T08:42:39.000+00:00,20260305
19792,Sunset Port Ventures,1002552,"VOUCHER ETOPUP, VIRTUAL AIRTIME, NGN15000, ELECTRONIC, VOUCHER ETOPUP",2072,13465.11785,2026-03-05T07:23:02.000+00:00,20260305
19323,Ember Coast Trading,1002552,"VOUCHER ETOPUP, VIRTUAL AIRTIME, NGN15000, ELECTRONIC, VOUCHER ETOPUP",1333,13465.11785,2026-03-05T10:08:05.000+00:00,20260305
19407,Sunset Wood Networks,1002552,"VOUCHER ETOPUP, VIRTUAL AIRTIME, NGN15000, ELECTRONIC, VOUCHER ETOPUP",4149,13465.11785,2026-03-05T14:37:46.000+00:00,20260305
19422,Amber Lake Trading,1002552,"VOUCHER ETOPUP, VIRTUAL AIRTIME, NGN15000, ELECTRONIC, VOUCHER ETOPUP",3000,13465.11785,2026-03-05T09:07:59.000+00:00,20260305
97095,Quartz Delta Ventures,1283280,"TOZED,ROUMOD4390,ROUMOD4390,4G CPE WITH UPS,MODEM,ROUMOD4390,ROUTER TRADE",100,16744.18605,2026-03-05T07:27:47.000+00:00,20260305
97095,Quartz Delta Ventures,1283280,"TOZED,ROUMOD4390,ROUMOD4390,4G CPE WITH UPS,MODEM,ROUMOD4390,ROUTER TRADE",100,16744.18605,2026-03-05T07:27:47.000+00:00,20260305
97095,Quartz Delta Ventures,1283280,"TOZED,ROUMOD4390,ROUMOD4390,4G CPE WITH UPS,MODEM,ROUMOD4390,ROUTER TRADE",100,16744.18605,2026-03-05T07:27:47.000+00:00,20260305
97095,Quartz Delta Ventures,1283280,"TOZED,ROUMOD4390,ROUMOD4390,4G CPE WITH UPS,MODEM,ROUMOD4390,ROUTER TRADE",100,16744.18605,2026-03-05T07:27:47.000+00:00,20260305
97095,Quartz Delta Ventures,1283280,"TOZED,ROUMOD4390,ROUMOD4390,4G CPE WITH UPS,MODEM,ROUMOD4390,ROUTER TRADE",100,16744.18605,2026-03-05T07:27:47.000+00:00,20260305
97095,Quartz Delta Ventures,1283280,"TOZED,ROUMOD4390,ROUMOD4390,4G CPE WITH UPS,MODEM,ROUMOD4390,ROUTER TRADE",100,16744.18605,2026-03-05T07:27:47.000+00:00,20260305
97095,Quartz Delta Ventures,1283280,"TOZED,ROUMOD4390,ROUMOD4390,4G CPE WITH UPS,MODEM,ROUMOD4390,ROUTER TRADE",100,16744.18605,2026-03-05T07:27:47.000+00:00,20260305
97095,Quartz Delta Ventures,1283280,"TOZED,ROUMOD4390,ROUMOD4390,4G CPE WITH UPS,MODEM,ROUMOD4390,ROUTER TRADE",100,16744.18605,2026-03-05T07:27:47.000+00:00,20260305
97095,Quartz Delta Ventures,1283280,"TOZED,ROUMOD4390,ROUMOD4390,4G CPE WITH UPS,MODEM,ROUMOD4390,ROUTER TRADE",100,16744.18605,2026-03-05T07:27:47.000+00:00,20260305
97095,Quartz Delta Ventures,1283280,"TOZED,ROUMOD4390,ROUMOD4390,4G CPE WITH UPS,MODEM,ROUMOD4390,ROUTER TRADE",100,16744.18605,2026-03-05T07:27:47.000+00:00,20260305
97095,Quartz Delta Ventures,1283280,"TOZED,ROUMOD4390,ROUMOD4390,4G CPE WITH UPS,MODEM,ROUMOD4390,ROUTER TRADE",100,16744.18605,2026-03-05T07:27:47.000+00:00,20260305
97095,Quartz Delta Ventures,1283280,"TOZED,ROUMOD4390,ROUMOD4390,4G CPE WITH UPS,MODEM,ROUMOD4390,ROUTER TRADE",100,16744.18605,2026-03-05T07:27:47.000+00:00,20260305
97095,Quartz Delta Ventures,1283280,"TOZED,ROUMOD4390,ROUMOD4390,4G CPE WITH UPS,MODEM,ROUMOD4390,ROUTER TRADE",100,16744.18605,2026-03-05T07:27:47.000+00:00,20260305
97095,Quartz Delta Ventures,1283280,"TOZED,ROUMOD4390,ROUMOD4390,4G CPE WITH UPS,MODEM,ROUMOD4390,ROUTER TRADE",100,16744.18605,2026-03-05T07:27:47.000+00:00,20260305
97095,Quartz Delta Ventures,1283280,"TOZED,ROUMOD4390,ROUMOD4390,4G CPE WITH UPS,MODEM,ROUMOD4390,ROUTER TRADE",100,16744.18605,2026-03-05T07:27:47.000+00:00,20260305
97095,Quartz Delta Ventures,1283280,"TOZED,ROUMOD4390,ROUMOD4390,4G CPE WITH UPS,MODEM,ROUMOD4390,ROUTER TRADE",100,16744.18605,2026-03-05T07:27:47.000+00:00,20260305
97095,Quartz Delta Ventures,1283280,"TOZED,ROUMOD4390,ROUMOD4390,4G CPE WITH UPS,MODEM,ROUMOD4390,ROUTER TRADE",100,16744.18605,2026-03-05T07:27:47.000+00:00,20260305
97095,Quartz Delta Ventures,1283280,"TOZED,ROUMOD4390,ROUMOD4390,4G CPE WITH UPS,MODEM,ROUMOD4390,ROUTER TRADE",100,16744.18605,2026-03-05T07:27:47.000+00:00,20260305
97095,Quartz Delta Ventures,1283280,"TOZED,ROUMOD4390,ROUMOD4390,4G CPE WITH UPS,MODEM,ROUMOD4390,ROUTER TRADE",100,16744.18605,2026-03-05T07:27:47.000+00:00,20260305
97095,Quartz Delta Ventures,1283280,"TOZED,ROUMOD4390,ROUMOD4390,4G CPE WITH UPS,MODEM,ROUMOD4390,ROUTER TRADE",100,16744.18605,2026-03-05T07:27:47.000+00:00,20260305
97095,Quartz Delta Ventures,1283280,"TOZED,ROUMOD4390,ROUMOD4390,4G CPE WITH UPS,MODEM,ROUMOD4390,ROUTER TRADE",100,16744.18605,2026-03-05T07:27:47.000+00:00,20260305
97095,Quartz Delta Ventures,1283280,"TOZED,ROUMOD4390,ROUMOD4390,4G CPE WITH UPS,MODEM,ROUMOD4390,ROUTER TRADE",100,16744.18605,2026-03-05T07:27:47.000+00:00,20260305
97095,Quartz Delta Ventures,1283280,"TOZED,ROUMOD4390,ROUMOD4390,4G CPE WITH UPS,MODEM,ROUMOD4390,ROUTER TRADE",100,16744.18605,2026-03-05T07:27:47.000+00:00,20260305
97095,Quartz Delta Ventures,1283280,"TOZED,ROUMOD4390,ROUMOD4390,4G CPE WITH UPS,MODEM,ROUMOD4390,ROUTER TRADE",100,16744.18605,2026-03-05T07:27:47.000+00:00,20260305
97095,Quartz Delta Ventures,1283280,"TOZED,ROUMOD4390,ROUMOD4390,4G CPE WITH UPS,MODEM,ROUMOD4390,ROUTER TRADE",100,16744.18605,2026-03-05T07:27:47.000+00:00,20260305
97095,Quartz Delta Ventures,1283280,"TOZED,ROUMOD4390,ROUMOD4390,4G CPE WITH UPS,MODEM,ROUMOD4390,ROUTER TRADE",100,16744.18605,2026-03-05T07:27:47.000+00:00,20260305
97095,Quartz Delta Ventures,1283280,"TOZED,ROUMOD4390,ROUMOD4390,4G CPE WITH UPS,MODEM,ROUMOD4390,ROUTER TRADE",100,16744.18605,2026-03-05T07:27:47.000+00:00,20260305
97095,Quartz Delta Ventures,1283280,"TOZED,ROUMOD4390,ROUMOD4390,4G CPE WITH UPS,MODEM,ROUMOD4390,ROUTER TRADE",100,16744.18605,2026-03-05T07:27:47.000+00:00,20260305
97095,Quartz Delta Ventures,1283280,"TOZED,ROUMOD4390,ROUMOD4390,4G CPE WITH UPS,MODEM,ROUMOD4390,ROUTER TRADE",100,16744.18605,2026-03-05T07:27:47.000+00:00,20260305
97095,Quartz Delta Ventures,1283280,"TOZED,ROUMOD4390,ROUMOD4390,4G CPE WITH UPS,MODEM,ROUMOD4390,ROUTER TRADE",100,16744.18605,2026-03-05T07:27:47.000+00:00,20260305
97095,Quartz Delta Ventures,1283280,"TOZED,ROUMOD4390,ROUMOD4390,4G CPE WITH UPS,MODEM,ROUMOD4390,ROUTER TRADE",100,16744.18605,2026-03-05T07:27:47.000+00:00,20260305
19554,Ruby Reach Ventures,1283281,"ZTE,ROUMOD4391,ROUMOD4391,4G CPE WITH UPS,MODEM,ROUMOD4391,ROUTER TRADE",150,16744.18605,2026-03-05T10:58:05.000+00:00,20260305
19554,Ruby Reach Ventures,1283281,"ZTE,ROUMOD4391,ROUMOD4391,4G CPE WITH UPS,MODEM,ROUMOD4391,ROUTER TRADE",150,16744.18605,2026-03-05T10:58:05.000+00:00,20260305
19554,Ruby Reach Ventures,1283281,"ZTE,ROUMOD4391,ROUMOD4391,4G CPE WITH UPS,MODEM,ROUMOD4391,ROUTER TRADE",150,16744.18605,2026-03-05T10:58:05.000+00:00,20260305
19554,Ruby Reach Ventures,1283281,"ZTE,ROUMOD4391,ROUMOD4391,4G CPE WITH UPS,MODEM,ROUMOD4391,ROUTER TRADE",150,16744.18605,2026-03-05T10:58:05.000+00:00,20260305
19554,Ruby Reach Ventures,1283281,"ZTE,ROUMOD4391,ROUMOD4391,4G CPE WITH UPS,MODEM,ROUMOD4391,ROUTER TRADE",150,16744.18605,2026-03-05T10:58:05.000+00:00,20260305
19554,Ruby Reach Ventures,1283281,"ZTE,ROUMOD4391,ROUMOD4391,4G CPE WITH UPS,MODEM,ROUMOD4391,ROUTER TRADE",150,16744.18605,2026-03-05T10:58:05.000+00:00,20260305
19554,Ruby Reach Ventures,1283281,"ZTE,ROUMOD4391,ROUMOD4391,4G CPE WITH UPS,MODEM,ROUMOD4391,ROUTER TRADE",150,16744.18605,2026-03-05T10:58:05.000+00:00,20260305
19554,Ruby Reach Ventures,1283281,"ZTE,ROUMOD4391,ROUMOD4391,4G CPE WITH UPS,MODEM,ROUMOD4391,ROUTER TRADE",150,16744.18605,2026-03-05T10:58:05.000+00:00,20260305
19554,Ruby Reach Ventures,1283281,"ZTE,ROUMOD4391,ROUMOD4391,4G CPE WITH UPS,MODEM,ROUMOD4391,ROUTER TRADE",150,16744.18605,2026-03-05T10:58:05.000+00:00,20260305
19554,Ruby Reach Ventures,1283281,"ZTE,ROUMOD4391,ROUMOD4391,4G CPE WITH UPS,MODEM,ROUMOD4391,ROUTER TRADE",150,16744.18605,2026-03-05T10:58:05.000+00:00,20260305
19554,Ruby Reach Ventures,1283281,"ZTE,ROUMOD4391,ROUMOD4391,4G CPE WITH UPS,MODEM,ROUMOD4391,ROUTER TRADE",150,16744.18605,2026-03-05T10:58:05.000+00:00,20260305
19554,Ruby Reach Ventures,1283281,"ZTE,ROUMOD4391,ROUMOD4391,4G CPE WITH UPS,MODEM,ROUMOD4391,ROUTER TRADE",150,16744.18605,2026-03-05T10:58:05.000+00:00,20260305
19554,Ruby Reach Ventures,1283281,"ZTE,ROUMOD4391,ROUMOD4391,4G CPE WITH UPS,MODEM,ROUMOD4391,ROUTER TRADE",150,16744.18605,2026-03-05T10:58:05.000+00:00,20260305
19554,Ruby Reach Ventures,1283281,"ZTE,ROUMOD4391,ROUMOD4391,4G CPE WITH UPS,MODEM,ROUMOD4391,ROUTER TRADE",150,16744.18605,2026-03-05T10:58:05.000+00:00,20260305
19554,Ruby Reach Ventures,1283281,"ZTE,ROUMOD4391,ROUMOD4391,4G CPE WITH UPS,MODEM,ROUMOD4391,ROUTER TRADE",150,16744.18605,2026-03-05T10:58:05.000+00:00,20260305
19554,Ruby Reach Ventures,1283281,"ZTE,ROUMOD4391,ROUMOD4391,4G CPE WITH UPS,MODEM,ROUMOD4391,ROUTER TRADE",150,16744.18605,2026-03-05T10:58:05.000+00:00,20260305
19554,Ruby Reach Ventures,1283281,"ZTE,ROUMOD4391,ROUMOD4391,4G CPE WITH UPS,MODEM,ROUMOD4391,ROUTER TRADE",150,16744.18605,2026-03-05T10:58:05.000+00:00,20260305
19554,Ruby Reach Ventures,1283281,"ZTE,ROUMOD4391,ROUMOD4391,4G CPE WITH UPS,MODEM,ROUMOD4391,ROUTER TRADE",150,16744.18605,2026-03-05T10:58:05.000+00:00,20260305
19554,Ruby Reach Ventures,1283281,"ZTE,ROUMOD4391,ROUMOD4391,4G CPE WITH UPS,MODEM,ROUMOD4391,ROUTER TRADE",150,16744.18605,2026-03-05T10:58:05.000+00:00,20260305
19554,Ruby Reach Ventures,1283281,"ZTE,ROUMOD4391,ROUMOD4391,4G CPE WITH UPS,MODEM,ROUMOD4391,ROUTER TRADE",150,16744.18605,2026-03-05T10:58:05.000+00:00,20260305
19554,Ruby Reach Ventures,1283281,"ZTE,ROUMOD4391,ROUMOD4391,4G CPE WITH UPS,MODEM,ROUMOD4391,ROUTER TRADE",150,16744.18605,2026-03-05T10:58:05.000+00:00,20260305
19554,Ruby Reach Ventures,1283281,"ZTE,ROUMOD4391,ROUMOD4391,4G CPE WITH UPS,MODEM,ROUMOD4391,ROUTER TRADE",150,16744.18605,2026-03-05T10:58:05.000+00:00,20260305
19554,Ruby Reach Ventures,1283281,"ZTE,ROUMOD4391,ROUMOD4391,4G CPE WITH UPS,MODEM,ROUMOD4391,ROUTER TRADE",150,16744.18605,2026-03-05T10:58:05.000+00:00,20260305
19554,Ruby Reach Ventures,1283281,"ZTE,ROUMOD4391,ROUMOD4391,4G CPE WITH UPS,MODEM,ROUMOD4391,ROUTER TRADE",150,16744.18605,2026-03-05T10:58:05.000+00:00,20260305
19554,Ruby Reach Ventures,1283281,"ZTE,ROUMOD4391,ROUMOD4391,4G CPE WITH UPS,MODEM,ROUMOD4391,ROUTER TRADE",150,16744.18605,2026-03-05T10:58:05.000+00:00,20260305
19554,Ruby Reach Ventures,1283281,"ZTE,ROUMOD4391,ROUMOD4391,4G CPE WITH UPS,MODEM,ROUMOD4391,ROUTER TRADE",150,16744.18605,2026-03-05T10:58:05.000+00:00,20260305
19554,Ruby Reach Ventures,1283281,"ZTE,ROUMOD4391,ROUMOD4391,4G CPE WITH UPS,MODEM,ROUMOD4391,ROUTER TRADE",150,16744.18605,2026-03-05T10:58:05.000+00:00,20260305
19554,Ruby Reach Ventures,1283281,"ZTE,ROUMOD4391,ROUMOD4391,4G CPE WITH UPS,MODEM,ROUMOD4391,ROUTER TRADE",150,16744.18605,2026-03-05T10:58:05.000+00:00,20260305
19554,Ruby Reach Ventures,1283281,"ZTE,ROUMOD4391,ROUMOD4391,4G CPE WITH UPS,MODEM,ROUMOD4391,ROUTER TRADE",150,16744.18605,2026-03-05T10:58:05.000+00:00,20260305
19554,Ruby Reach Ventures,1283281,"ZTE,ROUMOD4391,ROUMOD4391,4G CPE WITH UPS,MODEM,ROUMOD4391,ROUTER TRADE",150,16744.18605,2026-03-05T10:58:05.000+00:00,20260305
19554,Ruby Reach Ventures,1283281,"ZTE,ROUMOD4391,ROUMOD4391,4G CPE WITH UPS,MODEM,ROUMOD4391,ROUTER TRADE",150,16744.18605,2026-03-05T10:58:05.000+00:00,20260305
19554,Ruby Reach Ventures,1283281,"ZTE,ROUMOD4391,ROUMOD4391,4G CPE WITH UPS,MODEM,ROUMOD4391,ROUTER TRADE",150,16744.18605,2026-03-05T10:58:05.000+00:00,20260305
19554,Ruby Reach Ventures,1283281,"ZTE,ROUMOD4391,ROUMOD4391,4G CPE WITH UPS,MODEM,ROUMOD4391,ROUTER TRADE",150,16744.18605,2026-03-05T10:58:05.000+00:00,20260305
19554,Ruby Reach Ventures,1283281,"ZTE,ROUMOD4391,ROUMOD4391,4G CPE WITH UPS,MODEM,ROUMOD4391,ROUTER TRADE",150,16744.18605,2026-03-05T10:58:05.000+00:00,20260305
19554,Ruby Reach Ventures,1283281,"ZTE,ROUMOD4391,ROUMOD4391,4G CPE WITH UPS,MODEM,ROUMOD4391,ROUTER TRADE",150,16744.18605,2026-03-05T10:58:05.000+00:00,20260305
19554,Ruby Reach Ventures,1283281,"ZTE,ROUMOD4391,ROUMOD4391,4G CPE WITH UPS,MODEM,ROUMOD4391,ROUTER TRADE",150,16744.18605,2026-03-05T10:58:05.000+00:00,20260305
19554,Ruby Reach Ventures,1283281,"ZTE,ROUMOD4391,ROUMOD4391,4G CPE WITH UPS,MODEM,ROUMOD4391,ROUTER TRADE",150,16744.18605,2026-03-05T10:58:05.000+00:00,20260305
19554,Ruby Reach Ventures,1283281,"ZTE,ROUMOD4391,ROUMOD4391,4G CPE WITH UPS,MODEM,ROUMOD4391,ROUTER TRADE",150,16744.18605,2026-03-05T10:58:05.000+00:00,20260305
19554,Ruby Reach Ventures,1283281,"ZTE,ROUMOD4391,ROUMOD4391,4G CPE WITH UPS,MODEM,ROUMOD4391,ROUTER TRADE",150,16744.18605,2026-03-05T10:58:05.000+00:00,20260305
19554,Ruby Reach Ventures,1283281,"ZTE,ROUMOD4391,ROUMOD4391,4G CPE WITH UPS,MODEM,ROUMOD4391,ROUTER TRADE",150,16744.18605,2026-03-05T10:58:05.000+00:00,20260305
19941,Olive Point Ventures,1002552,"VOUCHER ETOPUP, VIRTUAL AIRTIME, NGN15000, ELECTRONIC, VOUCHER ETOPUP",1278,13465.11785,2026-03-05T14:28:07.000+00:00,20260305
19719,Aspen Gate Ventures,1002552,"VOUCHER ETOPUP, VIRTUAL AIRTIME, NGN15000, ELECTRONIC, VOUCHER ETOPUP",690,13465.11785,2026-03-05T07:12:56.000+00:00,20260305
368079,Linden Light Ventures,1283280,"TOZED,ROUMOD4390,ROUMOD4390,4G CPE WITH UPS,MODEM,ROUMOD4390,ROUTER TRADE",3,16744.18605,2026-03-05T14:28:07.000+00:00,20260305
368079,Linden Light Ventures,1283280,"TOZED,ROUMOD4390,ROUMOD4390,4G CPE WITH UPS,MODEM,ROUMOD4390,ROUTER TRADE",3,16744.18605,2026-03-05T14:28:07.000+00:00,20260305
368079,Linden Light Ventures,1283280,"TOZED,ROUMOD4390,ROUMOD4390,4G CPE WITH UPS,MODEM,ROUMOD4390,ROUTER TRADE",3,16744.18605,2026-03-05T14:28:07.000+00:00,20260305
365078,Oak Dale Ventures,1283282,"TOZED,ROUMOD4393,ROUMOD4393,5G CPE WITH UPS,MODEM,ROUMOD4393,ROUTER TRADE",1,66976.74419,2026-03-05T12:17:30.000+00:00,20260305
19803,Harbor Shore Ventures,1002552,"VOUCHER ETOPUP, VIRTUAL AIRTIME, NGN15000, ELECTRONIC, VOUCHER ETOPUP",3108,13465.11785,2026-03-05T09:47:34.000+00:00,20260305
19475,Fern Coast Trading,1002552,"VOUCHER ETOPUP, VIRTUAL AIRTIME, NGN15000, ELECTRONIC, VOUCHER ETOPUP",7000,13465.11785,2026-03-05T09:32:43.000+00:00,20260305
19693,Maple Meadow Trading,1002552,"VOUCHER ETOPUP, VIRTUAL AIRTIME, NGN15000, ELECTRONIC, VOUCHER ETOPUP",3455,13465.11785,2026-03-05T11:03:10.000+00:00,20260305
19660,Coral Haven Networks,1002552,"VOUCHER ETOPUP, VIRTUAL AIRTIME, NGN15000, ELECTRONIC, VOUCHER ETOPUP",3166,13465.11785,2026-03-05T14:18:03.000+00:00,20260305
97095,Quartz Delta Ventures,1283280,"TOZED,ROUMOD4390,ROUMOD4390,4G CPE WITH UPS,MODEM,ROUMOD4390,ROUTER TRADE",100,16744.18605,2026-03-05T07:27:47.000+00:00,20260305
97095,Quartz Delta Ventures,1283280,"TOZED,ROUMOD4390,ROUMOD4390,4G CPE WITH UPS,MODEM,ROUMOD4390,ROUTER TRADE",100,16744.18605,2026-03-05T07:27:47.000+00:00,20260305
97095,Quartz Delta Ventures,1283280,"TOZED,ROUMOD4390,ROUMOD4390,4G CPE WITH UPS,MODEM,ROUMOD4390,ROUTER TRADE",100,16744.18605,2026-03-05T07:27:47.000+00:00,20260305
97095,Quartz Delta Ventures,1283280,"TOZED,ROUMOD4390,ROUMOD4390,4G CPE WITH UPS,MODEM,ROUMOD4390,ROUTER TRADE",100,16744.18605,2026-03-05T07:27:47.000+00:00,20260305
97095,Quartz Delta Ventures,1283280,"TOZED,ROUMOD4390,ROUMOD4390,4G CPE WITH UPS,MODEM,ROUMOD4390,ROUTER TRADE",100,16744.18605,2026-03-05T07:27:47.000+00:00,20260305
97095,Quartz Delta Ventures,1283280,"TOZED,ROUMOD4390,ROUMOD4390,4G CPE WITH UPS,MODEM,ROUMOD4390,ROUTER TRADE",100,16744.18605,2026-03-05T07:27:47.000+00:00,20260305
97095,Quartz Delta Ventures,1283280,"TOZED,ROUMOD4390,ROUMOD4390,4G CPE WITH UPS,MODEM,ROUMOD4390,ROUTER TRADE",100,16744.18605,2026-03-05T07:27:47.000+00:00,20260305
97095,Quartz Delta Ventures,1283280,"TOZED,ROUMOD4390,ROUMOD4390,4G CPE WITH UPS,MODEM,ROUMOD4390,ROUTER TRADE",100,16744.18605,2026-03-05T07:27:47.000+00:00,20260305
97095,Quartz Delta Ventures,1283280,"TOZED,ROUMOD4390,ROUMOD4390,4G CPE WITH UPS,MODEM,ROUMOD4390,ROUTER TRADE",100,16744.18605,2026-03-05T07:27:47.000+00:00,20260305
97095,Quartz Delta Ventures,1283280,"TOZED,ROUMOD4390,ROUMOD4390,4G CPE WITH UPS,MODEM,ROUMOD4390,ROUTER TRADE",100,16744.18605,2026-03-05T07:27:47.000+00:00,20260305
97095,Quartz Delta Ventures,1283280,"TOZED,ROUMOD4390,ROUMOD4390,4G CPE WITH UPS,MODEM,ROUMOD4390,ROUTER TRADE",100,16744.18605,2026-03-05T07:27:47.000+00:00,20260305
97095,Quartz Delta Ventures,1283280,"TOZED,ROUMOD4390,ROUMOD4390,4G CPE WITH UPS,MODEM,ROUMOD4390,ROUTER TRADE",100,16744.18605,2026-03-05T07:27:47.000+00:00,20260305
97095,Quartz Delta Ventures,1283280,"TOZED,ROUMOD4390,ROUMOD4390,4G CPE WITH UPS,MODEM,ROUMOD4390,ROUTER TRADE",100,16744.18605,2026-03-05T07:27:47.000+00:00,20260305
97095,Quartz Delta Ventures,1283280,"TOZED,ROUMOD4390,ROUMOD4390,4G CPE WITH UPS,MODEM,ROUMOD4390,ROUTER TRADE",100,16744.18605,2026-03-05T07:27:47.000+00:00,20260305
97095,Quartz Delta Ventures,1283280,"TOZED,ROUMOD4390,ROUMOD4390,4G CPE WITH UPS,MODEM,ROUMOD4390,ROUTER TRADE",100,16744.18605,2026-03-05T07:27:47.000+00:00,20260305
97095,Quartz Delta Ventures,1283280,"TOZED,ROUMOD4390,ROUMOD4390,4G CPE WITH UPS,MODEM,ROUMOD4390,ROUTER TRADE",100,16744.18605,2026-03-05T07:27:47.000+00:00,20260305
97095,Quartz Delta Ventures,1283280,"TOZED,ROUMOD4390,ROUMOD4390,4G CPE WITH UPS,MODEM,ROUMOD4390,ROUTER TRADE",100,16744.18605,2026-03-05T07:27:47.000+00:00,20260305
97095,Quartz Delta Ventures,1283280,"TOZED,ROUMOD4390,ROUMOD4390,4G CPE WITH UPS,MODEM,ROUMOD4390,ROUTER TRADE",100,16744.18605,2026-03-05T07:27:47.000+00:00,20260305
97095,Quartz Delta Ventures,1283280,"TOZED,ROUMOD4390,ROUMOD4390,4G CPE WITH UPS,MODEM,ROUMOD4390,ROUTER TRADE",100,16744.18605,2026-03-05T07:27:47.000+00:00,20260305
97095,Quartz Delta Ventures,1283280,"TOZED,ROUMOD4390,ROUMOD4390,4G CPE WITH UPS,MODEM,ROUMOD4390,ROUTER TRADE",100,16744.18605,2026-03-05T07:27:47.000+00:00,20260305
97095,Quartz Delta Ventures,1283280,"TOZED,ROUMOD4390,ROUMOD4390,4G CPE WITH UPS,MODEM,ROUMOD4390,ROUTER TRADE",100,16744.18605,2026-03-05T07:27:47.000+00:00,20260305
97095,Quartz Delta Ventures,1283280,"TOZED,ROUMOD4390,ROUMOD4390,4G CPE WITH UPS,MODEM,ROUMOD4390,ROUTER TRADE",100,16744.18605,2026-03-05T07:27:47.000+00:00,20260305
19685,Ivory Stone Communications,1002552,"VOUCHER ETOPUP, VIRTUAL AIRTIME, NGN15000, ELECTRONIC, VOUCHER ETOPUP",700,13465.11785,2026-03-05T08:37:39.000+00:00,20260305
19870,Meadow Horizon Trading,1002552,"VOUCHER ETOPUP, VIRTUAL AIRTIME, NGN15000, ELECTRONIC, VOUCHER ETOPUP",667,13465.11785,2026-03-05T12:07:44.000+00:00,20260305
19964,River Star Communications,1002552,"VOUCHER ETOPUP, VIRTUAL AIRTIME, NGN15000, ELECTRONIC, VOUCHER ETOPUP",66344,13465.11785,2026-03-05T06:52:31.000+00:00,20260305
19776,Cedar Grove Trading,1002552,"VOUCHER ETOPUP, VIRTUAL AIRTIME, NGN15000, ELECTRONIC, VOUCHER ETOPUP",670,13465.11785,2026-03-05T20:37:49.000+00:00,20260305
19590,Spruce Brook Trading,1002552,"VOUCHER ETOPUP, VIRTUAL AIRTIME, NGN15000, ELECTRONIC, VOUCHER ETOPUP",70,13465.11785,2026-03-05T12:12:46.000+00:00,20260305
19554,Ruby Reach Ventures,1283281,"ZTE,ROUMOD4391,ROUMOD4391,4G CPE WITH UPS,MODEM,ROUMOD4391,ROUTER TRADE",150,16744.18605,2026-03-05T10:58:05.000+00:00,20260305
19554,Ruby Reach Ventures,1283281,"ZTE,ROUMOD4391,ROUMOD4391,4G CPE WITH UPS,MODEM,ROUMOD4391,ROUTER TRADE",150,16744.18605,2026-03-05T10:58:05.000+00:00,20260305
19554,Ruby Reach Ventures,1283281,"ZTE,ROUMOD4391,ROUMOD4391,4G CPE WITH UPS,MODEM,ROUMOD4391,ROUTER TRADE",150,16744.18605,2026-03-05T10:58:05.000+00:00,20260305
19554,Ruby Reach Ventures,1283281,"ZTE,ROUMOD4391,ROUMOD4391,4G CPE WITH UPS,MODEM,ROUMOD4391,ROUTER TRADE",150,16744.18605,2026-03-05T10:58:05.000+00:00,20260305
19554,Ruby Reach Ventures,1283281,"ZTE,ROUMOD4391,ROUMOD4391,4G CPE WITH UPS,MODEM,ROUMOD4391,ROUTER TRADE",150,16744.18605,2026-03-05T10:58:05.000+00:00,20260305
19554,Ruby Reach Ventures,1283281,"ZTE,ROUMOD4391,ROUMOD4391,4G CPE WITH UPS,MODEM,ROUMOD4391,ROUTER TRADE",150,16744.18605,2026-03-05T10:58:05.000+00:00,20260305
19554,Ruby Reach Ventures,1283281,"ZTE,ROUMOD4391,ROUMOD4391,4G CPE WITH UPS,MODEM,ROUMOD4391,ROUTER TRADE",150,16744.18605,2026-03-05T10:58:05.000+00:00,20260305
19554,Ruby Reach Ventures,1283281,"ZTE,ROUMOD4391,ROUMOD4391,4G CPE WITH UPS,MODEM,ROUMOD4391,ROUTER TRADE",150,16744.18605,2026-03-05T10:58:05.000+00:00,20260305
19554,Ruby Reach Ventures,1283281,"ZTE,ROUMOD4391,ROUMOD4391,4G CPE WITH UPS,MODEM,ROUMOD4391,ROUTER TRADE",150,16744.18605,2026-03-05T10:58:05.000+00:00,20260305
19554,Ruby Reach Ventures,1283281,"ZTE,ROUMOD4391,ROUMOD4391,4G CPE WITH UPS,MODEM,ROUMOD4391,ROUTER TRADE",150,16744.18605,2026-03-05T10:58:05.000+00:00,20260305
19554,Ruby Reach Ventures,1283281,"ZTE,ROUMOD4391,ROUMOD4391,4G CPE WITH UPS,MODEM,ROUMOD4391,ROUTER TRADE",150,16744.18605,2026-03-05T10:58:05.000+00:00,20260305
19554,Ruby Reach Ventures,1283281,"ZTE,ROUMOD4391,ROUMOD4391,4G CPE WITH UPS,MODEM,ROUMOD4391,ROUTER TRADE",150,16744.18605,2026-03-05T10:58:05.000+00:00,20260305
19554,Ruby Reach Ventures,1283281,"ZTE,ROUMOD4391,ROUMOD4391,4G CPE WITH UPS,MODEM,ROUMOD4391,ROUTER TRADE",150,16744.18605,2026-03-05T10:58:05.000+00:00,20260305
19554,Ruby Reach Ventures,1283281,"ZTE,ROUMOD4391,ROUMOD4391,4G CPE WITH UPS,MODEM,ROUMOD4391,ROUTER TRADE",150,16744.18605,2026-03-05T10:58:05.000+00:00,20260305
19554,Ruby Reach Ventures,1283281,"ZTE,ROUMOD4391,ROUMOD4391,4G CPE WITH UPS,MODEM,ROUMOD4391,ROUTER TRADE",150,16744.18605,2026-03-05T10:58:05.000+00:00,20260305
19554,Ruby Reach Ventures,1283281,"ZTE,ROUMOD4391,ROUMOD4391,4G CPE WITH UPS,MODEM,ROUMOD4391,ROUTER TRADE",150,16744.18605,2026-03-05T10:58:05.000+00:00,20260305
19554,Ruby Reach Ventures,1283281,"ZTE,ROUMOD4391,ROUMOD4391,4G CPE WITH UPS,MODEM,ROUMOD4391,ROUTER TRADE",150,16744.18605,2026-03-05T10:58:05.000+00:00,20260305
19554,Ruby Reach Ventures,1283281,"ZTE,ROUMOD4391,ROUMOD4391,4G CPE WITH UPS,MODEM,ROUMOD4391,ROUTER TRADE",150,16744.18605,2026-03-05T10:58:05.000+00:00,20260305
19554,Ruby Reach Ventures,1283281,"ZTE,ROUMOD4391,ROUMOD4391,4G CPE WITH UPS,MODEM,ROUMOD4391,ROUTER TRADE",150,16744.18605,2026-03-05T10:58:05.000+00:00,20260305
19554,Ruby Reach Ventures,1283281,"ZTE,ROUMOD4391,ROUMOD4391,4G CPE WITH UPS,MODEM,ROUMOD4391,ROUTER TRADE",150,16744.18605,2026-03-05T10:58:05.000+00:00,20260305
19554,Ruby Reach Ventures,1283281,"ZTE,ROUMOD4391,ROUMOD4391,4G CPE WITH UPS,MODEM,ROUMOD4391,ROUTER TRADE",150,16744.18605,2026-03-05T10:58:05.000+00:00,20260305
19554,Ruby Reach Ventures,1283281,"ZTE,ROUMOD4391,ROUMOD4391,4G CPE WITH UPS,MODEM,ROUMOD4391,ROUTER TRADE",150,16744.18605,2026-03-05T10:58:05.000+00:00,20260305
19554,Ruby Reach Ventures,1283281,"ZTE,ROUMOD4391,ROUMOD4391,4G CPE WITH UPS,MODEM,ROUMOD4391,ROUTER TRADE",150,16744.18605,2026-03-05T10:58:05.000+00:00,20260305
19554,Ruby Reach Ventures,1283281,"ZTE,ROUMOD4391,ROUMOD4391,4G CPE WITH UPS,MODEM,ROUMOD4391,ROUTER TRADE",150,16744.18605,2026-03-05T10:58:05.000+00:00,20260305
19554,Ruby Reach Ventures,1283281,"ZTE,ROUMOD4391,ROUMOD4391,4G CPE WITH UPS,MODEM,ROUMOD4391,ROUTER TRADE",150,16744.18605,2026-03-05T10:58:05.000+00:00,20260305
19554,Ruby Reach Ventures,1283281,"ZTE,ROUMOD4391,ROUMOD4391,4G CPE WITH UPS,MODEM,ROUMOD4391,ROUTER TRADE",150,16744.18605,2026-03-05T10:58:05.000+00:00,20260305
19948,Meadow Haven Networks,1283283,"ZTE,ROUMOD4394,ROUMOD4394,5G CPE WITH UPS,MODEM,ROUMOD4394,ROUTER TRADE",24,66976.74419,2026-03-05T13:53:03.000+00:00,20260305
19948,Meadow Haven Networks,1283283,"ZTE,ROUMOD4394,ROUMOD4394,5G CPE WITH UPS,MODEM,ROUMOD4394,ROUTER TRADE",24,66976.74419,2026-03-05T13:53:03.000+00:00,20260305
19948,Meadow Haven Networks,1283283,"ZTE,ROUMOD4394,ROUMOD4394,5G CPE WITH UPS,MODEM,ROUMOD4394,ROUTER TRADE",24,66976.74419,2026-03-05T13:53:03.000+00:00,20260305
19948,Meadow Haven Networks,1283283,"ZTE,ROUMOD4394,ROUMOD4394,5G CPE WITH UPS,MODEM,ROUMOD4394,ROUTER TRADE",24,66976.74419,2026-03-05T13:53:03.000+00:00,20260305
19948,Meadow Haven Networks,1283283,"ZTE,ROUMOD4394,ROUMOD4394,5G CPE WITH UPS,MODEM,ROUMOD4394,ROUTER TRADE",24,66976.74419,2026-03-05T13:53:03.000+00:00,20260305
19948,Meadow Haven Networks,1283283,"ZTE,ROUMOD4394,ROUMOD4394,5G CPE WITH UPS,MODEM,ROUMOD4394,ROUTER TRADE",24,66976.74419,2026-03-05T13:53:03.000+00:00,20260305
19948,Meadow Haven Networks,1283283,"ZTE,ROUMOD4394,ROUMOD4394,5G CPE WITH UPS,MODEM,ROUMOD4394,ROUTER TRADE",24,66976.74419,2026-03-05T13:53:03.000+00:00,20260305
19948,Meadow Haven Networks,1283283,"ZTE,ROUMOD4394,ROUMOD4394,5G CPE WITH UPS,MODEM,ROUMOD4394,ROUTER TRADE",24,66976.74419,2026-03-05T13:53:03.000+00:00,20260305
365078,Oak Dale Ventures,1283282,"TOZED,ROUMOD4393,ROUMOD4393,5G CPE WITH UPS,MODEM,ROUMOD4393,ROUTER TRADE",1,66976.74419,2026-03-05T13:07:39.000+00:00,20260305
327085,Crystal Sky Ventures,1234615,"HUAWEI,ROUWIR4302,ROUWIR4302,4G CAT4 CPE B313-322WITH UPS,WIRELESS,ROUWIR4302,ROUTER TRADE",13,16744.18605,2026-03-05T14:57:39.000+00:00,20260305
327085,Crystal Sky Ventures,1234615,"HUAWEI,ROUWIR4302,ROUWIR4302,4G CAT4 CPE B313-322WITH UPS,WIRELESS,ROUWIR4302,ROUTER TRADE",13,16744.18605,2026-03-05T14:57:39.000+00:00,20260305
327085,Crystal Sky Ventures,1234615,"HUAWEI,ROUWIR4302,ROUWIR4302,4G CAT4 CPE B313-322WITH UPS,WIRELESS,ROUWIR4302,ROUTER TRADE",13,16744.18605,2026-03-05T14:57:39.000+00:00,20260305
327085,Crystal Sky Ventures,1234615,"HUAWEI,ROUWIR4302,ROUWIR4302,4G CAT4 CPE B313-322WITH UPS,WIRELESS,ROUWIR4302,ROUTER TRADE",13,16744.18605,2026-03-05T14:57:39.000+00:00,20260305
327085,Crystal Sky Ventures,1234615,"HUAWEI,ROUWIR4302,ROUWIR4302,4G CAT4 CPE B313-322WITH UPS,WIRELESS,ROUWIR4302,ROUTER TRADE",13,16744.18605,2026-03-05T14:57:39.000+00:00,20260305
327085,Crystal Sky Ventures,1234615,"HUAWEI,ROUWIR4302,ROUWIR4302,4G CAT4 CPE B313-322WITH UPS,WIRELESS,ROUWIR4302,ROUTER TRADE",13,16744.18605,2026-03-05T14:57:39.000+00:00,20260305
327085,Crystal Sky Ventures,1234615,"HUAWEI,ROUWIR4302,ROUWIR4302,4G CAT4 CPE B313-322WITH UPS,WIRELESS,ROUWIR4302,ROUTER TRADE",13,16744.18605,2026-03-05T14:57:39.000+00:00,20260305
327085,Crystal Sky Ventures,1234615,"HUAWEI,ROUWIR4302,ROUWIR4302,4G CAT4 CPE B313-322WITH UPS,WIRELESS,ROUWIR4302,ROUTER TRADE",13,16744.18605,2026-03-05T14:57:39.000+00:00,20260305
327085,Crystal Sky Ventures,1234615,"HUAWEI,ROUWIR4302,ROUWIR4302,4G CAT4 CPE B313-322WITH UPS,WIRELESS,ROUWIR4302,ROUTER TRADE",13,16744.18605,2026-03-05T14:57:39.000+00:00,20260305
327085,Crystal Sky Ventures,1234615,"HUAWEI,ROUWIR4302,ROUWIR4302,4G CAT4 CPE B313-322WITH UPS,WIRELESS,ROUWIR4302,ROUTER TRADE",13,16744.18605,2026-03-05T14:57:39.000+00:00,20260305
327085,Crystal Sky Ventures,1234615,"HUAWEI,ROUWIR4302,ROUWIR4302,4G CAT4 CPE B313-322WITH UPS,WIRELESS,ROUWIR4302,ROUTER TRADE",13,16744.18605,2026-03-05T14:57:39.000+00:00,20260305
327085,Crystal Sky Ventures,1234615,"HUAWEI,ROUWIR4302,ROUWIR4302,4G CAT4 CPE B313-322WITH UPS,WIRELESS,ROUWIR4302,ROUTER TRADE",13,16744.18605,2026-03-05T14:57:39.000+00:00,20260305
19366,Jade Point Trading,1186254,"TOZED,MIFI,4G,ZLT M30S,MODEM,ROUMOD1491,MODEM TRADE",20,12558.13953,2026-03-05T06:52:31.000+00:00,20260305
19366,Jade Point Trading,1186254,"TOZED,MIFI,4G,ZLT M30S,MODEM,ROUMOD1491,MODEM TRADE",20,12558.13953,2026-03-05T06:52:31.000+00:00,20260305
19366,Jade Point Trading,1186254,"TOZED,MIFI,4G,ZLT M30S,MODEM,ROUMOD1491,MODEM TRADE",20,12558.13953,2026-03-05T06:52:31.000+00:00,20260305
19366,Jade Point Trading,1186254,"TOZED,MIFI,4G,ZLT M30S,MODEM,ROUMOD1491,MODEM TRADE",20,12558.13953,2026-03-05T06:52:31.000+00:00,20260305
19366,Jade Point Trading,1186254,"TOZED,MIFI,4G,ZLT M30S,MODEM,ROUMOD1491,MODEM TRADE",20,12558.13953,2026-03-05T06:52:31.000+00:00,20260305
19366,Jade Point Trading,1186254,"TOZED,MIFI,4G,ZLT M30S,MODEM,ROUMOD1491,MODEM TRADE",20,12558.13953,2026-03-05T06:52:31.000+00:00,20260305
19366,Jade Point Trading,1186254,"TOZED,MIFI,4G,ZLT M30S,MODEM,ROUMOD1491,MODEM TRADE",20,12558.13953,2026-03-05T06:52:31.000+00:00,20260305
19366,Jade Point Trading,1186254,"TOZED,MIFI,4G,ZLT M30S,MODEM,ROUMOD1491,MODEM TRADE",20,12558.13953,2026-03-05T06:52:31.000+00:00,20260305
19366,Jade Point Trading,1186254,"TOZED,MIFI,4G,ZLT M30S,MODEM,ROUMOD1491,MODEM TRADE",20,12558.13953,2026-03-05T06:52:31.000+00:00,20260305
19366,Jade Point Trading,1186254,"TOZED,MIFI,4G,ZLT M30S,MODEM,ROUMOD1491,MODEM TRADE",20,12558.13953,2026-03-05T06:52:31.000+00:00,20260305
19366,Jade Point Trading,1186254,"TOZED,MIFI,4G,ZLT M30S,MODEM,ROUMOD1491,MODEM TRADE",20,12558.13953,2026-03-05T06:52:31.000+00:00,20260305
19366,Jade Point Trading,1186254,"TOZED,MIFI,4G,ZLT M30S,MODEM,ROUMOD1491,MODEM TRADE",20,12558.13953,2026-03-05T06:52:31.000+00:00,20260305
19366,Jade Point Trading,1186254,"TOZED,MIFI,4G,ZLT M30S,MODEM,ROUMOD1491,MODEM TRADE",20,12558.13953,2026-03-05T06:52:31.000+00:00,20260305
19366,Jade Point Trading,1186254,"TOZED,MIFI,4G,ZLT M30S,MODEM,ROUMOD1491,MODEM TRADE",20,12558.13953,2026-03-05T06:52:31.000+00:00,20260305
19366,Jade Point Trading,1186254,"TOZED,MIFI,4G,ZLT M30S,MODEM,ROUMOD1491,MODEM TRADE",20,12558.13953,2026-03-05T06:52:31.000+00:00,20260305
19366,Jade Point Trading,1186254,"TOZED,MIFI,4G,ZLT M30S,MODEM,ROUMOD1491,MODEM TRADE",20,12558.13953,2026-03-05T06:52:31.000+00:00,20260305
19366,Jade Point Trading,1186254,"TOZED,MIFI,4G,ZLT M30S,MODEM,ROUMOD1491,MODEM TRADE",20,12558.13953,2026-03-05T06:52:31.000+00:00,20260305
19366,Jade Point Trading,1186254,"TOZED,MIFI,4G,ZLT M30S,MODEM,ROUMOD1491,MODEM TRADE",20,12558.13953,2026-03-05T06:52:31.000+00:00,20260305
19366,Jade Point Trading,1186254,"TOZED,MIFI,4G,ZLT M30S,MODEM,ROUMOD1491,MODEM TRADE",20,12558.13953,2026-03-05T06:52:31.000+00:00,20260305
19366,Jade Point Trading,1186254,"TOZED,MIFI,4G,ZLT M30S,MODEM,ROUMOD1491,MODEM TRADE",20,12558.13953,2026-03-05T06:52:31.000+00:00,20260305
19948,Meadow Haven Networks,1283282,"TOZED,ROUMOD4393,ROUMOD4393,5G CPE WITH UPS,MODEM,ROUMOD4393,ROUTER TRADE",26,66976.74419,2026-03-05T13:53:03.000+00:00,20260305
19948,Meadow Haven Networks,1283282,"TOZED,ROUMOD4393,ROUMOD4393,5G CPE WITH UPS,MODEM,ROUMOD4393,ROUTER TRADE",26,66976.74419,2026-03-05T13:53:03.000+00:00,20260305
19948,Meadow Haven Networks,1283282,"TOZED,ROUMOD4393,ROUMOD4393,5G CPE WITH UPS,MODEM,ROUMOD4393,ROUTER TRADE",26,66976.74419,2026-03-05T13:53:03.000+00:00,20260305
19948,Meadow Haven Networks,1283282,"TOZED,ROUMOD4393,ROUMOD4393,5G CPE WITH UPS,MODEM,ROUMOD4393,ROUTER TRADE",26,66976.74419,2026-03-05T13:53:03.000+00:00,20260305
19948,Meadow Haven Networks,1283282,"TOZED,ROUMOD4393,ROUMOD4393,5G CPE WITH UPS,MODEM,ROUMOD4393,ROUTER TRADE",26,66976.74419,2026-03-05T13:53:03.000+00:00,20260305
19948,Meadow Haven Networks,1283282,"TOZED,ROUMOD4393,ROUMOD4393,5G CPE WITH UPS,MODEM,ROUMOD4393,ROUTER TRADE",26,66976.74419,2026-03-05T13:53:03.000+00:00,20260305
19948,Meadow Haven Networks,1283282,"TOZED,ROUMOD4393,ROUMOD4393,5G CPE WITH UPS,MODEM,ROUMOD4393,ROUTER TRADE",26,66976.74419,2026-03-05T13:53:03.000+00:00,20260305
19948,Meadow Haven Networks,1283282,"TOZED,ROUMOD4393,ROUMOD4393,5G CPE WITH UPS,MODEM,ROUMOD4393,ROUTER TRADE",26,66976.74419,2026-03-05T13:53:03.000+00:00,20260305
19948,Meadow Haven Networks,1283282,"TOZED,ROUMOD4393,ROUMOD4393,5G CPE WITH UPS,MODEM,ROUMOD4393,ROUTER TRADE",26,66976.74419,2026-03-05T13:53:03.000+00:00,20260305
19948,Meadow Haven Networks,1283282,"TOZED,ROUMOD4393,ROUMOD4393,5G CPE WITH UPS,MODEM,ROUMOD4393,ROUTER TRADE",26,66976.74419,2026-03-05T13:53:03.000+00:00,20260305
19948,Meadow Haven Networks,1283282,"TOZED,ROUMOD4393,ROUMOD4393,5G CPE WITH UPS,MODEM,ROUMOD4393,ROUTER TRADE",26,66976.74419,2026-03-05T13:53:03.000+00:00,20260305
19948,Meadow Haven Networks,1283282,"TOZED,ROUMOD4393,ROUMOD4393,5G CPE WITH UPS,MODEM,ROUMOD4393,ROUTER TRADE",26,66976.74419,2026-03-05T13:53:03.000+00:00,20260305
19948,Meadow Haven Networks,1283282,"TOZED,ROUMOD4393,ROUMOD4393,5G CPE WITH UPS,MODEM,ROUMOD4393,ROUTER TRADE",26,66976.74419,2026-03-05T13:53:03.000+00:00,20260305
19948,Meadow Haven Networks,1283282,"TOZED,ROUMOD4393,ROUMOD4393,5G CPE WITH UPS,MODEM,ROUMOD4393,ROUTER TRADE",26,66976.74419,2026-03-05T13:53:03.000+00:00,20260305
19948,Meadow Haven Networks,1283282,"TOZED,ROUMOD4393,ROUMOD4393,5G CPE WITH UPS,MODEM,ROUMOD4393,ROUTER TRADE",26,66976.74419,2026-03-05T13:53:03.000+00:00,20260305
19948,Meadow Haven Networks,1283282,"TOZED,ROUMOD4393,ROUMOD4393,5G CPE WITH UPS,MODEM,ROUMOD4393,ROUTER TRADE",26,66976.74419,2026-03-05T13:53:03.000+00:00,20260305
19948,Meadow Haven Networks,1283282,"TOZED,ROUMOD4393,ROUMOD4393,5G CPE WITH UPS,MODEM,ROUMOD4393,ROUTER TRADE",26,66976.74419,2026-03-05T13:53:03.000+00:00,20260305
19948,Meadow Haven Networks,1283282,"TOZED,ROUMOD4393,ROUMOD4393,5G CPE WITH UPS,MODEM,ROUMOD4393,ROUTER TRADE",26,66976.74419,2026-03-05T13:53:03.000+00:00,20260305
19948,Meadow Haven Networks,1283282,"TOZED,ROUMOD4393,ROUMOD4393,5G CPE WITH UPS,MODEM,ROUMOD4393,ROUTER TRADE",26,66976.74419,2026-03-05T13:53:03.000+00:00,20260305
19948,Meadow Haven Networks,1283282,"TOZED,ROUMOD4393,ROUMOD4393,5G CPE WITH UPS,MODEM,ROUMOD4393,ROUTER TRADE",26,66976.74419,2026-03-05T13:53:03.000+00:00,20260305
19948,Meadow Haven Networks,1283282,"TOZED,ROUMOD4393,ROUMOD4393,5G CPE WITH UPS,MODEM,ROUMOD4393,ROUTER TRADE",26,66976.74419,2026-03-05T13:53:03.000+00:00,20260305
19948,Meadow Haven Networks,1283282,"TOZED,ROUMOD4393,ROUMOD4393,5G CPE WITH UPS,MODEM,ROUMOD4393,ROUTER TRADE",26,66976.74419,2026-03-05T13:53:03.000+00:00,20260305
19948,Meadow Haven Networks,1283282,"TOZED,ROUMOD4393,ROUMOD4393,5G CPE WITH UPS,MODEM,ROUMOD4393,ROUTER TRADE",26,66976.74419,2026-03-05T13:53:03.000+00:00,20260305
19948,Meadow Haven Networks,1283282,"TOZED,ROUMOD4393,ROUMOD4393,5G CPE WITH UPS,MODEM,ROUMOD4393,ROUTER TRADE",26,66976.74419,2026-03-05T13:53:03.000+00:00,20260305
19948,Meadow Haven Networks,1283282,"TOZED,ROUMOD4393,ROUMOD4393,5G CPE WITH UPS,MODEM,ROUMOD4393,ROUTER TRADE",26,66976.74419,2026-03-05T13:53:03.000+00:00,20260305
19948,Meadow Haven Networks,1283282,"TOZED,ROUMOD4393,ROUMOD4393,5G CPE WITH UPS,MODEM,ROUMOD4393,ROUTER TRADE",26,66976.74419,2026-03-05T13:53:03.000+00:00,20260305
19792,Sunset Port Ventures,1002552,"VOUCHER ETOPUP, VIRTUAL AIRTIME, NGN15000, ELECTRONIC, VOUCHER ETOPUP",2072,13465.11785,2026-03-05T07:23:02.000+00:00,20260305
19948,Meadow Haven Networks,1283283,"ZTE,ROUMOD4394,ROUMOD4394,5G CPE WITH UPS,MODEM,ROUMOD4394,ROUTER TRADE",24,66976.74419,2026-03-05T13:53:03.000+00:00,20260305
19948,Meadow Haven Networks,1283283,"ZTE,ROUMOD4394,ROUMOD4394,5G CPE WITH UPS,MODEM,ROUMOD4394,ROUTER TRADE",24,66976.74419,2026-03-05T13:53:03.000+00:00,20260305
19948,Meadow Haven Networks,1283283,"ZTE,ROUMOD4394,ROUMOD4394,5G CPE WITH UPS,MODEM,ROUMOD4394,ROUTER TRADE",24,66976.74419,2026-03-05T13:53:03.000+00:00,20260305
19948,Meadow Haven Networks,1283283,"ZTE,ROUMOD4394,ROUMOD4394,5G CPE WITH UPS,MODEM,ROUMOD4394,ROUTER TRADE",24,66976.74419,2026-03-05T13:53:03.000+00:00,20260305
19948,Meadow Haven Networks,1283283,"ZTE,ROUMOD4394,ROUMOD4394,5G CPE WITH UPS,MODEM,ROUMOD4394,ROUTER TRADE",24,66976.74419,2026-03-05T13:53:03.000+00:00,20260305
19948,Meadow Haven Networks,1283283,"ZTE,ROUMOD4394,ROUMOD4394,5G CPE WITH UPS,MODEM,ROUMOD4394,ROUTER TRADE",24,66976.74419,2026-03-05T13:53:03.000+00:00,20260305
19948,Meadow Haven Networks,1283283,"ZTE,ROUMOD4394,ROUMOD4394,5G CPE WITH UPS,MODEM,ROUMOD4394,ROUTER TRADE",24,66976.74419,2026-03-05T13:53:03.000+00:00,20260305
19948,Meadow Haven Networks,1283283,"ZTE,ROUMOD4394,ROUMOD4394,5G CPE WITH UPS,MODEM,ROUMOD4394,ROUTER TRADE",24,66976.74419,2026-03-05T13:53:03.000+00:00,20260305
19948,Meadow Haven Networks,1283283,"ZTE,ROUMOD4394,ROUMOD4394,5G CPE WITH UPS,MODEM,ROUMOD4394,ROUTER TRADE",24,66976.74419,2026-03-05T13:53:03.000+00:00,20260305
19948,Meadow Haven Networks,1283283,"ZTE,ROUMOD4394,ROUMOD4394,5G CPE WITH UPS,MODEM,ROUMOD4394,ROUTER TRADE",24,66976.74419,2026-03-05T13:53:03.000+00:00,20260305
19948,Meadow Haven Networks,1283283,"ZTE,ROUMOD4394,ROUMOD4394,5G CPE WITH UPS,MODEM,ROUMOD4394,ROUTER TRADE",24,66976.74419,2026-03-05T13:53:03.000+00:00,20260305
19948,Meadow Haven Networks,1283283,"ZTE,ROUMOD4394,ROUMOD4394,5G CPE WITH UPS,MODEM,ROUMOD4394,ROUTER TRADE",24,66976.74419,2026-03-05T13:53:03.000+00:00,20260305
19948,Meadow Haven Networks,1283283,"ZTE,ROUMOD4394,ROUMOD4394,5G CPE WITH UPS,MODEM,ROUMOD4394,ROUTER TRADE",24,66976.74419,2026-03-05T13:53:03.000+00:00,20260305
19948,Meadow Haven Networks,1283283,"ZTE,ROUMOD4394,ROUMOD4394,5G CPE WITH UPS,MODEM,ROUMOD4394,ROUTER TRADE",24,66976.74419,2026-03-05T13:53:03.000+00:00,20260305
19948,Meadow Haven Networks,1283283,"ZTE,ROUMOD4394,ROUMOD4394,5G CPE WITH UPS,MODEM,ROUMOD4394,ROUTER TRADE",24,66976.74419,2026-03-05T13:53:03.000+00:00,20260305
19948,Meadow Haven Networks,1283283,"ZTE,ROUMOD4394,ROUMOD4394,5G CPE WITH UPS,MODEM,ROUMOD4394,ROUTER TRADE",24,66976.74419,2026-03-05T13:53:03.000+00:00,20260305
20044,Teal Ridge Ventures,1002552,"VOUCHER ETOPUP, VIRTUAL AIRTIME, NGN15000, ELECTRONIC, VOUCHER ETOPUP",34539,13465.11785,2026-03-05T13:22:33.000+00:00,20260305
366074,Ivory Light Networks,1283282,"TOZED,ROUMOD4393,ROUMOD4393,5G CPE WITH UPS,MODEM,ROUMOD4393,ROUTER TRADE",1,66976.74419,2026-03-05T13:57:43.000+00:00,20260305
20044,Teal Ridge Ventures,1002552,"VOUCHER ETOPUP, VIRTUAL AIRTIME, NGN15000, ELECTRONIC, VOUCHER ETOPUP",34540,13465.11785,2026-03-05T18:03:14.000+00:00,20260305
341075,Flint Wood Communications,1234615,"HUAWEI,ROUWIR4302,ROUWIR4302,4G CAT4 CPE B313-322WITH UPS,WIRELESS,ROUWIR4302,ROUTER TRADE",4,16744.18605,2026-03-05T13:32:52.000+00:00,20260305
341075,Flint Wood Communications,1234615,"HUAWEI,ROUWIR4302,ROUWIR4302,4G CAT4 CPE B313-322WITH UPS,WIRELESS,ROUWIR4302,ROUTER TRADE",4,16744.18605,2026-03-05T13:32:52.000+00:00,20260305
341075,Flint Wood Communications,1234615,"HUAWEI,ROUWIR4302,ROUWIR4302,4G CAT4 CPE B313-322WITH UPS,WIRELESS,ROUWIR4302,ROUTER TRADE",4,16744.18605,2026-03-05T13:32:52.000+00:00,20260305
341075,Flint Wood Communications,1234615,"HUAWEI,ROUWIR4302,ROUWIR4302,4G CAT4 CPE B313-322WITH UPS,WIRELESS,ROUWIR4302,ROUTER TRADE",4,16744.18605,2026-03-05T13:32:52.000+00:00,20260305
19913,Forest Lake Ventures,1002552,"VOUCHER ETOPUP, VIRTUAL AIRTIME, NGN15000, ELECTRONIC, VOUCHER ETOPUP",6000,13465.11785,2026-03-05T07:42:37.000+00:00,20260305
327085,Crystal Sky Ventures,1234615,"HUAWEI,ROUWIR4302,ROUWIR4302,4G CAT4 CPE B313-322WITH UPS,WIRELESS,ROUWIR4302,ROUTER TRADE",13,16744.18605,2026-03-05T14:57:39.000+00:00,20260305
353069,Opal Brook Networks,1186254,"TOZED,MIFI,4G,ZLT M30S,MODEM,ROUMOD1491,MODEM TRADE",6,12558.13953,2026-03-05T13:57:43.000+00:00,20260305
353069,Opal Brook Networks,1186254,"TOZED,MIFI,4G,ZLT M30S,MODEM,ROUMOD1491,MODEM TRADE",6,12558.13953,2026-03-05T13:57:43.000+00:00,20260305
353069,Opal Brook Networks,1186254,"TOZED,MIFI,4G,ZLT M30S,MODEM,ROUMOD1491,MODEM TRADE",6,12558.13953,2026-03-05T13:57:43.000+00:00,20260305
353069,Opal Brook Networks,1186254,"TOZED,MIFI,4G,ZLT M30S,MODEM,ROUMOD1491,MODEM TRADE",6,12558.13953,2026-03-05T13:57:43.000+00:00,20260305
353069,Opal Brook Networks,1186254,"TOZED,MIFI,4G,ZLT M30S,MODEM,ROUMOD1491,MODEM TRADE",6,12558.13953,2026-03-05T13:57:43.000+00:00,20260305
353069,Opal Brook Networks,1186254,"TOZED,MIFI,4G,ZLT M30S,MODEM,ROUMOD1491,MODEM TRADE",6,12558.13953,2026-03-05T13:57:43.000+00:00,20260305
19391,Olive Gate Trading,1002552,"VOUCHER ETOPUP, VIRTUAL AIRTIME, NGN15000, ELECTRONIC, VOUCHER ETOPUP",4,13465.11785,2026-03-05T14:32:47.000+00:00,20260305
353069,Opal Brook Networks,1283281,"ZTE,ROUMOD4391,ROUMOD4391,4G CPE WITH UPS,MODEM,ROUMOD4391,ROUTER TRADE",3,16744.18605,2026-03-05T13:57:43.000+00:00,20260305
353069,Opal Brook Networks,1283281,"ZTE,ROUMOD4391,ROUMOD4391,4G CPE WITH UPS,MODEM,ROUMOD4391,ROUTER TRADE",3,16744.18605,2026-03-05T13:57:43.000+00:00,20260305
353069,Opal Brook Networks,1283281,"ZTE,ROUMOD4391,ROUMOD4391,4G CPE WITH UPS,MODEM,ROUMOD4391,ROUTER TRADE",3,16744.18605,2026-03-05T13:57:43.000+00:00,20260305
19719,Aspen Gate Ventures,1002552,"VOUCHER ETOPUP, VIRTUAL AIRTIME, NGN15000, ELECTRONIC, VOUCHER ETOPUP",690,13465.11785,2026-03-05T15:58:12.000+00:00,20260305
374078,Jade Isle Trading,1283280,"TOZED,ROUMOD4390,ROUMOD4390,4G CPE WITH UPS,MODEM,ROUMOD4390,ROUTER TRADE",5,16744.18605,2026-03-05T13:32:52.000+00:00,20260305
374078,Jade Isle Trading,1283280,"TOZED,ROUMOD4390,ROUMOD4390,4G CPE WITH UPS,MODEM,ROUMOD4390,ROUTER TRADE",5,16744.18605,2026-03-05T13:32:52.000+00:00,20260305
374078,Jade Isle Trading,1283280,"TOZED,ROUMOD4390,ROUMOD4390,4G CPE WITH UPS,MODEM,ROUMOD4390,ROUTER TRADE",5,16744.18605,2026-03-05T13:32:52.000+00:00,20260305
374078,Jade Isle Trading,1283280,"TOZED,ROUMOD4390,ROUMOD4390,4G CPE WITH UPS,MODEM,ROUMOD4390,ROUTER TRADE",5,16744.18605,2026-03-05T13:32:52.000+00:00,20260305
374078,Jade Isle Trading,1283280,"TOZED,ROUMOD4390,ROUMOD4390,4G CPE WITH UPS,MODEM,ROUMOD4390,ROUTER TRADE",5,16744.18605,2026-03-05T13:32:52.000+00:00,20260305
19551,Stone Peak Networks,1002552,"VOUCHER ETOPUP, VIRTUAL AIRTIME, NGN15000, ELECTRONIC, VOUCHER ETOPUP",118,13465.11785,2026-03-05T07:12:56.000+00:00,20260305
19913,Forest Lake Ventures,1002552,"VOUCHER ETOPUP, VIRTUAL AIRTIME, NGN15000, ELECTRONIC, VOUCHER ETOPUP",6000,13465.11785,2026-03-05T07:52:46.000+00:00,20260305
369075,Coral Sky Communications,1283282,"TOZED,ROUMOD4393,ROUMOD4393,5G CPE WITH UPS,MODEM,ROUMOD4393,ROUTER TRADE",20,66976.74419,2026-03-05T08:52:39.000+00:00,20260305
369075,Coral Sky Communications,1283282,"TOZED,ROUMOD4393,ROUMOD4393,5G CPE WITH UPS,MODEM,ROUMOD4393,ROUTER TRADE",20,66976.74419,2026-03-05T08:52:39.000+00:00,20260305
369075,Coral Sky Communications,1283282,"TOZED,ROUMOD4393,ROUMOD4393,5G CPE WITH UPS,MODEM,ROUMOD4393,ROUTER TRADE",20,66976.74419,2026-03-05T08:52:39.000+00:00,20260305
369075,Coral Sky Communications,1283282,"TOZED,ROUMOD4393,ROUMOD4393,5G CPE WITH UPS,MODEM,ROUMOD4393,ROUTER TRADE",20,66976.74419,2026-03-05T08:52:39.000+00:00,20260305
369075,Coral Sky Communications,1283282,"TOZED,ROUMOD4393,ROUMOD4393,5G CPE WITH UPS,MODEM,ROUMOD4393,ROUTER TRADE",20,66976.74419,2026-03-05T08:52:39.000+00:00,20260305
369075,Coral Sky Communications,1283282,"TOZED,ROUMOD4393,ROUMOD4393,5G CPE WITH UPS,MODEM,ROUMOD4393,ROUTER TRADE",20,66976.74419,2026-03-05T08:52:39.000+00:00,20260305
369075,Coral Sky Communications,1283282,"TOZED,ROUMOD4393,ROUMOD4393,5G CPE WITH UPS,MODEM,ROUMOD4393,ROUTER TRADE",20,66976.74419,2026-03-05T08:52:39.000+00:00,20260305
369075,Coral Sky Communications,1283282,"TOZED,ROUMOD4393,ROUMOD4393,5G CPE WITH UPS,MODEM,ROUMOD4393,ROUTER TRADE",20,66976.74419,2026-03-05T08:52:39.000+00:00,20260305
369075,Coral Sky Communications,1283282,"TOZED,ROUMOD4393,ROUMOD4393,5G CPE WITH UPS,MODEM,ROUMOD4393,ROUTER TRADE",20,66976.74419,2026-03-05T08:52:39.000+00:00,20260305
369075,Coral Sky Communications,1283282,"TOZED,ROUMOD4393,ROUMOD4393,5G CPE WITH UPS,MODEM,ROUMOD4393,ROUTER TRADE",20,66976.74419,2026-03-05T08:52:39.000+00:00,20260305
369075,Coral Sky Communications,1283282,"TOZED,ROUMOD4393,ROUMOD4393,5G CPE WITH UPS,MODEM,ROUMOD4393,ROUTER TRADE",20,66976.74419,2026-03-05T08:52:39.000+00:00,20260305
369075,Coral Sky Communications,1283282,"TOZED,ROUMOD4393,ROUMOD4393,5G CPE WITH UPS,MODEM,ROUMOD4393,ROUTER TRADE",20,66976.74419,2026-03-05T08:52:39.000+00:00,20260305
369075,Coral Sky Communications,1283282,"TOZED,ROUMOD4393,ROUMOD4393,5G CPE WITH UPS,MODEM,ROUMOD4393,ROUTER TRADE",20,66976.74419,2026-03-05T08:52:39.000+00:00,20260305
369075,Coral Sky Communications,1283282,"TOZED,ROUMOD4393,ROUMOD4393,5G CPE WITH UPS,MODEM,ROUMOD4393,ROUTER TRADE",20,66976.74419,2026-03-05T08:52:39.000+00:00,20260305
369075,Coral Sky Communications,1283282,"TOZED,ROUMOD4393,ROUMOD4393,5G CPE WITH UPS,MODEM,ROUMOD4393,ROUTER TRADE",20,66976.74419,2026-03-05T08:52:39.000+00:00,20260305
369075,Coral Sky Communications,1283282,"TOZED,ROUMOD4393,ROUMOD4393,5G CPE WITH UPS,MODEM,ROUMOD4393,ROUTER TRADE",20,66976.74419,2026-03-05T08:52:39.000+00:00,20260305
369075,Coral Sky Communications,1283282,"TOZED,ROUMOD4393,ROUMOD4393,5G CPE WITH UPS,MODEM,ROUMOD4393,ROUTER TRADE",20,66976.74419,2026-03-05T08:52:39.000+00:00,20260305
369075,Coral Sky Communications,1283282,"TOZED,ROUMOD4393,ROUMOD4393,5G CPE WITH UPS,MODEM,ROUMOD4393,ROUTER TRADE",20,66976.74419,2026-03-05T08:52:39.000+00:00,20260305
369075,Coral Sky Communications,1283282,"TOZED,ROUMOD4393,ROUMOD4393,5G CPE WITH UPS,MODEM,ROUMOD4393,ROUTER TRADE",20,66976.74419,2026-03-05T08:52:39.000+00:00,20260305
369075,Coral Sky Communications,1283282,"TOZED,ROUMOD4393,ROUMOD4393,5G CPE WITH UPS,MODEM,ROUMOD4393,ROUTER TRADE",20,66976.74419,2026-03-05T08:52:39.000+00:00,20260305
19363,Maple Dale Communications,1002552,"VOUCHER ETOPUP, VIRTUAL AIRTIME, NGN15000, ELECTRONIC, VOUCHER ETOPUP",2073,13465.11785,2026-03-05T09:47:34.000+00:00,20260305
19863,Olive Moon Ventures,1002552,"VOUCHER ETOPUP, VIRTUAL AIRTIME, NGN15000, ELECTRONIC, VOUCHER ETOPUP",68,13465.11785,2026-03-05T11:07:53.000+00:00,20260305
19779,Swift Stone Networks,1283282,"TOZED,ROUMOD4393,ROUMOD4393,5G CPE WITH UPS,MODEM,ROUMOD4393,ROUTER TRADE",8,66976.74419,2026-03-05T13:47:31.000+00:00,20260305
19779,Swift Stone Networks,1283282,"TOZED,ROUMOD4393,ROUMOD4393,5G CPE WITH UPS,MODEM,ROUMOD4393,ROUTER TRADE",8,66976.74419,2026-03-05T13:47:31.000+00:00,20260305
19779,Swift Stone Networks,1283282,"TOZED,ROUMOD4393,ROUMOD4393,5G CPE WITH UPS,MODEM,ROUMOD4393,ROUTER TRADE",8,66976.74419,2026-03-05T13:47:31.000+00:00,20260305
19779,Swift Stone Networks,1283282,"TOZED,ROUMOD4393,ROUMOD4393,5G CPE WITH UPS,MODEM,ROUMOD4393,ROUTER TRADE",8,66976.74419,2026-03-05T13:47:31.000+00:00,20260305
19779,Swift Stone Networks,1283282,"TOZED,ROUMOD4393,ROUMOD4393,5G CPE WITH UPS,MODEM,ROUMOD4393,ROUTER TRADE",8,66976.74419,2026-03-05T13:47:31.000+00:00,20260305
19779,Swift Stone Networks,1283282,"TOZED,ROUMOD4393,ROUMOD4393,5G CPE WITH UPS,MODEM,ROUMOD4393,ROUTER TRADE",8,66976.74419,2026-03-05T13:47:31.000+00:00,20260305
19471,Harbor Grove Networks,1002552,"VOUCHER ETOPUP, VIRTUAL AIRTIME, NGN15000, ELECTRONIC, VOUCHER ETOPUP",1440,13465.11785,2026-03-05T11:13:15.000+00:00,20260305
296075,Amber Isle Networks,1186254,"TOZED,MIFI,4G,ZLT M30S,MODEM,ROUMOD1491,MODEM TRADE",50,12558.13953,2026-03-05T12:12:46.000+00:00,20260305
296075,Amber Isle Networks,1186254,"TOZED,MIFI,4G,ZLT M30S,MODEM,ROUMOD1491,MODEM TRADE",50,12558.13953,2026-03-05T12:12:46.000+00:00,20260305
296075,Amber Isle Networks,1186254,"TOZED,MIFI,4G,ZLT M30S,MODEM,ROUMOD1491,MODEM TRADE",50,12558.13953,2026-03-05T12:12:46.000+00:00,20260305
296075,Amber Isle Networks,1186254,"TOZED,MIFI,4G,ZLT M30S,MODEM,ROUMOD1491,MODEM TRADE",50,12558.13953,2026-03-05T12:12:46.000+00:00,20260305
296075,Amber Isle Networks,1186254,"TOZED,MIFI,4G,ZLT M30S,MODEM,ROUMOD1491,MODEM TRADE",50,12558.13953,2026-03-05T12:12:46.000+00:00,20260305
296075,Amber Isle Networks,1186254,"TOZED,MIFI,4G,ZLT M30S,MODEM,ROUMOD1491,MODEM TRADE",50,12558.13953,2026-03-05T12:12:46.000+00:00,20260305
296075,Amber Isle Networks,1186254,"TOZED,MIFI,4G,ZLT M30S,MODEM,ROUMOD1491,MODEM TRADE",50,12558.13953,2026-03-05T12:12:46.000+00:00,20260305
296075,Amber Isle Networks,1186254,"TOZED,MIFI,4G,ZLT M30S,MODEM,ROUMOD1491,MODEM TRADE",50,12558.13953,2026-03-05T12:12:46.000+00:00,20260305
296075,Amber Isle Networks,1186254,"TOZED,MIFI,4G,ZLT M30S,MODEM,ROUMOD1491,MODEM TRADE",50,12558.13953,2026-03-05T12:12:46.000+00:00,20260305
296075,Amber Isle Networks,1186254,"TOZED,MIFI,4G,ZLT M30S,MODEM,ROUMOD1491,MODEM TRADE",50,12558.13953,2026-03-05T12:12:46.000+00:00,20260305
296075,Amber Isle Networks,1186254,"TOZED,MIFI,4G,ZLT M30S,MODEM,ROUMOD1491,MODEM TRADE",50,12558.13953,2026-03-05T12:12:46.000+00:00,20260305
296075,Amber Isle Networks,1186254,"TOZED,MIFI,4G,ZLT M30S,MODEM,ROUMOD1491,MODEM TRADE",50,12558.13953,2026-03-05T12:12:46.000+00:00,20260305
296075,Amber Isle Networks,1186254,"TOZED,MIFI,4G,ZLT M30S,MODEM,ROUMOD1491,MODEM TRADE",50,12558.13953,2026-03-05T12:12:46.000+00:00,20260305
296075,Amber Isle Networks,1186254,"TOZED,MIFI,4G,ZLT M30S,MODEM,ROUMOD1491,MODEM TRADE",50,12558.13953,2026-03-05T12:12:46.000+00:00,20260305
296075,Amber Isle Networks,1186254,"TOZED,MIFI,4G,ZLT M30S,MODEM,ROUMOD1491,MODEM TRADE",50,12558.13953,2026-03-05T12:12:46.000+00:00,20260305
296075,Amber Isle Networks,1186254,"TOZED,MIFI,4G,ZLT M30S,MODEM,ROUMOD1491,MODEM TRADE",50,12558.13953,2026-03-05T12:12:46.000+00:00,20260305
296075,Amber Isle Networks,1186254,"TOZED,MIFI,4G,ZLT M30S,MODEM,ROUMOD1491,MODEM TRADE",50,12558.13953,2026-03-05T12:12:46.000+00:00,20260305
296075,Amber Isle Networks,1186254,"TOZED,MIFI,4G,ZLT M30S,MODEM,ROUMOD1491,MODEM TRADE",50,12558.13953,2026-03-05T12:12:46.000+00:00,20260305
296075,Amber Isle Networks,1186254,"TOZED,MIFI,4G,ZLT M30S,MODEM,ROUMOD1491,MODEM TRADE",50,12558.13953,2026-03-05T12:12:46.000+00:00,20260305
296075,Amber Isle Networks,1186254,"TOZED,MIFI,4G,ZLT M30S,MODEM,ROUMOD1491,MODEM TRADE",50,12558.13953,2026-03-05T12:12:46.000+00:00,20260305
296075,Amber Isle Networks,1186254,"TOZED,MIFI,4G,ZLT M30S,MODEM,ROUMOD1491,MODEM TRADE",50,12558.13953,2026-03-05T12:12:46.000+00:00,20260305
296075,Amber Isle Networks,1186254,"TOZED,MIFI,4G,ZLT M30S,MODEM,ROUMOD1491,MODEM TRADE",50,12558.13953,2026-03-05T12:12:46.000+00:00,20260305
296075,Amber Isle Networks,1186254,"TOZED,MIFI,4G,ZLT M30S,MODEM,ROUMOD1491,MODEM TRADE",50,12558.13953,2026-03-05T12:12:46.000+00:00,20260305
296075,Amber Isle Networks,1186254,"TOZED,MIFI,4G,ZLT M30S,MODEM,ROUMOD1491,MODEM TRADE",50,12558.13953,2026-03-05T12:12:46.000+00:00,20260305
296075,Amber Isle Networks,1186254,"TOZED,MIFI,4G,ZLT M30S,MODEM,ROUMOD1491,MODEM TRADE",50,12558.13953,2026-03-05T12:12:46.000+00:00,20260305
296075,Amber Isle Networks,1186254,"TOZED,MIFI,4G,ZLT M30S,MODEM,ROUMOD1491,MODEM TRADE",50,12558.13953,2026-03-05T12:12:46.000+00:00,20260305
296075,Amber Isle Networks,1186254,"TOZED,MIFI,4G,ZLT M30S,MODEM,ROUMOD1491,MODEM TRADE",50,12558.13953,2026-03-05T12:12:46.000+00:00,20260305
296075,Amber Isle Networks,1186254,"TOZED,MIFI,4G,ZLT M30S,MODEM,ROUMOD1491,MODEM TRADE",50,12558.13953,2026-03-05T12:12:46.000+00:00,20260305
296075,Amber Isle Networks,1186254,"TOZED,MIFI,4G,ZLT M30S,MODEM,ROUMOD1491,MODEM TRADE",50,12558.13953,2026-03-05T12:12:46.000+00:00,20260305
296075,Amber Isle Networks,1186254,"TOZED,MIFI,4G,ZLT M30S,MODEM,ROUMOD1491,MODEM TRADE",50,12558.13953,2026-03-05T12:12:46.000+00:00,20260305
296075,Amber Isle Networks,1186254,"TOZED,MIFI,4G,ZLT M30S,MODEM,ROUMOD1491,MODEM TRADE",50,12558.13953,2026-03-05T12:12:46.000+00:00,20260305
296075,Amber Isle Networks,1186254,"TOZED,MIFI,4G,ZLT M30S,MODEM,ROUMOD1491,MODEM TRADE",50,12558.13953,2026-03-05T12:12:46.000+00:00,20260305
296075,Amber Isle Networks,1186254,"TOZED,MIFI,4G,ZLT M30S,MODEM,ROUMOD1491,MODEM TRADE",50,12558.13953,2026-03-05T12:12:46.000+00:00,20260305
296075,Amber Isle Networks,1186254,"TOZED,MIFI,4G,ZLT M30S,MODEM,ROUMOD1491,MODEM TRADE",50,12558.13953,2026-03-05T12:12:46.000+00:00,20260305
296075,Amber Isle Networks,1186254,"TOZED,MIFI,4G,ZLT M30S,MODEM,ROUMOD1491,MODEM TRADE",50,12558.13953,2026-03-05T12:12:46.000+00:00,20260305
296075,Amber Isle Networks,1186254,"TOZED,MIFI,4G,ZLT M30S,MODEM,ROUMOD1491,MODEM TRADE",50,12558.13953,2026-03-05T12:12:46.000+00:00,20260305
296075,Amber Isle Networks,1186254,"TOZED,MIFI,4G,ZLT M30S,MODEM,ROUMOD1491,MODEM TRADE",50,12558.13953,2026-03-05T12:12:46.000+00:00,20260305
296075,Amber Isle Networks,1186254,"TOZED,MIFI,4G,ZLT M30S,MODEM,ROUMOD1491,MODEM TRADE",50,12558.13953,2026-03-05T12:12:46.000+00:00,20260305
296075,Amber Isle Networks,1186254,"TOZED,MIFI,4G,ZLT M30S,MODEM,ROUMOD1491,MODEM TRADE",50,12558.13953,2026-03-05T12:12:46.000+00:00,20260305
296075,Amber Isle Networks,1186254,"TOZED,MIFI,4G,ZLT M30S,MODEM,ROUMOD1491,MODEM TRADE",50,12558.13953,2026-03-05T12:12:46.000+00:00,20260305
296075,Amber Isle Networks,1186254,"TOZED,MIFI,4G,ZLT M30S,MODEM,ROUMOD1491,MODEM TRADE",50,12558.13953,2026-03-05T12:12:46.000+00:00,20260305
296075,Amber Isle Networks,1186254,"TOZED,MIFI,4G,ZLT M30S,MODEM,ROUMOD1491,MODEM TRADE",50,12558.13953,2026-03-05T12:12:46.000+00:00,20260305
296075,Amber Isle Networks,1186254,"TOZED,MIFI,4G,ZLT M30S,MODEM,ROUMOD1491,MODEM TRADE",50,12558.13953,2026-03-05T12:12:46.000+00:00,20260305
296075,Amber Isle Networks,1186254,"TOZED,MIFI,4G,ZLT M30S,MODEM,ROUMOD1491,MODEM TRADE",50,12558.13953,2026-03-05T12:12:46.000+00:00,20260305
296075,Amber Isle Networks,1186254,"TOZED,MIFI,4G,ZLT M30S,MODEM,ROUMOD1491,MODEM TRADE",50,12558.13953,2026-03-05T12:12:46.000+00:00,20260305
296075,Amber Isle Networks,1186254,"TOZED,MIFI,4G,ZLT M30S,MODEM,ROUMOD1491,MODEM TRADE",50,12558.13953,2026-03-05T12:12:46.000+00:00,20260305
296075,Amber Isle Networks,1186254,"TOZED,MIFI,4G,ZLT M30S,MODEM,ROUMOD1491,MODEM TRADE",50,12558.13953,2026-03-05T12:12:46.000+00:00,20260305
296075,Amber Isle Networks,1186254,"TOZED,MIFI,4G,ZLT M30S,MODEM,ROUMOD1491,MODEM TRADE",50,12558.13953,2026-03-05T12:12:46.000+00:00,20260305
296075,Amber Isle Networks,1186254,"TOZED,MIFI,4G,ZLT M30S,MODEM,ROUMOD1491,MODEM TRADE",50,12558.13953,2026-03-05T12:12:46.000+00:00,20260305
296075,Amber Isle Networks,1186254,"TOZED,MIFI,4G,ZLT M30S,MODEM,ROUMOD1491,MODEM TRADE",50,12558.13953,2026-03-05T12:12:46.000+00:00,20260305
19695,Jade Park Ventures,1002552,"VOUCHER ETOPUP, VIRTUAL AIRTIME, NGN15000, ELECTRONIC, VOUCHER ETOPUP",1500,13465.11785,2026-03-05T08:37:39.000+00:00,20260305
19913,Forest Lake Ventures,1002552,"VOUCHER ETOPUP, VIRTUAL AIRTIME, NGN15000, ELECTRONIC, VOUCHER ETOPUP",366,13465.11785,2026-03-22T16:48:14.000+00:00,20260322
19913,Forest Lake Ventures,1002552,"VOUCHER ETOPUP, VIRTUAL AIRTIME, NGN15000, ELECTRONIC, VOUCHER ETOPUP",6000,13465.11785,2026-03-22T16:23:23.000+00:00,20260322
361069,Forest Reach Communications,1283281,"ZTE,ROUMOD4391,ROUMOD4391,4G CPE WITH UPS,MODEM,ROUMOD4391,ROUTER TRADE",5,18604.65116,2026-03-22T10:53:10.000+00:00,20260322
361069,Forest Reach Communications,1283281,"ZTE,ROUMOD4391,ROUMOD4391,4G CPE WITH UPS,MODEM,ROUMOD4391,ROUTER TRADE",5,18604.65116,2026-03-22T10:53:10.000+00:00,20260322
361069,Forest Reach Communications,1283281,"ZTE,ROUMOD4391,ROUMOD4391,4G CPE WITH UPS,MODEM,ROUMOD4391,ROUTER TRADE",5,18604.65116,2026-03-22T10:53:10.000+00:00,20260322
361069,Forest Reach Communications,1283281,"ZTE,ROUMOD4391,ROUMOD4391,4G CPE WITH UPS,MODEM,ROUMOD4391,ROUTER TRADE",5,18604.65116,2026-03-22T10:53:10.000+00:00,20260322
361069,Forest Reach Communications,1283281,"ZTE,ROUMOD4391,ROUMOD4391,4G CPE WITH UPS,MODEM,ROUMOD4391,ROUTER TRADE",5,18604.65116,2026-03-22T10:53:10.000+00:00,20260322
19966,River Star Communications,1002552,"VOUCHER ETOPUP, VIRTUAL AIRTIME, NGN15000, ELECTRONIC, VOUCHER ETOPUP",66500,13465.11785,2026-03-22T13:53:11.000+00:00,20260322
361069,Forest Reach Communications,1283282,"TOZED,ROUMOD4393,ROUMOD4393,5G CPE WITH UPS,MODEM,ROUMOD4393,ROUTER TRADE",1,74418.60465,2026-03-22T10:53:09.000+00:00,20260322
19950,Jade Brook Communications,1283282,"TOZED,ROUMOD4393,ROUMOD4393,5G CPE WITH UPS,MODEM,ROUMOD4393,ROUTER TRADE",2,74418.60465,2026-03-22T10:53:09.000+00:00,20260322
19950,Jade Brook Communications,1283282,"TOZED,ROUMOD4393,ROUMOD4393,5G CPE WITH UPS,MODEM,ROUMOD4393,ROUTER TRADE",2,74418.60465,2026-03-22T10:53:09.000+00:00,20260322
441147,Ocean Ridge Ventures,1186254,"TOZED,MIFI,4G,ZLT M30S,MODEM,ROUMOD1491,MODEM TRADE",4,12558.13953,2026-03-22T10:53:09.000+00:00,20260322
441147,Ocean Ridge Ventures,1186254,"TOZED,MIFI,4G,ZLT M30S,MODEM,ROUMOD1491,MODEM TRADE",4,12558.13953,2026-03-22T10:53:09.000+00:00,20260322
441147,Ocean Ridge Ventures,1186254,"TOZED,MIFI,4G,ZLT M30S,MODEM,ROUMOD1491,MODEM TRADE",4,12558.13953,2026-03-22T10:53:09.000+00:00,20260322
441147,Ocean Ridge Ventures,1186254,"TOZED,MIFI,4G,ZLT M30S,MODEM,ROUMOD1491,MODEM TRADE",4,12558.13953,2026-03-22T10:53:09.000+00:00,20260322
19950,Jade Brook Communications,1283280,"TOZED,ROUMOD4390,ROUMOD4390,4G CPE WITH UPS,MODEM,ROUMOD4390,ROUTER TRADE",9,18604.65116,2026-03-22T10:53:10.000+00:00,20260322
19950,Jade Brook Communications,1283280,"TOZED,ROUMOD4390,ROUMOD4390,4G CPE WITH UPS,MODEM,ROUMOD4390,ROUTER TRADE",9,18604.65116,2026-03-22T10:53:10.000+00:00,20260322
19950,Jade Brook Communications,1283280,"TOZED,ROUMOD4390,ROUMOD4390,4G CPE WITH UPS,MODEM,ROUMOD4390,ROUTER TRADE",9,18604.65116,2026-03-22T10:53:10.000+00:00,20260322
19950,Jade Brook Communications,1283280,"TOZED,ROUMOD4390,ROUMOD4390,4G CPE WITH UPS,MODEM,ROUMOD4390,ROUTER TRADE",9,18604.65116,2026-03-22T10:53:10.000+00:00,20260322
19950,Jade Brook Communications,1283280,"TOZED,ROUMOD4390,ROUMOD4390,4G CPE WITH UPS,MODEM,ROUMOD4390,ROUTER TRADE",9,18604.65116,2026-03-22T10:53:10.000+00:00,20260322
19950,Jade Brook Communications,1283280,"TOZED,ROUMOD4390,ROUMOD4390,4G CPE WITH UPS,MODEM,ROUMOD4390,ROUTER TRADE",9,18604.65116,2026-03-22T10:53:10.000+00:00,20260322
19950,Jade Brook Communications,1283280,"TOZED,ROUMOD4390,ROUMOD4390,4G CPE WITH UPS,MODEM,ROUMOD4390,ROUTER TRADE",9,18604.65116,2026-03-22T10:53:10.000+00:00,20260322
19950,Jade Brook Communications,1283280,"TOZED,ROUMOD4390,ROUMOD4390,4G CPE WITH UPS,MODEM,ROUMOD4390,ROUTER TRADE",9,18604.65116,2026-03-22T10:53:10.000+00:00,20260322
19950,Jade Brook Communications,1283280,"TOZED,ROUMOD4390,ROUMOD4390,4G CPE WITH UPS,MODEM,ROUMOD4390,ROUTER TRADE",9,18604.65116,2026-03-22T10:53:10.000+00:00,20260322
19829,Dawn Horizon Trading,1283280,"TOZED,ROUMOD4390,ROUMOD4390,4G CPE WITH UPS,MODEM,ROUMOD4390,ROUTER TRADE",10,18604.65116,2026-03-22T10:53:10.000+00:00,20260322
19829,Dawn Horizon Trading,1283280,"TOZED,ROUMOD4390,ROUMOD4390,4G CPE WITH UPS,MODEM,ROUMOD4390,ROUTER TRADE",10,18604.65116,2026-03-22T10:53:10.000+00:00,20260322
19829,Dawn Horizon Trading,1283280,"TOZED,ROUMOD4390,ROUMOD4390,4G CPE WITH UPS,MODEM,ROUMOD4390,ROUTER TRADE",10,18604.65116,2026-03-22T10:53:10.000+00:00,20260322
19829,Dawn Horizon Trading,1283280,"TOZED,ROUMOD4390,ROUMOD4390,4G CPE WITH UPS,MODEM,ROUMOD4390,ROUTER TRADE",10,18604.65116,2026-03-22T10:53:10.000+00:00,20260322
19829,Dawn Horizon Trading,1283280,"TOZED,ROUMOD4390,ROUMOD4390,4G CPE WITH UPS,MODEM,ROUMOD4390,ROUTER TRADE",10,18604.65116,2026-03-22T10:53:10.000+00:00,20260322
19829,Dawn Horizon Trading,1283280,"TOZED,ROUMOD4390,ROUMOD4390,4G CPE WITH UPS,MODEM,ROUMOD4390,ROUTER TRADE",10,18604.65116,2026-03-22T10:53:10.000+00:00,20260322
19829,Dawn Horizon Trading,1283280,"TOZED,ROUMOD4390,ROUMOD4390,4G CPE WITH UPS,MODEM,ROUMOD4390,ROUTER TRADE",10,18604.65116,2026-03-22T10:53:10.000+00:00,20260322
19829,Dawn Horizon Trading,1283280,"TOZED,ROUMOD4390,ROUMOD4390,4G CPE WITH UPS,MODEM,ROUMOD4390,ROUTER TRADE",10,18604.65116,2026-03-22T10:53:10.000+00:00,20260322
19829,Dawn Horizon Trading,1283280,"TOZED,ROUMOD4390,ROUMOD4390,4G CPE WITH UPS,MODEM,ROUMOD4390,ROUTER TRADE",10,18604.65116,2026-03-22T10:53:10.000+00:00,20260322
19829,Dawn Horizon Trading,1283280,"TOZED,ROUMOD4390,ROUMOD4390,4G CPE WITH UPS,MODEM,ROUMOD4390,ROUTER TRADE",10,18604.65116,2026-03-22T10:53:10.000+00:00,20260322
19675,Dawn Path Ventures,1283280,"TOZED,ROUMOD4390,ROUMOD4390,4G CPE WITH UPS,MODEM,ROUMOD4390,ROUTER TRADE",10,18604.65116,2026-03-22T10:53:10.000+00:00,20260322
19675,Dawn Path Ventures,1283280,"TOZED,ROUMOD4390,ROUMOD4390,4G CPE WITH UPS,MODEM,ROUMOD4390,ROUTER TRADE",10,18604.65116,2026-03-22T10:53:10.000+00:00,20260322
19675,Dawn Path Ventures,1283280,"TOZED,ROUMOD4390,ROUMOD4390,4G CPE WITH UPS,MODEM,ROUMOD4390,ROUTER TRADE",10,18604.65116,2026-03-22T10:53:10.000+00:00,20260322
19675,Dawn Path Ventures,1283280,"TOZED,ROUMOD4390,ROUMOD4390,4G CPE WITH UPS,MODEM,ROUMOD4390,ROUTER TRADE",10,18604.65116,2026-03-22T10:53:10.000+00:00,20260322
19675,Dawn Path Ventures,1283280,"TOZED,ROUMOD4390,ROUMOD4390,4G CPE WITH UPS,MODEM,ROUMOD4390,ROUTER TRADE",10,18604.65116,2026-03-22T10:53:10.000+00:00,20260322
19675,Dawn Path Ventures,1283280,"TOZED,ROUMOD4390,ROUMOD4390,4G CPE WITH UPS,MODEM,ROUMOD4390,ROUTER TRADE",10,18604.65116,2026-03-22T10:53:10.000+00:00,20260322
19675,Dawn Path Ventures,1283280,"TOZED,ROUMOD4390,ROUMOD4390,4G CPE WITH UPS,MODEM,ROUMOD4390,ROUTER TRADE",10,18604.65116,2026-03-22T10:53:10.000+00:00,20260322
19675,Dawn Path Ventures,1283280,"TOZED,ROUMOD4390,ROUMOD4390,4G CPE WITH UPS,MODEM,ROUMOD4390,ROUTER TRADE",10,18604.65116,2026-03-22T10:53:10.000+00:00,20260322
19675,Dawn Path Ventures,1283280,"TOZED,ROUMOD4390,ROUMOD4390,4G CPE WITH UPS,MODEM,ROUMOD4390,ROUTER TRADE",10,18604.65116,2026-03-22T10:53:10.000+00:00,20260322
19675,Dawn Path Ventures,1283280,"TOZED,ROUMOD4390,ROUMOD4390,4G CPE WITH UPS,MODEM,ROUMOD4390,ROUTER TRADE",10,18604.65116,2026-03-22T10:53:10.000+00:00,20260322
19913,Forest Lake Ventures,1002552,"VOUCHER ETOPUP, VIRTUAL AIRTIME, NGN15000, ELECTRONIC, VOUCHER ETOPUP",6000,13465.11785,2026-03-22T16:23:23.000+00:00,20260322
110035,Olive Hill Networks,1283282,"TOZED,ROUMOD4393,ROUMOD4393,5G CPE WITH UPS,MODEM,ROUMOD4393,ROUTER TRADE",18,74418.60465,2026-03-22T10:53:09.000+00:00,20260322
110035,Olive Hill Networks,1283282,"TOZED,ROUMOD4393,ROUMOD4393,5G CPE WITH UPS,MODEM,ROUMOD4393,ROUTER TRADE",18,74418.60465,2026-03-22T10:53:09.000+00:00,20260322
110035,Olive Hill Networks,1283282,"TOZED,ROUMOD4393,ROUMOD4393,5G CPE WITH UPS,MODEM,ROUMOD4393,ROUTER TRADE",18,74418.60465,2026-03-22T10:53:09.000+00:00,20260322
110035,Olive Hill Networks,1283282,"TOZED,ROUMOD4393,ROUMOD4393,5G CPE WITH UPS,MODEM,ROUMOD4393,ROUTER TRADE",18,74418.60465,2026-03-22T10:53:09.000+00:00,20260322
110035,Olive Hill Networks,1283282,"TOZED,ROUMOD4393,ROUMOD4393,5G CPE WITH UPS,MODEM,ROUMOD4393,ROUTER TRADE",18,74418.60465,2026-03-22T10:53:09.000+00:00,20260322
110035,Olive Hill Networks,1283282,"TOZED,ROUMOD4393,ROUMOD4393,5G CPE WITH UPS,MODEM,ROUMOD4393,ROUTER TRADE",18,74418.60465,2026-03-22T10:53:09.000+00:00,20260322
110035,Olive Hill Networks,1283282,"TOZED,ROUMOD4393,ROUMOD4393,5G CPE WITH UPS,MODEM,ROUMOD4393,ROUTER TRADE",18,74418.60465,2026-03-22T10:53:09.000+00:00,20260322
110035,Olive Hill Networks,1283282,"TOZED,ROUMOD4393,ROUMOD4393,5G CPE WITH UPS,MODEM,ROUMOD4393,ROUTER TRADE",18,74418.60465,2026-03-22T10:53:09.000+00:00,20260322
110035,Olive Hill Networks,1283282,"TOZED,ROUMOD4393,ROUMOD4393,5G CPE WITH UPS,MODEM,ROUMOD4393,ROUTER TRADE",18,74418.60465,2026-03-22T10:53:09.000+00:00,20260322
110035,Olive Hill Networks,1283282,"TOZED,ROUMOD4393,ROUMOD4393,5G CPE WITH UPS,MODEM,ROUMOD4393,ROUTER TRADE",18,74418.60465,2026-03-22T10:53:09.000+00:00,20260322
110035,Olive Hill Networks,1283282,"TOZED,ROUMOD4393,ROUMOD4393,5G CPE WITH UPS,MODEM,ROUMOD4393,ROUTER TRADE",18,74418.60465,2026-03-22T10:53:09.000+00:00,20260322
110035,Olive Hill Networks,1283282,"TOZED,ROUMOD4393,ROUMOD4393,5G CPE WITH UPS,MODEM,ROUMOD4393,ROUTER TRADE",18,74418.60465,2026-03-22T10:53:09.000+00:00,20260322
110035,Olive Hill Networks,1283282,"TOZED,ROUMOD4393,ROUMOD4393,5G CPE WITH UPS,MODEM,ROUMOD4393,ROUTER TRADE",18,74418.60465,2026-03-22T10:53:09.000+00:00,20260322
110035,Olive Hill Networks,1283282,"TOZED,ROUMOD4393,ROUMOD4393,5G CPE WITH UPS,MODEM,ROUMOD4393,ROUTER TRADE",18,74418.60465,2026-03-22T10:53:09.000+00:00,20260322
110035,Olive Hill Networks,1283282,"TOZED,ROUMOD4393,ROUMOD4393,5G CPE WITH UPS,MODEM,ROUMOD4393,ROUTER TRADE",18,74418.60465,2026-03-22T10:53:09.000+00:00,20260322
110035,Olive Hill Networks,1283282,"TOZED,ROUMOD4393,ROUMOD4393,5G CPE WITH UPS,MODEM,ROUMOD4393,ROUTER TRADE",18,74418.60465,2026-03-22T10:53:09.000+00:00,20260322
110035,Olive Hill Networks,1283282,"TOZED,ROUMOD4393,ROUMOD4393,5G CPE WITH UPS,MODEM,ROUMOD4393,ROUTER TRADE",18,74418.60465,2026-03-22T10:53:09.000+00:00,20260322
110035,Olive Hill Networks,1283282,"TOZED,ROUMOD4393,ROUMOD4393,5G CPE WITH UPS,MODEM,ROUMOD4393,ROUTER TRADE",18,74418.60465,2026-03-22T10:53:09.000+00:00,20260322
110035,Olive Hill Networks,1283281,"ZTE,ROUMOD4391,ROUMOD4391,4G CPE WITH UPS,MODEM,ROUMOD4391,ROUTER TRADE",1,18604.65116,2026-03-22T10:53:10.000+00:00,20260322
19964,River Star Communications,1002552,"VOUCHER ETOPUP, VIRTUAL AIRTIME, NGN15000, ELECTRONIC, VOUCHER ETOPUP",66379,13465.11785,2026-03-22T18:33:08.000+00:00,20260322
21284,Ember Coast Trading,1186254,"TOZED,MIFI,4G,ZLT M30S,MODEM,ROUMOD1491,MODEM TRADE",5,12558.13953,2026-03-22T10:53:10.000+00:00,20260322
21284,Ember Coast Trading,1186254,"TOZED,MIFI,4G,ZLT M30S,MODEM,ROUMOD1491,MODEM TRADE",5,12558.13953,2026-03-22T10:53:10.000+00:00,20260322
21284,Ember Coast Trading,1186254,"TOZED,MIFI,4G,ZLT M30S,MODEM,ROUMOD1491,MODEM TRADE",5,12558.13953,2026-03-22T10:53:10.000+00:00,20260322
21284,Ember Coast Trading,1186254,"TOZED,MIFI,4G,ZLT M30S,MODEM,ROUMOD1491,MODEM TRADE",5,12558.13953,2026-03-22T10:53:10.000+00:00,20260322
21284,Ember Coast Trading,1186254,"TOZED,MIFI,4G,ZLT M30S,MODEM,ROUMOD1491,MODEM TRADE",5,12558.13953,2026-03-22T10:53:10.000+00:00,20260322
449142,Ocean Ridge Communications,1186254,"TOZED,MIFI,4G,ZLT M30S,MODEM,ROUMOD1491,MODEM TRADE",2,12558.13953,2026-03-22T10:53:09.000+00:00,20260322
449142,Ocean Ridge Communications,1186254,"TOZED,MIFI,4G,ZLT M30S,MODEM,ROUMOD1491,MODEM TRADE",2,12558.13953,2026-03-22T10:53:09.000+00:00,20260322
393085,Laurel Lake Trading,1234615,"HUAWEI,ROUWIR4302,ROUWIR4302,4G CAT4 CPE B313-322WITH UPS,WIRELESS,ROUWIR4302,ROUTER TRADE",3,18604.65116,2026-03-22T10:53:09.000+00:00,20260322
393085,Laurel Lake Trading,1234615,"HUAWEI,ROUWIR4302,ROUWIR4302,4G CAT4 CPE B313-322WITH UPS,WIRELESS,ROUWIR4302,ROUTER TRADE",3,18604.65116,2026-03-22T10:53:09.000+00:00,20260322
393085,Laurel Lake Trading,1234615,"HUAWEI,ROUWIR4302,ROUWIR4302,4G CAT4 CPE B313-322WITH UPS,WIRELESS,ROUWIR4302,ROUTER TRADE",3,18604.65116,2026-03-22T10:53:09.000+00:00,20260322
332070,Stone Wind Communications,1002552,"VOUCHER ETOPUP, VIRTUAL AIRTIME, NGN15000, ELECTRONIC, VOUCHER ETOPUP",66620,13465.11785,2026-03-22T12:53:23.000+00:00,20260322
19966,River Star Communications,1002552,"VOUCHER ETOPUP, VIRTUAL AIRTIME, NGN15000, ELECTRONIC, VOUCHER ETOPUP",5179,13465.11785,2026-03-22T13:58:05.000+00:00,20260322
294092,Linden Lake Ventures,1186254,"TOZED,MIFI,4G,ZLT M30S,MODEM,ROUMOD1491,MODEM TRADE",2,12558.13953,2026-03-22T10:53:09.000+00:00,20260322
294092,Linden Lake Ventures,1186254,"TOZED,MIFI,4G,ZLT M30S,MODEM,ROUMOD1491,MODEM TRADE",2,12558.13953,2026-03-22T10:53:09.000+00:00,20260322
391085,Raven Point Ventures,1283281,"ZTE,ROUMOD4391,ROUMOD4391,4G CPE WITH UPS,MODEM,ROUMOD4391,ROUTER TRADE",1,18604.65116,2026-03-22T10:53:09.000+00:00,20260322
353061,Forest Reach Communications,1283282,"TOZED,ROUMOD4393,ROUMOD4393,5G CPE WITH UPS,MODEM,ROUMOD4393,ROUTER TRADE",4,74418.60465,2026-03-22T10:53:09.000+00:00,20260322
353061,Forest Reach Communications,1283282,"TOZED,ROUMOD4393,ROUMOD4393,5G CPE WITH UPS,MODEM,ROUMOD4393,ROUTER TRADE",4,74418.60465,2026-03-22T10:53:09.000+00:00,20260322
353061,Forest Reach Communications,1283282,"TOZED,ROUMOD4393,ROUMOD4393,5G CPE WITH UPS,MODEM,ROUMOD4393,ROUTER TRADE",4,74418.60465,2026-03-22T10:53:09.000+00:00,20260322
353061,Forest Reach Communications,1283282,"TOZED,ROUMOD4393,ROUMOD4393,5G CPE WITH UPS,MODEM,ROUMOD4393,ROUTER TRADE",4,74418.60465,2026-03-22T10:53:09.000+00:00,20260322
19384,Pearl Park Trading,1002552,"VOUCHER ETOPUP, VIRTUAL AIRTIME, NGN15000, ELECTRONIC, VOUCHER ETOPUP",6400,13465.11785,2026-03-22T13:58:05.000+00:00,20260322
19966,River Star Communications,1002552,"VOUCHER ETOPUP, VIRTUAL AIRTIME, NGN15000, ELECTRONIC, VOUCHER ETOPUP",10362,13465.11785,2026-03-22T13:58:05.000+00:00,20260322
19812,Hazel Bay Trading,1234615,"HUAWEI,ROUWIR4302,ROUWIR4302,4G CAT4 CPE B313-322WITH UPS,WIRELESS,ROUWIR4302,ROUTER TRADE",10,18604.65116,2026-03-27T09:43:32.000+00:00,20260327
19812,Hazel Bay Trading,1234615,"HUAWEI,ROUWIR4302,ROUWIR4302,4G CAT4 CPE B313-322WITH UPS,WIRELESS,ROUWIR4302,ROUTER TRADE",10,18604.65116,2026-03-27T09:43:32.000+00:00,20260327
357071,Spruce Light Communications,1186254,"TOZED,MIFI,4G,ZLT M30S,MODEM,ROUMOD1491,MODEM TRADE",2,12558.13953,2026-03-27T14:23:21.000+00:00,20260327
357071,Spruce Light Communications,1186254,"TOZED,MIFI,4G,ZLT M30S,MODEM,ROUMOD1491,MODEM TRADE",2,12558.13953,2026-03-27T14:23:21.000+00:00,20260327
19661,Coral Haven Networks,1002552,"VOUCHER ETOPUP, VIRTUAL AIRTIME, NGN15000, ELECTRONIC, VOUCHER ETOPUP",2855,13465.11785,2026-03-27T14:43:23.000+00:00,20260327
19964,River Star Communications,1002552,"VOUCHER ETOPUP, VIRTUAL AIRTIME, NGN15000, ELECTRONIC, VOUCHER ETOPUP",26390,13465.11785,2026-03-27T09:39:02.000+00:00,20260327
115034,Flint Grove Trading,1002552,"VOUCHER ETOPUP, VIRTUAL AIRTIME, NGN15000, ELECTRONIC, VOUCHER ETOPUP",100,13465.11785,2026-03-27T16:13:30.000+00:00,20260327
405089,Rowan Light Communications,1002552,"VOUCHER ETOPUP, VIRTUAL AIRTIME, NGN15000, ELECTRONIC, VOUCHER ETOPUP",17230,13465.11785,2026-03-27T09:23:01.000+00:00,20260327
19681,Forest Vale Communications,1186254,"TOZED,MIFI,4G,ZLT M30S,MODEM,ROUMOD1491,MODEM TRADE",15,12558.13953,2026-03-27T11:58:03.000+00:00,20260327
19681,Forest Vale Communications,1186254,"TOZED,MIFI,4G,ZLT M30S,MODEM,ROUMOD1491,MODEM TRADE",15,12558.13953,2026-03-27T11:58:03.000+00:00,20260327
19681,Forest Vale Communications,1186254,"TOZED,MIFI,4G,ZLT M30S,MODEM,ROUMOD1491,MODEM TRADE",15,12558.13953,2026-03-27T11:58:03.000+00:00,20260327
19681,Forest Vale Communications,1186254,"TOZED,MIFI,4G,ZLT M30S,MODEM,ROUMOD1491,MODEM TRADE",15,12558.13953,2026-03-27T11:58:03.000+00:00,20260327
19681,Forest Vale Communications,1186254,"TOZED,MIFI,4G,ZLT M30S,MODEM,ROUMOD1491,MODEM TRADE",15,12558.13953,2026-03-27T11:58:03.000+00:00,20260327
19681,Forest Vale Communications,1186254,"TOZED,MIFI,4G,ZLT M30S,MODEM,ROUMOD1491,MODEM TRADE",15,12558.13953,2026-03-27T11:58:03.000+00:00,20260327
19681,Forest Vale Communications,1186254,"TOZED,MIFI,4G,ZLT M30S,MODEM,ROUMOD1491,MODEM TRADE",15,12558.13953,2026-03-27T11:58:03.000+00:00,20260327
19681,Forest Vale Communications,1186254,"TOZED,MIFI,4G,ZLT M30S,MODEM,ROUMOD1491,MODEM TRADE",15,12558.13953,2026-03-27T11:58:03.000+00:00,20260327
19681,Forest Vale Communications,1186254,"TOZED,MIFI,4G,ZLT M30S,MODEM,ROUMOD1491,MODEM TRADE",15,12558.13953,2026-03-27T11:58:03.000+00:00,20260327
19681,Forest Vale Communications,1186254,"TOZED,MIFI,4G,ZLT M30S,MODEM,ROUMOD1491,MODEM TRADE",15,12558.13953,2026-03-27T11:58:03.000+00:00,20260327
19681,Forest Vale Communications,1186254,"TOZED,MIFI,4G,ZLT M30S,MODEM,ROUMOD1491,MODEM TRADE",15,12558.13953,2026-03-27T11:58:03.000+00:00,20260327
19681,Forest Vale Communications,1186254,"TOZED,MIFI,4G,ZLT M30S,MODEM,ROUMOD1491,MODEM TRADE",15,12558.13953,2026-03-27T11:58:03.000+00:00,20260327
19681,Forest Vale Communications,1186254,"TOZED,MIFI,4G,ZLT M30S,MODEM,ROUMOD1491,MODEM TRADE",15,12558.13953,2026-03-27T11:58:03.000+00:00,20260327
19681,Forest Vale Communications,1186254,"TOZED,MIFI,4G,ZLT M30S,MODEM,ROUMOD1491,MODEM TRADE",15,12558.13953,2026-03-27T11:58:03.000+00:00,20260327
19681,Forest Vale Communications,1186254,"TOZED,MIFI,4G,ZLT M30S,MODEM,ROUMOD1491,MODEM TRADE",15,12558.13953,2026-03-27T11:58:03.000+00:00,20260327
19779,Swift Stone Networks,1299801,"GENERAL,ROUMIFI20001,ROUMIFI20001,5G MIFI, TOZED, ZLT X32 U,MIFI,ROUMIFI20001,ROUTER TRADE",1,58604.65116,2026-03-27T06:48:09.000+00:00,20260327
19776,Cedar Grove Trading,1002552,"VOUCHER ETOPUP, VIRTUAL AIRTIME, NGN15000, ELECTRONIC, VOUCHER ETOPUP",908,13465.11785,2026-03-27T07:38:18.000+00:00,20260327
19913,Forest Lake Ventures,1002552,"VOUCHER ETOPUP, VIRTUAL AIRTIME, NGN15000, ELECTRONIC, VOUCHER ETOPUP",6000,13465.11785,2026-03-27T06:28:25.000+00:00,20260327
334059,Harbor Moon Ventures,1283282,"TOZED,ROUMOD4393,ROUMOD4393,5G CPE WITH UPS,MODEM,ROUMOD4393,ROUTER TRADE",5,74418.60465,2026-03-28T10:43:04.000+00:00,20260328
334059,Harbor Moon Ventures,1283282,"TOZED,ROUMOD4393,ROUMOD4393,5G CPE WITH UPS,MODEM,ROUMOD4393,ROUTER TRADE",5,74418.60465,2026-03-28T10:43:04.000+00:00,20260328
334059,Harbor Moon Ventures,1283282,"TOZED,ROUMOD4393,ROUMOD4393,5G CPE WITH UPS,MODEM,ROUMOD4393,ROUTER TRADE",5,74418.60465,2026-03-28T10:43:04.000+00:00,20260328
334059,Harbor Moon Ventures,1283282,"TOZED,ROUMOD4393,ROUMOD4393,5G CPE WITH UPS,MODEM,ROUMOD4393,ROUTER TRADE",5,74418.60465,2026-03-28T10:43:04.000+00:00,20260328
334059,Harbor Moon Ventures,1283282,"TOZED,ROUMOD4393,ROUMOD4393,5G CPE WITH UPS,MODEM,ROUMOD4393,ROUTER TRADE",5,74418.60465,2026-03-28T10:43:04.000+00:00,20260328
19776,Cedar Grove Trading,1002552,"VOUCHER ETOPUP, VIRTUAL AIRTIME, NGN15000, ELECTRONIC, VOUCHER ETOPUP",670,13465.11785,2026-03-28T06:43:36.000+00:00,20260328
19792,Sunset Port Ventures,1002552,"VOUCHER ETOPUP, VIRTUAL AIRTIME, NGN15000, ELECTRONIC, VOUCHER ETOPUP",1797,13465.11785,2026-03-28T09:38:22.000+00:00,20260328
19514,Pearl Crest Communications,1002552,"VOUCHER ETOPUP, VIRTUAL AIRTIME, NGN15000, ELECTRONIC, VOUCHER ETOPUP",1143,13465.11785,2026-03-28T12:23:17.000+00:00,20260328
19719,Aspen Gate Ventures,1002552,"VOUCHER ETOPUP, VIRTUAL AIRTIME, NGN15000, ELECTRONIC, VOUCHER ETOPUP",690,13465.11785,2026-03-28T13:28:14.000+00:00,20260328
19514,Pearl Crest Communications,1002552,"VOUCHER ETOPUP, VIRTUAL AIRTIME, NGN15000, ELECTRONIC, VOUCHER ETOPUP",1143,13465.11785,2026-03-28T12:13:29.000+00:00,20260328
19832,Amber Beacon Trading,1002552,"VOUCHER ETOPUP, VIRTUAL AIRTIME, NGN15000, ELECTRONIC, VOUCHER ETOPUP",2900,13465.11785,2026-03-28T21:03:20.000+00:00,20260328
19411,Jade Lake Ventures,1002552,"VOUCHER ETOPUP, VIRTUAL AIRTIME, NGN15000, ELECTRONIC, VOUCHER ETOPUP",1382,13465.11785,2026-03-28T10:18:30.000+00:00,20260328
19776,Cedar Grove Trading,1002552,"VOUCHER ETOPUP, VIRTUAL AIRTIME, NGN15000, ELECTRONIC, VOUCHER ETOPUP",670,13465.11785,2026-03-28T12:03:30.000+00:00,20260328
19913,Forest Lake Ventures,1002552,"VOUCHER ETOPUP, VIRTUAL AIRTIME, NGN15000, ELECTRONIC, VOUCHER ETOPUP",6000,13465.11785,2026-03-28T09:43:36.000+00:00,20260328
20020,Maple Wave Trading,1002552,"VOUCHER ETOPUP, VIRTUAL AIRTIME, NGN15000, ELECTRONIC, VOUCHER ETOPUP",44,13465.11785,2026-03-28T09:38:22.000+00:00,20260328
19562,Indigo Arc Communications,1283282,"TOZED,ROUMOD4393,ROUMOD4393,5G CPE WITH UPS,MODEM,ROUMOD4393,ROUTER TRADE",10,74418.60465,2026-03-28T14:38:37.000+00:00,20260328
19562,Indigo Arc Communications,1283282,"TOZED,ROUMOD4393,ROUMOD4393,5G CPE WITH UPS,MODEM,ROUMOD4393,ROUTER TRADE",10,74418.60465,2026-03-28T14:38:37.000+00:00,20260328
19562,Indigo Arc Communications,1283282,"TOZED,ROUMOD4393,ROUMOD4393,5G CPE WITH UPS,MODEM,ROUMOD4393,ROUTER TRADE",10,74418.60465,2026-03-28T14:38:37.000+00:00,20260328
19562,Indigo Arc Communications,1283282,"TOZED,ROUMOD4393,ROUMOD4393,5G CPE WITH UPS,MODEM,ROUMOD4393,ROUTER TRADE",10,74418.60465,2026-03-28T14:38:37.000+00:00,20260328
19562,Indigo Arc Communications,1283282,"TOZED,ROUMOD4393,ROUMOD4393,5G CPE WITH UPS,MODEM,ROUMOD4393,ROUTER TRADE",10,74418.60465,2026-03-28T14:38:37.000+00:00,20260328
19562,Indigo Arc Communications,1283282,"TOZED,ROUMOD4393,ROUMOD4393,5G CPE WITH UPS,MODEM,ROUMOD4393,ROUTER TRADE",10,74418.60465,2026-03-28T14:38:37.000+00:00,20260328
19562,Indigo Arc Communications,1283282,"TOZED,ROUMOD4393,ROUMOD4393,5G CPE WITH UPS,MODEM,ROUMOD4393,ROUTER TRADE",10,74418.60465,2026-03-28T14:38:37.000+00:00,20260328
19562,Indigo Arc Communications,1283282,"TOZED,ROUMOD4393,ROUMOD4393,5G CPE WITH UPS,MODEM,ROUMOD4393,ROUTER TRADE",10,74418.60465,2026-03-28T14:38:37.000+00:00,20260328
19562,Indigo Arc Communications,1283282,"TOZED,ROUMOD4393,ROUMOD4393,5G CPE WITH UPS,MODEM,ROUMOD4393,ROUTER TRADE",10,74418.60465,2026-03-28T14:38:37.000+00:00,20260328
19562,Indigo Arc Communications,1283282,"TOZED,ROUMOD4393,ROUMOD4393,5G CPE WITH UPS,MODEM,ROUMOD4393,ROUTER TRADE",10,74418.60465,2026-03-28T14:38:37.000+00:00,20260328
19913,Forest Lake Ventures,1002552,"VOUCHER ETOPUP, VIRTUAL AIRTIME, NGN15000, ELECTRONIC, VOUCHER ETOPUP",6000,13465.11785,2026-03-28T12:23:17.000+00:00,20260328
342066,Juniper Path Communications,1283280,"TOZED,ROUMOD4390,ROUMOD4390,4G CPE WITH UPS,MODEM,ROUMOD4390,ROUTER TRADE",5,18604.65116,2026-03-28T12:13:29.000+00:00,20260328
342066,Juniper Path Communications,1283280,"TOZED,ROUMOD4390,ROUMOD4390,4G CPE WITH UPS,MODEM,ROUMOD4390,ROUTER TRADE",5,18604.65116,2026-03-28T12:13:29.000+00:00,20260328
342066,Juniper Path Communications,1283280,"TOZED,ROUMOD4390,ROUMOD4390,4G CPE WITH UPS,MODEM,ROUMOD4390,ROUTER TRADE",5,18604.65116,2026-03-28T12:13:29.000+00:00,20260328
342066,Juniper Path Communications,1283280,"TOZED,ROUMOD4390,ROUMOD4390,4G CPE WITH UPS,MODEM,ROUMOD4390,ROUTER TRADE",5,18604.65116,2026-03-28T12:13:29.000+00:00,20260328
342066,Juniper Path Communications,1283280,"TOZED,ROUMOD4390,ROUMOD4390,4G CPE WITH UPS,MODEM,ROUMOD4390,ROUTER TRADE",5,18604.65116,2026-03-28T12:13:29.000+00:00,20260328
19832,Amber Beacon Trading,1002552,"VOUCHER ETOPUP, VIRTUAL AIRTIME, NGN15000, ELECTRONIC, VOUCHER ETOPUP",350,13465.11785,2026-03-28T10:38:27.000+00:00,20260328
19792,Sunset Port Ventures,1002552,"VOUCHER ETOPUP, VIRTUAL AIRTIME, NGN15000, ELECTRONIC, VOUCHER ETOPUP",1698,13465.11785,2026-03-28T09:33:27.000+00:00,20260328
19913,Forest Lake Ventures,1002552,"VOUCHER ETOPUP, VIRTUAL AIRTIME, NGN15000, ELECTRONIC, VOUCHER ETOPUP",6000,13465.11785,2026-03-28T09:43:36.000+00:00,20260328
19792,Sunset Port Ventures,1002552,"VOUCHER ETOPUP, VIRTUAL AIRTIME, NGN15000, ELECTRONIC, VOUCHER ETOPUP",2072,13465.11785,2026-03-28T09:33:28.000+00:00,20260328
19514,Pearl Crest Communications,1002552,"VOUCHER ETOPUP, VIRTUAL AIRTIME, NGN15000, ELECTRONIC, VOUCHER ETOPUP",1143,13465.11785,2026-03-28T12:23:17.000+00:00,20260328
19837,Jade Haven Trading,1212360,"ZTE,MF935,MF935,4G,MIFI,MF935,ROUTER TRADE",60,12558.13953,2026-03-28T09:58:16.000+00:00,20260328
19837,Jade Haven Trading,1212360,"ZTE,MF935,MF935,4G,MIFI,MF935,ROUTER TRADE",60,12558.13953,2026-03-28T09:58:16.000+00:00,20260328
19837,Jade Haven Trading,1212360,"ZTE,MF935,MF935,4G,MIFI,MF935,ROUTER TRADE",60,12558.13953,2026-03-28T09:58:16.000+00:00,20260328
19837,Jade Haven Trading,1212360,"ZTE,MF935,MF935,4G,MIFI,MF935,ROUTER TRADE",60,12558.13953,2026-03-28T09:58:16.000+00:00,20260328
19837,Jade Haven Trading,1212360,"ZTE,MF935,MF935,4G,MIFI,MF935,ROUTER TRADE",60,12558.13953,2026-03-28T09:58:16.000+00:00,20260328
19837,Jade Haven Trading,1212360,"ZTE,MF935,MF935,4G,MIFI,MF935,ROUTER TRADE",60,12558.13953,2026-03-28T09:58:16.000+00:00,20260328
19837,Jade Haven Trading,1212360,"ZTE,MF935,MF935,4G,MIFI,MF935,ROUTER TRADE",60,12558.13953,2026-03-28T09:58:16.000+00:00,20260328
19837,Jade Haven Trading,1212360,"ZTE,MF935,MF935,4G,MIFI,MF935,ROUTER TRADE",60,12558.13953,2026-03-28T09:58:16.000+00:00,20260328
19837,Jade Haven Trading,1212360,"ZTE,MF935,MF935,4G,MIFI,MF935,ROUTER TRADE",60,12558.13953,2026-03-28T09:58:16.000+00:00,20260328
19913,Forest Lake Ventures,1002552,"VOUCHER ETOPUP, VIRTUAL AIRTIME, NGN15000, ELECTRONIC, VOUCHER ETOPUP",6000,13465.11785,2026-03-28T12:23:17.000+00:00,20260328
19721,Swift Moon Trading,1002552,"VOUCHER ETOPUP, VIRTUAL AIRTIME, NGN15000, ELECTRONIC, VOUCHER ETOPUP",2764,13465.11785,2026-03-28T18:03:08.000+00:00,20260328
19612,Aspen Sky Trading,1002552,"VOUCHER ETOPUP, VIRTUAL AIRTIME, NGN15000, ELECTRONIC, VOUCHER ETOPUP",23561,13465.11785,2026-03-28T16:38:02.000+00:00,20260328
19792,Sunset Port Ventures,1002552,"VOUCHER ETOPUP, VIRTUAL AIRTIME, NGN15000, ELECTRONIC, VOUCHER ETOPUP",2072,13465.11785,2026-03-28T09:33:27.000+00:00,20260328
19514,Pearl Crest Communications,1002552,"VOUCHER ETOPUP, VIRTUAL AIRTIME, NGN15000, ELECTRONIC, VOUCHER ETOPUP",1143,13465.11785,2026-03-28T12:18:12.000+00:00,20260328
19784,Raven Isle Communications,1002552,"VOUCHER ETOPUP, VIRTUAL AIRTIME, NGN15000, ELECTRONIC, VOUCHER ETOPUP",13885,13465.11785,2026-03-28T11:13:29.000+00:00,20260328
19964,River Star Communications,1002552,"VOUCHER ETOPUP, VIRTUAL AIRTIME, NGN15000, ELECTRONIC, VOUCHER ETOPUP",66655,13465.11785,2026-03-28T09:48:33.000+00:00,20260328
19383,Swift Crown Ventures,1002552,"VOUCHER ETOPUP, VIRTUAL AIRTIME, NGN15000, ELECTRONIC, VOUCHER ETOPUP",2100,13465.11785,2026-03-28T17:58:37.000+00:00,20260328
19964,River Star Communications,1002552,"VOUCHER ETOPUP, VIRTUAL AIRTIME, NGN15000, ELECTRONIC, VOUCHER ETOPUP",11700,13465.11785,2026-03-28T02:54:02.000+00:00,20260328
98053,Raven Sky Networks,1288996,"NOTION,ROUWIR4389,ROUWIR4389,4G CAT 4 CPE WITH UPS,ROUTER,ROUWIR4389,ROUTER TRADE",20,18604.65116,2026-03-28T10:43:04.000+00:00,20260328
98053,Raven Sky Networks,1288996,"NOTION,ROUWIR4389,ROUWIR4389,4G CAT 4 CPE WITH UPS,ROUTER,ROUWIR4389,ROUTER TRADE",20,18604.65116,2026-03-28T10:43:04.000+00:00,20260328
98053,Raven Sky Networks,1288996,"NOTION,ROUWIR4389,ROUWIR4389,4G CAT 4 CPE WITH UPS,ROUTER,ROUWIR4389,ROUTER TRADE",20,18604.65116,2026-03-28T10:43:04.000+00:00,20260328
98053,Raven Sky Networks,1288996,"NOTION,ROUWIR4389,ROUWIR4389,4G CAT 4 CPE WITH UPS,ROUTER,ROUWIR4389,ROUTER TRADE",20,18604.65116,2026-03-28T10:43:04.000+00:00,20260328
98053,Raven Sky Networks,1288996,"NOTION,ROUWIR4389,ROUWIR4389,4G CAT 4 CPE WITH UPS,ROUTER,ROUWIR4389,ROUTER TRADE",20,18604.65116,2026-03-28T10:43:04.000+00:00,20260328
98053,Raven Sky Networks,1288996,"NOTION,ROUWIR4389,ROUWIR4389,4G CAT 4 CPE WITH UPS,ROUTER,ROUWIR4389,ROUTER TRADE",20,18604.65116,2026-03-28T10:43:04.000+00:00,20260328
98053,Raven Sky Networks,1288996,"NOTION,ROUWIR4389,ROUWIR4389,4G CAT 4 CPE WITH UPS,ROUTER,ROUWIR4389,ROUTER TRADE",20,18604.65116,2026-03-28T10:43:04.000+00:00,20260328
98053,Raven Sky Networks,1288996,"NOTION,ROUWIR4389,ROUWIR4389,4G CAT 4 CPE WITH UPS,ROUTER,ROUWIR4389,ROUTER TRADE",20,18604.65116,2026-03-28T10:43:04.000+00:00,20260328
98053,Raven Sky Networks,1288996,"NOTION,ROUWIR4389,ROUWIR4389,4G CAT 4 CPE WITH UPS,ROUTER,ROUWIR4389,ROUTER TRADE",20,18604.65116,2026-03-28T10:43:04.000+00:00,20260328
98053,Raven Sky Networks,1288996,"NOTION,ROUWIR4389,ROUWIR4389,4G CAT 4 CPE WITH UPS,ROUTER,ROUWIR4389,ROUTER TRADE",20,18604.65116,2026-03-28T10:43:04.000+00:00,20260328
98053,Raven Sky Networks,1288996,"NOTION,ROUWIR4389,ROUWIR4389,4G CAT 4 CPE WITH UPS,ROUTER,ROUWIR4389,ROUTER TRADE",20,18604.65116,2026-03-28T10:43:04.000+00:00,20260328
98053,Raven Sky Networks,1288996,"NOTION,ROUWIR4389,ROUWIR4389,4G CAT 4 CPE WITH UPS,ROUTER,ROUWIR4389,ROUTER TRADE",20,18604.65116,2026-03-28T10:43:04.000+00:00,20260328
98053,Raven Sky Networks,1288996,"NOTION,ROUWIR4389,ROUWIR4389,4G CAT 4 CPE WITH UPS,ROUTER,ROUWIR4389,ROUTER TRADE",20,18604.65116,2026-03-28T10:43:04.000+00:00,20260328
98053,Raven Sky Networks,1288996,"NOTION,ROUWIR4389,ROUWIR4389,4G CAT 4 CPE WITH UPS,ROUTER,ROUWIR4389,ROUTER TRADE",20,18604.65116,2026-03-28T10:43:04.000+00:00,20260328
98053,Raven Sky Networks,1288996,"NOTION,ROUWIR4389,ROUWIR4389,4G CAT 4 CPE WITH UPS,ROUTER,ROUWIR4389,ROUTER TRADE",20,18604.65116,2026-03-28T10:43:04.000+00:00,20260328
98053,Raven Sky Networks,1288996,"NOTION,ROUWIR4389,ROUWIR4389,4G CAT 4 CPE WITH UPS,ROUTER,ROUWIR4389,ROUTER TRADE",20,18604.65116,2026-03-28T10:43:04.000+00:00,20260328
19347,Jade Arc Trading,1186254,"TOZED,MIFI,4G,ZLT M30S,MODEM,ROUMOD1491,MODEM TRADE",7,12558.13953,2026-03-28T12:13:30.000+00:00,20260328
19347,Jade Arc Trading,1186254,"TOZED,MIFI,4G,ZLT M30S,MODEM,ROUMOD1491,MODEM TRADE",7,12558.13953,2026-03-28T12:13:30.000+00:00,20260328
19347,Jade Arc Trading,1186254,"TOZED,MIFI,4G,ZLT M30S,MODEM,ROUMOD1491,MODEM TRADE",7,12558.13953,2026-03-28T12:13:30.000+00:00,20260328
19347,Jade Arc Trading,1186254,"TOZED,MIFI,4G,ZLT M30S,MODEM,ROUMOD1491,MODEM TRADE",7,12558.13953,2026-03-28T12:13:30.000+00:00,20260328
19347,Jade Arc Trading,1186254,"TOZED,MIFI,4G,ZLT M30S,MODEM,ROUMOD1491,MODEM TRADE",7,12558.13953,2026-03-28T12:13:30.000+00:00,20260328
19347,Jade Arc Trading,1186254,"TOZED,MIFI,4G,ZLT M30S,MODEM,ROUMOD1491,MODEM TRADE",7,12558.13953,2026-03-28T12:13:30.000+00:00,20260328
19347,Jade Arc Trading,1186254,"TOZED,MIFI,4G,ZLT M30S,MODEM,ROUMOD1491,MODEM TRADE",7,12558.13953,2026-03-28T12:13:30.000+00:00,20260328
319059,Dawn Wind Trading,1283281,"ZTE,ROUMOD4391,ROUMOD4391,4G CPE WITH UPS,MODEM,ROUMOD4391,ROUTER TRADE",6,18604.65116,2026-03-28T11:23:43.000+00:00,20260328
319059,Dawn Wind Trading,1283281,"ZTE,ROUMOD4391,ROUMOD4391,4G CPE WITH UPS,MODEM,ROUMOD4391,ROUTER TRADE",6,18604.65116,2026-03-28T11:23:43.000+00:00,20260328
319059,Dawn Wind Trading,1283281,"ZTE,ROUMOD4391,ROUMOD4391,4G CPE WITH UPS,MODEM,ROUMOD4391,ROUTER TRADE",6,18604.65116,2026-03-28T11:23:43.000+00:00,20260328
319059,Dawn Wind Trading,1283281,"ZTE,ROUMOD4391,ROUMOD4391,4G CPE WITH UPS,MODEM,ROUMOD4391,ROUTER TRADE",6,18604.65116,2026-03-28T11:23:43.000+00:00,20260328
319059,Dawn Wind Trading,1283281,"ZTE,ROUMOD4391,ROUMOD4391,4G CPE WITH UPS,MODEM,ROUMOD4391,ROUTER TRADE",6,18604.65116,2026-03-28T11:23:43.000+00:00,20260328
319059,Dawn Wind Trading,1283281,"ZTE,ROUMOD4391,ROUMOD4391,4G CPE WITH UPS,MODEM,ROUMOD4391,ROUTER TRADE",6,18604.65116,2026-03-28T11:23:43.000+00:00,20260328
19321,Ember Coast Trading,1002552,"VOUCHER ETOPUP, VIRTUAL AIRTIME, NGN15000, ELECTRONIC, VOUCHER ETOPUP",1000,13465.11785,2026-03-28T17:28:34.000+00:00,20260328
19462,Orchid View Networks,1002552,"VOUCHER ETOPUP, VIRTUAL AIRTIME, NGN15000, ELECTRONIC, VOUCHER ETOPUP",13816,13465.11785,2026-03-28T15:38:30.000+00:00,20260328
19471,Harbor Grove Networks,1002552,"VOUCHER ETOPUP, VIRTUAL AIRTIME, NGN15000, ELECTRONIC, VOUCHER ETOPUP",1440,13465.11785,2026-03-28T15:38:29.000+00:00,20260328
19913,Forest Lake Ventures,1002552,"VOUCHER ETOPUP, VIRTUAL AIRTIME, NGN15000, ELECTRONIC, VOUCHER ETOPUP",6000,13465.11785,2026-03-28T09:43:36.000+00:00,20260328
19685,Ivory Stone Communications,1002552,"VOUCHER ETOPUP, VIRTUAL AIRTIME, NGN15000, ELECTRONIC, VOUCHER ETOPUP",1290,13465.11785,2026-03-28T09:58:10.000+00:00,20260328
106031,Oak Wood Ventures,1002552,"VOUCHER ETOPUP, VIRTUAL AIRTIME, NGN15000, ELECTRONIC, VOUCHER ETOPUP",1300,13465.11785,2026-03-28T13:03:23.000+00:00,20260328
106031,Oak Wood Ventures,1002552,"VOUCHER ETOPUP, VIRTUAL AIRTIME, NGN15000, ELECTRONIC, VOUCHER ETOPUP",1300,13465.11785,2026-03-28T12:48:00.000+00:00,20260328
21240,Harbor Meadow Networks,1283282,"TOZED,ROUMOD4393,ROUMOD4393,5G CPE WITH UPS,MODEM,ROUMOD4393,ROUTER TRADE",2,74418.60465,2026-03-28T15:18:32.000+00:00,20260328
21240,Harbor Meadow Networks,1283282,"TOZED,ROUMOD4393,ROUMOD4393,5G CPE WITH UPS,MODEM,ROUMOD4393,ROUTER TRADE",2,74418.60465,2026-03-28T15:18:32.000+00:00,20260328
19514,Pearl Crest Communications,1002552,"VOUCHER ETOPUP, VIRTUAL AIRTIME, NGN15000, ELECTRONIC, VOUCHER ETOPUP",1143,13465.11785,2026-03-28T12:23:17.000+00:00,20260328
19514,Pearl Crest Communications,1002552,"VOUCHER ETOPUP, VIRTUAL AIRTIME, NGN15000, ELECTRONIC, VOUCHER ETOPUP",1143,13465.11785,2026-03-28T13:48:38.000+00:00,20260328
21240,Harbor Meadow Networks,1234615,"HUAWEI,ROUWIR4302,ROUWIR4302,4G CAT4 CPE B313-322WITH UPS,WIRELESS,ROUWIR4302,ROUTER TRADE",2,18604.65116,2026-03-28T15:18:32.000+00:00,20260328
21240,Harbor Meadow Networks,1234615,"HUAWEI,ROUWIR4302,ROUWIR4302,4G CAT4 CPE B313-322WITH UPS,WIRELESS,ROUWIR4302,ROUTER TRADE",2,18604.65116,2026-03-28T15:18:32.000+00:00,20260328
106031,Oak Wood Ventures,1002552,"VOUCHER ETOPUP, VIRTUAL AIRTIME, NGN15000, ELECTRONIC, VOUCHER ETOPUP",1300,13465.11785,2026-03-28T13:03:24.000+00:00,20260328
19471,Harbor Grove Networks,1002552,"VOUCHER ETOPUP, VIRTUAL AIRTIME, NGN15000, ELECTRONIC, VOUCHER ETOPUP",947,13465.11785,2026-03-28T20:03:29.000+00:00,20260328
19941,Olive Point Ventures,1002552,"VOUCHER ETOPUP, VIRTUAL AIRTIME, NGN15000, ELECTRONIC, VOUCHER ETOPUP",844,13465.11785,2026-03-28T06:09:24.000+00:00,20260328
19385,Pearl Park Trading,1186254,"TOZED,MIFI,4G,ZLT M30S,MODEM,ROUMOD1491,MODEM TRADE",50,12558.13953,2026-03-28T11:48:11.000+00:00,20260328
19385,Pearl Park Trading,1186254,"TOZED,MIFI,4G,ZLT M30S,MODEM,ROUMOD1491,MODEM TRADE",50,12558.13953,2026-03-28T11:48:11.000+00:00,20260328
19385,Pearl Park Trading,1186254,"TOZED,MIFI,4G,ZLT M30S,MODEM,ROUMOD1491,MODEM TRADE",50,12558.13953,2026-03-28T11:48:11.000+00:00,20260328
19385,Pearl Park Trading,1186254,"TOZED,MIFI,4G,ZLT M30S,MODEM,ROUMOD1491,MODEM TRADE",50,12558.13953,2026-03-28T11:48:11.000+00:00,20260328
19385,Pearl Park Trading,1186254,"TOZED,MIFI,4G,ZLT M30S,MODEM,ROUMOD1491,MODEM TRADE",50,12558.13953,2026-03-28T11:48:11.000+00:00,20260328
19385,Pearl Park Trading,1186254,"TOZED,MIFI,4G,ZLT M30S,MODEM,ROUMOD1491,MODEM TRADE",50,12558.13953,2026-03-28T11:48:11.000+00:00,20260328
19385,Pearl Park Trading,1186254,"TOZED,MIFI,4G,ZLT M30S,MODEM,ROUMOD1491,MODEM TRADE",50,12558.13953,2026-03-28T11:48:11.000+00:00,20260328
19385,Pearl Park Trading,1186254,"TOZED,MIFI,4G,ZLT M30S,MODEM,ROUMOD1491,MODEM TRADE",50,12558.13953,2026-03-28T11:48:11.000+00:00,20260328
19385,Pearl Park Trading,1186254,"TOZED,MIFI,4G,ZLT M30S,MODEM,ROUMOD1491,MODEM TRADE",50,12558.13953,2026-03-28T11:48:11.000+00:00,20260328
19385,Pearl Park Trading,1186254,"TOZED,MIFI,4G,ZLT M30S,MODEM,ROUMOD1491,MODEM TRADE",50,12558.13953,2026-03-28T11:48:11.000+00:00,20260328
19385,Pearl Park Trading,1186254,"TOZED,MIFI,4G,ZLT M30S,MODEM,ROUMOD1491,MODEM TRADE",50,12558.13953,2026-03-28T11:48:11.000+00:00,20260328
19385,Pearl Park Trading,1186254,"TOZED,MIFI,4G,ZLT M30S,MODEM,ROUMOD1491,MODEM TRADE",50,12558.13953,2026-03-28T11:48:11.000+00:00,20260328
19385,Pearl Park Trading,1186254,"TOZED,MIFI,4G,ZLT M30S,MODEM,ROUMOD1491,MODEM TRADE",50,12558.13953,2026-03-28T11:48:11.000+00:00,20260328
19385,Pearl Park Trading,1186254,"TOZED,MIFI,4G,ZLT M30S,MODEM,ROUMOD1491,MODEM TRADE",50,12558.13953,2026-03-28T11:48:11.000+00:00,20260328
19385,Pearl Park Trading,1186254,"TOZED,MIFI,4G,ZLT M30S,MODEM,ROUMOD1491,MODEM TRADE",50,12558.13953,2026-03-28T11:48:11.000+00:00,20260328
19385,Pearl Park Trading,1186254,"TOZED,MIFI,4G,ZLT M30S,MODEM,ROUMOD1491,MODEM TRADE",50,12558.13953,2026-03-28T11:48:11.000+00:00,20260328
106031,Oak Wood Ventures,1002552,"VOUCHER ETOPUP, VIRTUAL AIRTIME, NGN15000, ELECTRONIC, VOUCHER ETOPUP",1300,13465.11785,2026-03-28T12:38:11.000+00:00,20260328
19386,Pearl Park Trading,1002552,"VOUCHER ETOPUP, VIRTUAL AIRTIME, NGN15000, ELECTRONIC, VOUCHER ETOPUP",6908,13465.11785,2026-03-28T13:53:06.000+00:00,20260328
19328,Golden Dale Communications,1002552,"VOUCHER ETOPUP, VIRTUAL AIRTIME, NGN15000, ELECTRONIC, VOUCHER ETOPUP",5908,13465.11785,2026-03-28T17:28:34.000+00:00,20260328
19719,Aspen Gate Ventures,1002552,"VOUCHER ETOPUP, VIRTUAL AIRTIME, NGN15000, ELECTRONIC, VOUCHER ETOPUP",690,13465.11785,2026-03-28T13:28:14.000+00:00,20260328
350072,Meadow Light Networks,1288996,"NOTION,ROUWIR4389,ROUWIR4389,4G CAT 4 CPE WITH UPS,ROUTER,ROUWIR4389,ROUTER TRADE",1,18604.65116,2026-03-28T10:53:31.000+00:00,20260328
19407,Sunset Wood Networks,1002552,"VOUCHER ETOPUP, VIRTUAL AIRTIME, NGN15000, ELECTRONIC, VOUCHER ETOPUP",1315,13465.11785,2026-03-28T16:18:01.000+00:00,20260328
390080,Ocean Stream Networks,1283280,"TOZED,ROUMOD4390,ROUMOD4390,4G CPE WITH UPS,MODEM,ROUMOD4390,ROUTER TRADE",8,18604.65116,2026-03-28T18:03:08.000+00:00,20260328
390080,Ocean Stream Networks,1283280,"TOZED,ROUMOD4390,ROUMOD4390,4G CPE WITH UPS,MODEM,ROUMOD4390,ROUTER TRADE",8,18604.65116,2026-03-28T18:03:08.000+00:00,20260328
390080,Ocean Stream Networks,1283280,"TOZED,ROUMOD4390,ROUMOD4390,4G CPE WITH UPS,MODEM,ROUMOD4390,ROUTER TRADE",8,18604.65116,2026-03-28T18:03:08.000+00:00,20260328
390080,Ocean Stream Networks,1283280,"TOZED,ROUMOD4390,ROUMOD4390,4G CPE WITH UPS,MODEM,ROUMOD4390,ROUTER TRADE",8,18604.65116,2026-03-28T18:03:08.000+00:00,20260328
390080,Ocean Stream Networks,1283280,"TOZED,ROUMOD4390,ROUMOD4390,4G CPE WITH UPS,MODEM,ROUMOD4390,ROUTER TRADE",8,18604.65116,2026-03-28T18:03:08.000+00:00,20260328
390080,Ocean Stream Networks,1283280,"TOZED,ROUMOD4390,ROUMOD4390,4G CPE WITH UPS,MODEM,ROUMOD4390,ROUTER TRADE",8,18604.65116,2026-03-28T18:03:08.000+00:00,20260328
390080,Ocean Stream Networks,1283280,"TOZED,ROUMOD4390,ROUMOD4390,4G CPE WITH UPS,MODEM,ROUMOD4390,ROUTER TRADE",8,18604.65116,2026-03-28T18:03:08.000+00:00,20260328
390080,Ocean Stream Networks,1283280,"TOZED,ROUMOD4390,ROUMOD4390,4G CPE WITH UPS,MODEM,ROUMOD4390,ROUTER TRADE",8,18604.65116,2026-03-28T18:03:08.000+00:00,20260328
19831,Pearl Horizon Communications,1299801,"GENERAL,ROUMIFI20001,ROUMIFI20001,5G MIFI, TOZED, ZLT X32 U,MIFI,ROUMIFI20001,ROUTER TRADE",30,58604.65116,2026-03-28T10:53:30.000+00:00,20260328
19831,Pearl Horizon Communications,1299801,"GENERAL,ROUMIFI20001,ROUMIFI20001,5G MIFI, TOZED, ZLT X32 U,MIFI,ROUMIFI20001,ROUTER TRADE",30,58604.65116,2026-03-28T10:53:30.000+00:00,20260328
19831,Pearl Horizon Communications,1299801,"GENERAL,ROUMIFI20001,ROUMIFI20001,5G MIFI, TOZED, ZLT X32 U,MIFI,ROUMIFI20001,ROUTER TRADE",30,58604.65116,2026-03-28T10:53:30.000+00:00,20260328
19831,Pearl Horizon Communications,1299801,"GENERAL,ROUMIFI20001,ROUMIFI20001,5G MIFI, TOZED, ZLT X32 U,MIFI,ROUMIFI20001,ROUTER TRADE",30,58604.65116,2026-03-28T10:53:30.000+00:00,20260328
19831,Pearl Horizon Communications,1299801,"GENERAL,ROUMIFI20001,ROUMIFI20001,5G MIFI, TOZED, ZLT X32 U,MIFI,ROUMIFI20001,ROUTER TRADE",30,58604.65116,2026-03-28T10:53:30.000+00:00,20260328
19831,Pearl Horizon Communications,1299801,"GENERAL,ROUMIFI20001,ROUMIFI20001,5G MIFI, TOZED, ZLT X32 U,MIFI,ROUMIFI20001,ROUTER TRADE",30,58604.65116,2026-03-28T10:53:30.000+00:00,20260328
19831,Pearl Horizon Communications,1299801,"GENERAL,ROUMIFI20001,ROUMIFI20001,5G MIFI, TOZED, ZLT X32 U,MIFI,ROUMIFI20001,ROUTER TRADE",30,58604.65116,2026-03-28T10:53:30.000+00:00,20260328
19831,Pearl Horizon Communications,1299801,"GENERAL,ROUMIFI20001,ROUMIFI20001,5G MIFI, TOZED, ZLT X32 U,MIFI,ROUMIFI20001,ROUTER TRADE",30,58604.65116,2026-03-28T10:53:30.000+00:00,20260328
19831,Pearl Horizon Communications,1299801,"GENERAL,ROUMIFI20001,ROUMIFI20001,5G MIFI, TOZED, ZLT X32 U,MIFI,ROUMIFI20001,ROUTER TRADE",30,58604.65116,2026-03-28T10:53:30.000+00:00,20260328
19831,Pearl Horizon Communications,1299801,"GENERAL,ROUMIFI20001,ROUMIFI20001,5G MIFI, TOZED, ZLT X32 U,MIFI,ROUMIFI20001,ROUTER TRADE",30,58604.65116,2026-03-28T10:53:30.000+00:00,20260328
19831,Pearl Horizon Communications,1299801,"GENERAL,ROUMIFI20001,ROUMIFI20001,5G MIFI, TOZED, ZLT X32 U,MIFI,ROUMIFI20001,ROUTER TRADE",30,58604.65116,2026-03-28T10:53:30.000+00:00,20260328
19831,Pearl Horizon Communications,1299801,"GENERAL,ROUMIFI20001,ROUMIFI20001,5G MIFI, TOZED, ZLT X32 U,MIFI,ROUMIFI20001,ROUTER TRADE",30,58604.65116,2026-03-28T10:53:30.000+00:00,20260328
19383,Swift Crown Ventures,1002552,"VOUCHER ETOPUP, VIRTUAL AIRTIME, NGN15000, ELECTRONIC, VOUCHER ETOPUP",666,13465.11785,2026-03-28T15:38:30.000+00:00,20260328
319061,Teal Vale Trading,1002552,"VOUCHER ETOPUP, VIRTUAL AIRTIME, NGN15000, ELECTRONIC, VOUCHER ETOPUP",1,13465.11785,2026-03-28T18:03:08.000+00:00,20260328
19805,Harbor Shore Ventures,1002552,"VOUCHER ETOPUP, VIRTUAL AIRTIME, NGN15000, ELECTRONIC, VOUCHER ETOPUP",1261,13465.11785,2026-03-28T15:38:30.000+00:00,20260328
19719,Aspen Gate Ventures,1002552,"VOUCHER ETOPUP, VIRTUAL AIRTIME, NGN15000, ELECTRONIC, VOUCHER ETOPUP",690,13465.11785,2026-03-28T13:28:14.000+00:00,20260328
19383,Swift Crown Ventures,1002552,"VOUCHER ETOPUP, VIRTUAL AIRTIME, NGN15000, ELECTRONIC, VOUCHER ETOPUP",2000,13465.11785,2026-03-28T17:58:36.000+00:00,20260328
19776,Cedar Grove Trading,1002552,"VOUCHER ETOPUP, VIRTUAL AIRTIME, NGN15000, ELECTRONIC, VOUCHER ETOPUP",670,13465.11785,2026-03-28T12:03:30.000+00:00,20260328
19812,Hazel Bay Trading,1186254,"TOZED,MIFI,4G,ZLT M30S,MODEM,ROUMOD1491,MODEM TRADE",30,12558.13953,2026-03-27T09:43:32.000+00:00,20260327
19812,Hazel Bay Trading,1186254,"TOZED,MIFI,4G,ZLT M30S,MODEM,ROUMOD1491,MODEM TRADE",30,12558.13953,2026-03-27T09:43:32.000+00:00,20260327
19812,Hazel Bay Trading,1186254,"TOZED,MIFI,4G,ZLT M30S,MODEM,ROUMOD1491,MODEM TRADE",30,12558.13953,2026-03-27T09:43:32.000+00:00,20260327
19812,Hazel Bay Trading,1186254,"TOZED,MIFI,4G,ZLT M30S,MODEM,ROUMOD1491,MODEM TRADE",30,12558.13953,2026-03-27T09:43:32.000+00:00,20260327
19812,Hazel Bay Trading,1186254,"TOZED,MIFI,4G,ZLT M30S,MODEM,ROUMOD1491,MODEM TRADE",30,12558.13953,2026-03-27T09:43:32.000+00:00,20260327
19812,Hazel Bay Trading,1186254,"TOZED,MIFI,4G,ZLT M30S,MODEM,ROUMOD1491,MODEM TRADE",30,12558.13953,2026-03-27T09:43:32.000+00:00,20260327
19812,Hazel Bay Trading,1186254,"TOZED,MIFI,4G,ZLT M30S,MODEM,ROUMOD1491,MODEM TRADE",30,12558.13953,2026-03-27T09:43:32.000+00:00,20260327
19812,Hazel Bay Trading,1186254,"TOZED,MIFI,4G,ZLT M30S,MODEM,ROUMOD1491,MODEM TRADE",30,12558.13953,2026-03-27T09:43:32.000+00:00,20260327
19812,Hazel Bay Trading,1186254,"TOZED,MIFI,4G,ZLT M30S,MODEM,ROUMOD1491,MODEM TRADE",30,12558.13953,2026-03-27T09:43:32.000+00:00,20260327
19812,Hazel Bay Trading,1186254,"TOZED,MIFI,4G,ZLT M30S,MODEM,ROUMOD1491,MODEM TRADE",30,12558.13953,2026-03-27T09:43:32.000+00:00,20260327
19812,Hazel Bay Trading,1186254,"TOZED,MIFI,4G,ZLT M30S,MODEM,ROUMOD1491,MODEM TRADE",30,12558.13953,2026-03-27T09:43:32.000+00:00,20260327
19812,Hazel Bay Trading,1186254,"TOZED,MIFI,4G,ZLT M30S,MODEM,ROUMOD1491,MODEM TRADE",30,12558.13953,2026-03-27T09:43:32.000+00:00,20260327
19812,Hazel Bay Trading,1186254,"TOZED,MIFI,4G,ZLT M30S,MODEM,ROUMOD1491,MODEM TRADE",30,12558.13953,2026-03-27T09:43:32.000+00:00,20260327
19812,Hazel Bay Trading,1186254,"TOZED,MIFI,4G,ZLT M30S,MODEM,ROUMOD1491,MODEM TRADE",30,12558.13953,2026-03-27T09:43:32.000+00:00,20260327
19812,Hazel Bay Trading,1186254,"TOZED,MIFI,4G,ZLT M30S,MODEM,ROUMOD1491,MODEM TRADE",30,12558.13953,2026-03-27T09:43:32.000+00:00,20260327
19812,Hazel Bay Trading,1186254,"TOZED,MIFI,4G,ZLT M30S,MODEM,ROUMOD1491,MODEM TRADE",30,12558.13953,2026-03-27T09:43:32.000+00:00,20260327
19812,Hazel Bay Trading,1186254,"TOZED,MIFI,4G,ZLT M30S,MODEM,ROUMOD1491,MODEM TRADE",30,12558.13953,2026-03-27T09:43:32.000+00:00,20260327
19812,Hazel Bay Trading,1186254,"TOZED,MIFI,4G,ZLT M30S,MODEM,ROUMOD1491,MODEM TRADE",30,12558.13953,2026-03-27T09:43:32.000+00:00,20260327
19812,Hazel Bay Trading,1186254,"TOZED,MIFI,4G,ZLT M30S,MODEM,ROUMOD1491,MODEM TRADE",30,12558.13953,2026-03-27T09:43:32.000+00:00,20260327
19812,Hazel Bay Trading,1186254,"TOZED,MIFI,4G,ZLT M30S,MODEM,ROUMOD1491,MODEM TRADE",30,12558.13953,2026-03-27T09:43:32.000+00:00,20260327
423153,Dawn Hill Ventures,1283282,"TOZED,ROUMOD4393,ROUMOD4393,5G CPE WITH UPS,MODEM,ROUMOD4393,ROUTER TRADE",3,74418.60465,2026-03-27T07:08:18.000+00:00,20260327
423153,Dawn Hill Ventures,1283282,"TOZED,ROUMOD4393,ROUMOD4393,5G CPE WITH UPS,MODEM,ROUMOD4393,ROUTER TRADE",3,74418.60465,2026-03-27T07:08:18.000+00:00,20260327
423153,Dawn Hill Ventures,1283282,"TOZED,ROUMOD4393,ROUMOD4393,5G CPE WITH UPS,MODEM,ROUMOD4393,ROUTER TRADE",3,74418.60465,2026-03-27T07:08:18.000+00:00,20260327
65035,Topaz Bridge Trading,1002552,"VOUCHER ETOPUP, VIRTUAL AIRTIME, NGN15000, ELECTRONIC, VOUCHER ETOPUP",40,13465.11785,2026-03-27T12:58:05.000+00:00,20260327
19612,Aspen Sky Trading,1002552,"VOUCHER ETOPUP, VIRTUAL AIRTIME, NGN15000, ELECTRONIC, VOUCHER ETOPUP",10402,13465.11785,2026-03-05T07:42:37.000+00:00,20260305
19792,Sunset Port Ventures,1002552,"VOUCHER ETOPUP, VIRTUAL AIRTIME, NGN15000, ELECTRONIC, VOUCHER ETOPUP",1333,13465.11785,2026-03-05T07:27:47.000+00:00,20260305
405090,Forest Stone Networks,1002552,"VOUCHER ETOPUP, VIRTUAL AIRTIME, NGN15000, ELECTRONIC, VOUCHER ETOPUP",34540,13465.11785,2026-03-05T12:53:02.000+00:00,20260305
357094,Orchid Coast Trading,1283283,"ZTE,ROUMOD4394,ROUMOD4394,5G CPE WITH UPS,MODEM,ROUMOD4394,ROUTER TRADE",2,66976.74419,2026-03-05T10:37:53.000+00:00,20260305
357094,Orchid Coast Trading,1283283,"ZTE,ROUMOD4394,ROUMOD4394,5G CPE WITH UPS,MODEM,ROUMOD4394,ROUTER TRADE",2,66976.74419,2026-03-05T10:37:53.000+00:00,20260305
19832,Amber Beacon Trading,1002552,"VOUCHER ETOPUP, VIRTUAL AIRTIME, NGN15000, ELECTRONIC, VOUCHER ETOPUP",275,13465.11785,2026-03-05T10:37:52.000+00:00,20260305
19660,Coral Haven Networks,1002552,"VOUCHER ETOPUP, VIRTUAL AIRTIME, NGN15000, ELECTRONIC, VOUCHER ETOPUP",4004,13465.11785,2026-03-05T09:52:37.000+00:00,20260305
19422,Amber Lake Trading,1002552,"VOUCHER ETOPUP, VIRTUAL AIRTIME, NGN15000, ELECTRONIC, VOUCHER ETOPUP",2284,13465.11785,2026-03-05T11:53:07.000+00:00,20260305
19718,Juniper Brook Ventures,1002552,"VOUCHER ETOPUP, VIRTUAL AIRTIME, NGN15000, ELECTRONIC, VOUCHER ETOPUP",2072,13465.11785,2026-03-05T09:03:03.000+00:00,20260305
19817,Winter View Communications,1002552,"VOUCHER ETOPUP, VIRTUAL AIRTIME, NGN15000, ELECTRONIC, VOUCHER ETOPUP",70,13465.11785,2026-03-05T11:07:53.000+00:00,20260305
19782,Raven Isle Communications,1002552,"VOUCHER ETOPUP, VIRTUAL AIRTIME, NGN15000, ELECTRONIC, VOUCHER ETOPUP",13880,13465.11785,2026-03-05T08:13:00.000+00:00,20260305
19913,Forest Lake Ventures,1002552,"VOUCHER ETOPUP, VIRTUAL AIRTIME, NGN15000, ELECTRONIC, VOUCHER ETOPUP",6000,13465.11785,2026-03-05T02:17:44.000+00:00,20260305
19695,Jade Park Ventures,1002552,"VOUCHER ETOPUP, VIRTUAL AIRTIME, NGN15000, ELECTRONIC, VOUCHER ETOPUP",1500,13465.11785,2026-03-05T08:37:39.000+00:00,20260305
19367,Jade Point Trading,1002552,"VOUCHER ETOPUP, VIRTUAL AIRTIME, NGN15000, ELECTRONIC, VOUCHER ETOPUP",67,13465.11785,2026-03-05T11:47:42.000+00:00,20260305
19695,Jade Park Ventures,1002552,"VOUCHER ETOPUP, VIRTUAL AIRTIME, NGN15000, ELECTRONIC, VOUCHER ETOPUP",1500,13465.11785,2026-03-05T08:37:39.000+00:00,20260305
20044,Teal Ridge Ventures,1002552,"VOUCHER ETOPUP, VIRTUAL AIRTIME, NGN15000, ELECTRONIC, VOUCHER ETOPUP",34542,13465.11785,2026-03-05T19:12:48.000+00:00,20260305
19422,Amber Lake Trading,1002552,"VOUCHER ETOPUP, VIRTUAL AIRTIME, NGN15000, ELECTRONIC, VOUCHER ETOPUP",1145,13465.11785,2026-03-05T09:13:05.000+00:00,20260305
19783,Raven Isle Communications,1002552,"VOUCHER ETOPUP, VIRTUAL AIRTIME, NGN15000, ELECTRONIC, VOUCHER ETOPUP",20794,13465.11785,2026-03-05T08:32:51.000+00:00,20260305
19776,Cedar Grove Trading,1002552,"VOUCHER ETOPUP, VIRTUAL AIRTIME, NGN15000, ELECTRONIC, VOUCHER ETOPUP",1330,13465.11785,2026-03-05T07:37:49.000+00:00,20260305
19718,Juniper Brook Ventures,1002552,"VOUCHER ETOPUP, VIRTUAL AIRTIME, NGN15000, ELECTRONIC, VOUCHER ETOPUP",2103,13465.11785,2026-03-05T08:42:39.000+00:00,20260305
19832,Amber Beacon Trading,1002552,"VOUCHER ETOPUP, VIRTUAL AIRTIME, NGN15000, ELECTRONIC, VOUCHER ETOPUP",3400,13465.11785,2026-03-05T07:57:39.000+00:00,20260305
19776,Cedar Grove Trading,1002552,"VOUCHER ETOPUP, VIRTUAL AIRTIME, NGN15000, ELECTRONIC, VOUCHER ETOPUP",670,13465.11785,2026-03-05T07:37:49.000+00:00,20260305
337088,Sage Wood Trading,1283280,"TOZED,ROUMOD4390,ROUMOD4390,4G CPE WITH UPS,MODEM,ROUMOD4390,ROUTER TRADE",20,16744.18605,2026-03-05T10:13:42.000+00:00,20260305
337088,Sage Wood Trading,1283280,"TOZED,ROUMOD4390,ROUMOD4390,4G CPE WITH UPS,MODEM,ROUMOD4390,ROUTER TRADE",20,16744.18605,2026-03-05T10:13:42.000+00:00,20260305
337088,Sage Wood Trading,1283280,"TOZED,ROUMOD4390,ROUMOD4390,4G CPE WITH UPS,MODEM,ROUMOD4390,ROUTER TRADE",20,16744.18605,2026-03-05T10:13:42.000+00:00,20260305
337088,Sage Wood Trading,1283280,"TOZED,ROUMOD4390,ROUMOD4390,4G CPE WITH UPS,MODEM,ROUMOD4390,ROUTER TRADE",20,16744.18605,2026-03-05T10:13:42.000+00:00,20260305
337088,Sage Wood Trading,1283280,"TOZED,ROUMOD4390,ROUMOD4390,4G CPE WITH UPS,MODEM,ROUMOD4390,ROUTER TRADE",20,16744.18605,2026-03-05T10:13:42.000+00:00,20260305
337088,Sage Wood Trading,1283280,"TOZED,ROUMOD4390,ROUMOD4390,4G CPE WITH UPS,MODEM,ROUMOD4390,ROUTER TRADE",20,16744.18605,2026-03-05T10:13:42.000+00:00,20260305
337088,Sage Wood Trading,1283280,"TOZED,ROUMOD4390,ROUMOD4390,4G CPE WITH UPS,MODEM,ROUMOD4390,ROUTER TRADE",20,16744.18605,2026-03-05T10:13:42.000+00:00,20260305
337088,Sage Wood Trading,1283280,"TOZED,ROUMOD4390,ROUMOD4390,4G CPE WITH UPS,MODEM,ROUMOD4390,ROUTER TRADE",20,16744.18605,2026-03-05T10:13:42.000+00:00,20260305
337088,Sage Wood Trading,1283280,"TOZED,ROUMOD4390,ROUMOD4390,4G CPE WITH UPS,MODEM,ROUMOD4390,ROUTER TRADE",20,16744.18605,2026-03-05T10:13:42.000+00:00,20260305
337088,Sage Wood Trading,1283280,"TOZED,ROUMOD4390,ROUMOD4390,4G CPE WITH UPS,MODEM,ROUMOD4390,ROUTER TRADE",20,16744.18605,2026-03-05T10:13:42.000+00:00,20260305
337088,Sage Wood Trading,1283280,"TOZED,ROUMOD4390,ROUMOD4390,4G CPE WITH UPS,MODEM,ROUMOD4390,ROUTER TRADE",20,16744.18605,2026-03-05T10:13:42.000+00:00,20260305
337088,Sage Wood Trading,1283280,"TOZED,ROUMOD4390,ROUMOD4390,4G CPE WITH UPS,MODEM,ROUMOD4390,ROUTER TRADE",20,16744.18605,2026-03-05T10:13:42.000+00:00,20260305
337088,Sage Wood Trading,1283280,"TOZED,ROUMOD4390,ROUMOD4390,4G CPE WITH UPS,MODEM,ROUMOD4390,ROUTER TRADE",20,16744.18605,2026-03-05T10:13:42.000+00:00,20260305
337088,Sage Wood Trading,1283280,"TOZED,ROUMOD4390,ROUMOD4390,4G CPE WITH UPS,MODEM,ROUMOD4390,ROUTER TRADE",20,16744.18605,2026-03-05T10:13:42.000+00:00,20260305
337088,Sage Wood Trading,1283280,"TOZED,ROUMOD4390,ROUMOD4390,4G CPE WITH UPS,MODEM,ROUMOD4390,ROUTER TRADE",20,16744.18605,2026-03-05T10:13:42.000+00:00,20260305
337088,Sage Wood Trading,1283280,"TOZED,ROUMOD4390,ROUMOD4390,4G CPE WITH UPS,MODEM,ROUMOD4390,ROUTER TRADE",20,16744.18605,2026-03-05T10:13:42.000+00:00,20260305
337088,Sage Wood Trading,1283280,"TOZED,ROUMOD4390,ROUMOD4390,4G CPE WITH UPS,MODEM,ROUMOD4390,ROUTER TRADE",20,16744.18605,2026-03-05T10:13:42.000+00:00,20260305
337088,Sage Wood Trading,1283280,"TOZED,ROUMOD4390,ROUMOD4390,4G CPE WITH UPS,MODEM,ROUMOD4390,ROUTER TRADE",20,16744.18605,2026-03-05T10:13:42.000+00:00,20260305
337088,Sage Wood Trading,1283280,"TOZED,ROUMOD4390,ROUMOD4390,4G CPE WITH UPS,MODEM,ROUMOD4390,ROUTER TRADE",20,16744.18605,2026-03-05T10:13:42.000+00:00,20260305
337088,Sage Wood Trading,1283280,"TOZED,ROUMOD4390,ROUMOD4390,4G CPE WITH UPS,MODEM,ROUMOD4390,ROUTER TRADE",20,16744.18605,2026-03-05T10:13:42.000+00:00,20260305
19612,Aspen Sky Trading,1002552,"VOUCHER ETOPUP, VIRTUAL AIRTIME, NGN15000, ELECTRONIC, VOUCHER ETOPUP",13818,13465.11785,2026-03-05T07:42:37.000+00:00,20260305
365078,Oak Dale Ventures,1283280,"TOZED,ROUMOD4390,ROUMOD4390,4G CPE WITH UPS,MODEM,ROUMOD4390,ROUTER TRADE",15,16744.18605,2026-03-05T12:07:44.000+00:00,20260305
365078,Oak Dale Ventures,1283280,"TOZED,ROUMOD4390,ROUMOD4390,4G CPE WITH UPS,MODEM,ROUMOD4390,ROUTER TRADE",15,16744.18605,2026-03-05T12:07:44.000+00:00,20260305
365078,Oak Dale Ventures,1283280,"TOZED,ROUMOD4390,ROUMOD4390,4G CPE WITH UPS,MODEM,ROUMOD4390,ROUTER TRADE",15,16744.18605,2026-03-05T12:07:44.000+00:00,20260305
365078,Oak Dale Ventures,1283280,"TOZED,ROUMOD4390,ROUMOD4390,4G CPE WITH UPS,MODEM,ROUMOD4390,ROUTER TRADE",15,16744.18605,2026-03-05T12:07:44.000+00:00,20260305
365078,Oak Dale Ventures,1283280,"TOZED,ROUMOD4390,ROUMOD4390,4G CPE WITH UPS,MODEM,ROUMOD4390,ROUTER TRADE",15,16744.18605,2026-03-05T12:07:44.000+00:00,20260305
365078,Oak Dale Ventures,1283280,"TOZED,ROUMOD4390,ROUMOD4390,4G CPE WITH UPS,MODEM,ROUMOD4390,ROUTER TRADE",15,16744.18605,2026-03-05T12:07:44.000+00:00,20260305
365078,Oak Dale Ventures,1283280,"TOZED,ROUMOD4390,ROUMOD4390,4G CPE WITH UPS,MODEM,ROUMOD4390,ROUTER TRADE",15,16744.18605,2026-03-05T12:07:44.000+00:00,20260305
365078,Oak Dale Ventures,1283280,"TOZED,ROUMOD4390,ROUMOD4390,4G CPE WITH UPS,MODEM,ROUMOD4390,ROUTER TRADE",15,16744.18605,2026-03-05T12:07:44.000+00:00,20260305
365078,Oak Dale Ventures,1283280,"TOZED,ROUMOD4390,ROUMOD4390,4G CPE WITH UPS,MODEM,ROUMOD4390,ROUTER TRADE",15,16744.18605,2026-03-05T12:07:44.000+00:00,20260305
365078,Oak Dale Ventures,1283280,"TOZED,ROUMOD4390,ROUMOD4390,4G CPE WITH UPS,MODEM,ROUMOD4390,ROUTER TRADE",15,16744.18605,2026-03-05T12:07:44.000+00:00,20260305
365078,Oak Dale Ventures,1283280,"TOZED,ROUMOD4390,ROUMOD4390,4G CPE WITH UPS,MODEM,ROUMOD4390,ROUTER TRADE",15,16744.18605,2026-03-05T12:07:44.000+00:00,20260305
365078,Oak Dale Ventures,1283280,"TOZED,ROUMOD4390,ROUMOD4390,4G CPE WITH UPS,MODEM,ROUMOD4390,ROUTER TRADE",15,16744.18605,2026-03-05T12:07:44.000+00:00,20260305
365078,Oak Dale Ventures,1283280,"TOZED,ROUMOD4390,ROUMOD4390,4G CPE WITH UPS,MODEM,ROUMOD4390,ROUTER TRADE",15,16744.18605,2026-03-05T12:07:44.000+00:00,20260305
365078,Oak Dale Ventures,1283280,"TOZED,ROUMOD4390,ROUMOD4390,4G CPE WITH UPS,MODEM,ROUMOD4390,ROUTER TRADE",15,16744.18605,2026-03-05T12:07:44.000+00:00,20260305
365078,Oak Dale Ventures,1283280,"TOZED,ROUMOD4390,ROUMOD4390,4G CPE WITH UPS,MODEM,ROUMOD4390,ROUTER TRADE",15,16744.18605,2026-03-05T12:07:44.000+00:00,20260305
19540,Aspen Dale Ventures,1002552,"VOUCHER ETOPUP, VIRTUAL AIRTIME, NGN15000, ELECTRONIC, VOUCHER ETOPUP",20,13465.11785,2026-03-05T11:47:46.000+00:00,20260305
19923,Sunset Path Trading,1283283,"ZTE,ROUMOD4394,ROUMOD4394,5G CPE WITH UPS,MODEM,ROUMOD4394,ROUTER TRADE",5,66976.74419,2026-03-05T13:17:45.000+00:00,20260305
19923,Sunset Path Trading,1283283,"ZTE,ROUMOD4394,ROUMOD4394,5G CPE WITH UPS,MODEM,ROUMOD4394,ROUTER TRADE",5,66976.74419,2026-03-05T13:17:45.000+00:00,20260305
19923,Sunset Path Trading,1283283,"ZTE,ROUMOD4394,ROUMOD4394,5G CPE WITH UPS,MODEM,ROUMOD4394,ROUTER TRADE",5,66976.74419,2026-03-05T13:17:45.000+00:00,20260305
19923,Sunset Path Trading,1283283,"ZTE,ROUMOD4394,ROUMOD4394,5G CPE WITH UPS,MODEM,ROUMOD4394,ROUTER TRADE",5,66976.74419,2026-03-05T13:17:45.000+00:00,20260305
19923,Sunset Path Trading,1283283,"ZTE,ROUMOD4394,ROUMOD4394,5G CPE WITH UPS,MODEM,ROUMOD4394,ROUTER TRADE",5,66976.74419,2026-03-05T13:17:45.000+00:00,20260305
19681,Forest Vale Communications,1283280,"TOZED,ROUMOD4390,ROUMOD4390,4G CPE WITH UPS,MODEM,ROUMOD4390,ROUTER TRADE",5,16744.18605,2026-03-05T10:08:04.000+00:00,20260305
19681,Forest Vale Communications,1283280,"TOZED,ROUMOD4390,ROUMOD4390,4G CPE WITH UPS,MODEM,ROUMOD4390,ROUTER TRADE",5,16744.18605,2026-03-05T10:08:04.000+00:00,20260305
19681,Forest Vale Communications,1283280,"TOZED,ROUMOD4390,ROUMOD4390,4G CPE WITH UPS,MODEM,ROUMOD4390,ROUTER TRADE",5,16744.18605,2026-03-05T10:08:04.000+00:00,20260305
19681,Forest Vale Communications,1283280,"TOZED,ROUMOD4390,ROUMOD4390,4G CPE WITH UPS,MODEM,ROUMOD4390,ROUTER TRADE",5,16744.18605,2026-03-05T10:08:04.000+00:00,20260305
19681,Forest Vale Communications,1283280,"TOZED,ROUMOD4390,ROUMOD4390,4G CPE WITH UPS,MODEM,ROUMOD4390,ROUTER TRADE",5,16744.18605,2026-03-05T10:08:04.000+00:00,20260305
322066,Winter Shore Trading,1002552,"VOUCHER ETOPUP, VIRTUAL AIRTIME, NGN15000, ELECTRONIC, VOUCHER ETOPUP",13,13465.11785,2026-03-05T18:27:46.000+00:00,20260305
19913,Forest Lake Ventures,1002552,"VOUCHER ETOPUP, VIRTUAL AIRTIME, NGN15000, ELECTRONIC, VOUCHER ETOPUP",6000,13465.11785,2026-03-05T09:27:36.000+00:00,20260305
19719,Aspen Gate Ventures,1002552,"VOUCHER ETOPUP, VIRTUAL AIRTIME, NGN15000, ELECTRONIC, VOUCHER ETOPUP",690,13465.11785,2026-03-05T15:58:12.000+00:00,20260305
19554,Ruby Reach Ventures,1283281,"ZTE,ROUMOD4391,ROUMOD4391,4G CPE WITH UPS,MODEM,ROUMOD4391,ROUTER TRADE",150,16744.18605,2026-03-05T10:58:05.000+00:00,20260305
19554,Ruby Reach Ventures,1283281,"ZTE,ROUMOD4391,ROUMOD4391,4G CPE WITH UPS,MODEM,ROUMOD4391,ROUTER TRADE",150,16744.18605,2026-03-05T10:58:05.000+00:00,20260305
19554,Ruby Reach Ventures,1283281,"ZTE,ROUMOD4391,ROUMOD4391,4G CPE WITH UPS,MODEM,ROUMOD4391,ROUTER TRADE",150,16744.18605,2026-03-05T10:58:05.000+00:00,20260305
19554,Ruby Reach Ventures,1283281,"ZTE,ROUMOD4391,ROUMOD4391,4G CPE WITH UPS,MODEM,ROUMOD4391,ROUTER TRADE",150,16744.18605,2026-03-05T10:58:05.000+00:00,20260305
332070,Stone Wind Communications,1002552,"VOUCHER ETOPUP, VIRTUAL AIRTIME, NGN15000, ELECTRONIC, VOUCHER ETOPUP",66652,13465.11785,2026-03-05T08:13:01.000+00:00,20260305
351061,Birch Path Networks,1186254,"TOZED,MIFI,4G,ZLT M30S,MODEM,ROUMOD1491,MODEM TRADE",20,12558.13953,2026-03-05T06:57:36.000+00:00,20260305
351061,Birch Path Networks,1186254,"TOZED,MIFI,4G,ZLT M30S,MODEM,ROUMOD1491,MODEM TRADE",20,12558.13953,2026-03-05T06:57:36.000+00:00,20260305
351061,Birch Path Networks,1186254,"TOZED,MIFI,4G,ZLT M30S,MODEM,ROUMOD1491,MODEM TRADE",20,12558.13953,2026-03-05T06:57:36.000+00:00,20260305
351061,Birch Path Networks,1186254,"TOZED,MIFI,4G,ZLT M30S,MODEM,ROUMOD1491,MODEM TRADE",20,12558.13953,2026-03-05T06:57:36.000+00:00,20260305
351061,Birch Path Networks,1186254,"TOZED,MIFI,4G,ZLT M30S,MODEM,ROUMOD1491,MODEM TRADE",20,12558.13953,2026-03-05T06:57:36.000+00:00,20260305
351061,Birch Path Networks,1186254,"TOZED,MIFI,4G,ZLT M30S,MODEM,ROUMOD1491,MODEM TRADE",20,12558.13953,2026-03-05T06:57:36.000+00:00,20260305
351061,Birch Path Networks,1186254,"TOZED,MIFI,4G,ZLT M30S,MODEM,ROUMOD1491,MODEM TRADE",20,12558.13953,2026-03-05T06:57:36.000+00:00,20260305
351061,Birch Path Networks,1186254,"TOZED,MIFI,4G,ZLT M30S,MODEM,ROUMOD1491,MODEM TRADE",20,12558.13953,2026-03-05T06:57:36.000+00:00,20260305
351061,Birch Path Networks,1186254,"TOZED,MIFI,4G,ZLT M30S,MODEM,ROUMOD1491,MODEM TRADE",20,12558.13953,2026-03-05T06:57:36.000+00:00,20260305
351061,Birch Path Networks,1186254,"TOZED,MIFI,4G,ZLT M30S,MODEM,ROUMOD1491,MODEM TRADE",20,12558.13953,2026-03-05T06:57:36.000+00:00,20260305
351061,Birch Path Networks,1186254,"TOZED,MIFI,4G,ZLT M30S,MODEM,ROUMOD1491,MODEM TRADE",20,12558.13953,2026-03-05T06:57:36.000+00:00,20260305
351061,Birch Path Networks,1186254,"TOZED,MIFI,4G,ZLT M30S,MODEM,ROUMOD1491,MODEM TRADE",20,12558.13953,2026-03-05T06:57:36.000+00:00,20260305
351061,Birch Path Networks,1186254,"TOZED,MIFI,4G,ZLT M30S,MODEM,ROUMOD1491,MODEM TRADE",20,12558.13953,2026-03-05T06:57:36.000+00:00,20260305
351061,Birch Path Networks,1186254,"TOZED,MIFI,4G,ZLT M30S,MODEM,ROUMOD1491,MODEM TRADE",20,12558.13953,2026-03-05T06:57:36.000+00:00,20260305
351061,Birch Path Networks,1186254,"TOZED,MIFI,4G,ZLT M30S,MODEM,ROUMOD1491,MODEM TRADE",20,12558.13953,2026-03-05T06:57:36.000+00:00,20260305
351061,Birch Path Networks,1186254,"TOZED,MIFI,4G,ZLT M30S,MODEM,ROUMOD1491,MODEM TRADE",20,12558.13953,2026-03-05T06:57:36.000+00:00,20260305
351061,Birch Path Networks,1186254,"TOZED,MIFI,4G,ZLT M30S,MODEM,ROUMOD1491,MODEM TRADE",20,12558.13953,2026-03-05T06:57:36.000+00:00,20260305
351061,Birch Path Networks,1186254,"TOZED,MIFI,4G,ZLT M30S,MODEM,ROUMOD1491,MODEM TRADE",20,12558.13953,2026-03-05T06:57:36.000+00:00,20260305
351061,Birch Path Networks,1186254,"TOZED,MIFI,4G,ZLT M30S,MODEM,ROUMOD1491,MODEM TRADE",20,12558.13953,2026-03-05T06:57:36.000+00:00,20260305
351061,Birch Path Networks,1186254,"TOZED,MIFI,4G,ZLT M30S,MODEM,ROUMOD1491,MODEM TRADE",20,12558.13953,2026-03-05T06:57:36.000+00:00,20260305
19718,Juniper Brook Ventures,1002552,"VOUCHER ETOPUP, VIRTUAL AIRTIME, NGN15000, ELECTRONIC, VOUCHER ETOPUP",2100,13465.11785,2026-03-05T08:37:39.000+00:00,20260305
19913,Forest Lake Ventures,1002552,"VOUCHER ETOPUP, VIRTUAL AIRTIME, NGN15000, ELECTRONIC, VOUCHER ETOPUP",6000,13465.11785,2026-03-05T09:27:36.000+00:00,20260305
19411,Jade Lake Ventures,1002552,"VOUCHER ETOPUP, VIRTUAL AIRTIME, NGN15000, ELECTRONIC, VOUCHER ETOPUP",1382,13465.11785,2026-03-05T10:53:09.000+00:00,20260305
341061,Hazel Park Communications,1283280,"TOZED,ROUMOD4390,ROUMOD4390,4G CPE WITH UPS,MODEM,ROUMOD4390,ROUTER TRADE",1,16744.18605,2026-03-05T14:12:54.000+00:00,20260305
19941,Olive Point Ventures,1002552,"VOUCHER ETOPUP, VIRTUAL AIRTIME, NGN15000, ELECTRONIC, VOUCHER ETOPUP",844,13465.11785,2026-03-05T06:32:35.000+00:00,20260305
19612,Aspen Sky Trading,1002552,"VOUCHER ETOPUP, VIRTUAL AIRTIME, NGN15000, ELECTRONIC, VOUCHER ETOPUP",17478,13465.11785,2026-03-05T07:37:48.000+00:00,20260305
19392,Pine Lake Ventures,1002552,"VOUCHER ETOPUP, VIRTUAL AIRTIME, NGN15000, ELECTRONIC, VOUCHER ETOPUP",75,13465.11785,2026-03-05T09:37:48.000+00:00,20260305
337089,Coral Crown Trading,1234615,"HUAWEI,ROUWIR4302,ROUWIR4302,4G CAT4 CPE B313-322WITH UPS,WIRELESS,ROUWIR4302,ROUTER TRADE",4,16744.18605,2026-03-05T10:37:52.000+00:00,20260305
337089,Coral Crown Trading,1234615,"HUAWEI,ROUWIR4302,ROUWIR4302,4G CAT4 CPE B313-322WITH UPS,WIRELESS,ROUWIR4302,ROUTER TRADE",4,16744.18605,2026-03-05T10:37:52.000+00:00,20260305
337089,Coral Crown Trading,1234615,"HUAWEI,ROUWIR4302,ROUWIR4302,4G CAT4 CPE B313-322WITH UPS,WIRELESS,ROUWIR4302,ROUTER TRADE",4,16744.18605,2026-03-05T10:37:52.000+00:00,20260305
337089,Coral Crown Trading,1234615,"HUAWEI,ROUWIR4302,ROUWIR4302,4G CAT4 CPE B313-322WITH UPS,WIRELESS,ROUWIR4302,ROUTER TRADE",4,16744.18605,2026-03-05T10:37:52.000+00:00,20260305
19661,Coral Haven Networks,1002552,"VOUCHER ETOPUP, VIRTUAL AIRTIME, NGN15000, ELECTRONIC, VOUCHER ETOPUP",4062,13465.11785,2026-03-05T10:08:04.000+00:00,20260305
19913,Forest Lake Ventures,1002552,"VOUCHER ETOPUP, VIRTUAL AIRTIME, NGN15000, ELECTRONIC, VOUCHER ETOPUP",6000,13465.11785,2026-03-05T09:27:36.000+00:00,20260305
19462,Orchid View Networks,1002552,"VOUCHER ETOPUP, VIRTUAL AIRTIME, NGN15000, ELECTRONIC, VOUCHER ETOPUP",1400,13465.11785,2026-03-05T12:03:05.000+00:00,20260305
337088,Sage Wood Trading,1283283,"ZTE,ROUMOD4394,ROUMOD4394,5G CPE WITH UPS,MODEM,ROUMOD4394,ROUTER TRADE",6,66976.74419,2026-03-05T10:13:41.000+00:00,20260305
19328,Golden Dale Communications,1002552,"VOUCHER ETOPUP, VIRTUAL AIRTIME, NGN15000, ELECTRONIC, VOUCHER ETOPUP",3000,13465.11785,2026-03-05T07:27:47.000+00:00,20260305
19323,Ember Coast Trading,1002552,"VOUCHER ETOPUP, VIRTUAL AIRTIME, NGN15000, ELECTRONIC, VOUCHER ETOPUP",1333,13465.11785,2026-03-05T10:08:04.000+00:00,20260305
19780,Ivory Vale Ventures,1002552,"VOUCHER ETOPUP, VIRTUAL AIRTIME, NGN15000, ELECTRONIC, VOUCHER ETOPUP",62,13465.11785,2026-03-05T14:32:47.000+00:00,20260305
19919,Sunset Path Trading,1002552,"VOUCHER ETOPUP, VIRTUAL AIRTIME, NGN15000, ELECTRONIC, VOUCHER ETOPUP",44,13465.11785,2026-03-05T10:58:05.000+00:00,20260305
19462,Orchid View Networks,1002552,"VOUCHER ETOPUP, VIRTUAL AIRTIME, NGN15000, ELECTRONIC, VOUCHER ETOPUP",13816,13465.11785,2026-03-05T15:07:40.000+00:00,20260305
19462,Orchid View Networks,1002552,"VOUCHER ETOPUP, VIRTUAL AIRTIME, NGN15000, ELECTRONIC, VOUCHER ETOPUP",34542,13465.11785,2026-03-05T15:47:47.000+00:00,20260305
19832,Amber Beacon Trading,1002552,"VOUCHER ETOPUP, VIRTUAL AIRTIME, NGN15000, ELECTRONIC, VOUCHER ETOPUP",700,13465.11785,2026-03-05T14:28:07.000+00:00,20260305
21280,Maple Meadow Trading,1002552,"VOUCHER ETOPUP, VIRTUAL AIRTIME, NGN15000, ELECTRONIC, VOUCHER ETOPUP",3456,13465.11785,2026-03-05T11:37:42.000+00:00,20260305
21286,Sunset Meadow Networks,1002552,"VOUCHER ETOPUP, VIRTUAL AIRTIME, NGN15000, ELECTRONIC, VOUCHER ETOPUP",3454,13465.11785,2026-03-05T17:18:08.000+00:00,20260305
19695,Jade Park Ventures,1002552,"VOUCHER ETOPUP, VIRTUAL AIRTIME, NGN15000, ELECTRONIC, VOUCHER ETOPUP",1500,13465.11785,2026-03-05T08:27:16.000+00:00,20260305
19776,Cedar Grove Trading,1002552,"VOUCHER ETOPUP, VIRTUAL AIRTIME, NGN15000, ELECTRONIC, VOUCHER ETOPUP",914,13465.11785,2026-03-05T07:23:02.000+00:00,20260305
19407,Sunset Wood Networks,1002552,"VOUCHER ETOPUP, VIRTUAL AIRTIME, NGN15000, ELECTRONIC, VOUCHER ETOPUP",2759,13465.11785,2026-03-05T14:37:46.000+00:00,20260305
19694,Maple Meadow Trading,1002552,"VOUCHER ETOPUP, VIRTUAL AIRTIME, NGN15000, ELECTRONIC, VOUCHER ETOPUP",3455,13465.11785,2026-03-05T11:37:42.000+00:00,20260305
21284,Ember Coast Trading,1002552,"VOUCHER ETOPUP, VIRTUAL AIRTIME, NGN15000, ELECTRONIC, VOUCHER ETOPUP",1000,13465.11785,2026-03-05T15:37:36.000+00:00,20260305
21285,Aspen Sky Trading,1002552,"VOUCHER ETOPUP, VIRTUAL AIRTIME, NGN15000, ELECTRONIC, VOUCHER ETOPUP",1382,13465.11785,2026-03-05T11:42:37.000+00:00,20260305
19964,River Star Communications,1002552,"VOUCHER ETOPUP, VIRTUAL AIRTIME, NGN15000, ELECTRONIC, VOUCHER ETOPUP",16552,13465.11785,2026-03-05T06:52:30.000+00:00,20260305
19422,Amber Lake Trading,1002552,"VOUCHER ETOPUP, VIRTUAL AIRTIME, NGN15000, ELECTRONIC, VOUCHER ETOPUP",3000,13465.11785,2026-03-05T11:42:37.000+00:00,20260305
19792,Sunset Port Ventures,1002552,"VOUCHER ETOPUP, VIRTUAL AIRTIME, NGN15000, ELECTRONIC, VOUCHER ETOPUP",1333,13465.11785,2026-03-05T07:23:01.000+00:00,20260305
19407,Sunset Wood Networks,1002552,"VOUCHER ETOPUP, VIRTUAL AIRTIME, NGN15000, ELECTRONIC, VOUCHER ETOPUP",5500,13465.11785,2026-03-05T09:37:48.000+00:00,20260305
19554,Ruby Reach Ventures,1283281,"ZTE,ROUMOD4391,ROUMOD4391,4G CPE WITH UPS,MODEM,ROUMOD4391,ROUTER TRADE",150,16744.18605,2026-03-05T10:58:05.000+00:00,20260305
19554,Ruby Reach Ventures,1283281,"ZTE,ROUMOD4391,ROUMOD4391,4G CPE WITH UPS,MODEM,ROUMOD4391,ROUTER TRADE",150,16744.18605,2026-03-05T10:58:05.000+00:00,20260305
19554,Ruby Reach Ventures,1283281,"ZTE,ROUMOD4391,ROUMOD4391,4G CPE WITH UPS,MODEM,ROUMOD4391,ROUTER TRADE",150,16744.18605,2026-03-05T10:58:05.000+00:00,20260305
19554,Ruby Reach Ventures,1283281,"ZTE,ROUMOD4391,ROUMOD4391,4G CPE WITH UPS,MODEM,ROUMOD4391,ROUTER TRADE",150,16744.18605,2026-03-05T10:58:05.000+00:00,20260305
19554,Ruby Reach Ventures,1283281,"ZTE,ROUMOD4391,ROUMOD4391,4G CPE WITH UPS,MODEM,ROUMOD4391,ROUTER TRADE",150,16744.18605,2026-03-05T10:58:05.000+00:00,20260305
19554,Ruby Reach Ventures,1283281,"ZTE,ROUMOD4391,ROUMOD4391,4G CPE WITH UPS,MODEM,ROUMOD4391,ROUTER TRADE",150,16744.18605,2026-03-05T10:58:05.000+00:00,20260305
19554,Ruby Reach Ventures,1283281,"ZTE,ROUMOD4391,ROUMOD4391,4G CPE WITH UPS,MODEM,ROUMOD4391,ROUTER TRADE",150,16744.18605,2026-03-05T10:58:05.000+00:00,20260305
19554,Ruby Reach Ventures,1283281,"ZTE,ROUMOD4391,ROUMOD4391,4G CPE WITH UPS,MODEM,ROUMOD4391,ROUTER TRADE",150,16744.18605,2026-03-05T10:58:05.000+00:00,20260305
19554,Ruby Reach Ventures,1283281,"ZTE,ROUMOD4391,ROUMOD4391,4G CPE WITH UPS,MODEM,ROUMOD4391,ROUTER TRADE",150,16744.18605,2026-03-05T10:58:05.000+00:00,20260305
19554,Ruby Reach Ventures,1283281,"ZTE,ROUMOD4391,ROUMOD4391,4G CPE WITH UPS,MODEM,ROUMOD4391,ROUTER TRADE",150,16744.18605,2026-03-05T10:58:05.000+00:00,20260305
19554,Ruby Reach Ventures,1283281,"ZTE,ROUMOD4391,ROUMOD4391,4G CPE WITH UPS,MODEM,ROUMOD4391,ROUTER TRADE",150,16744.18605,2026-03-05T10:58:05.000+00:00,20260305
19554,Ruby Reach Ventures,1283281,"ZTE,ROUMOD4391,ROUMOD4391,4G CPE WITH UPS,MODEM,ROUMOD4391,ROUTER TRADE",150,16744.18605,2026-03-05T10:58:05.000+00:00,20260305
19554,Ruby Reach Ventures,1283281,"ZTE,ROUMOD4391,ROUMOD4391,4G CPE WITH UPS,MODEM,ROUMOD4391,ROUTER TRADE",150,16744.18605,2026-03-05T10:58:05.000+00:00,20260305
19554,Ruby Reach Ventures,1283281,"ZTE,ROUMOD4391,ROUMOD4391,4G CPE WITH UPS,MODEM,ROUMOD4391,ROUTER TRADE",150,16744.18605,2026-03-05T10:58:05.000+00:00,20260305
19554,Ruby Reach Ventures,1283281,"ZTE,ROUMOD4391,ROUMOD4391,4G CPE WITH UPS,MODEM,ROUMOD4391,ROUTER TRADE",150,16744.18605,2026-03-05T10:58:05.000+00:00,20260305
19554,Ruby Reach Ventures,1283281,"ZTE,ROUMOD4391,ROUMOD4391,4G CPE WITH UPS,MODEM,ROUMOD4391,ROUTER TRADE",150,16744.18605,2026-03-05T10:58:05.000+00:00,20260305
19554,Ruby Reach Ventures,1283281,"ZTE,ROUMOD4391,ROUMOD4391,4G CPE WITH UPS,MODEM,ROUMOD4391,ROUTER TRADE",150,16744.18605,2026-03-05T10:58:05.000+00:00,20260305
19554,Ruby Reach Ventures,1283281,"ZTE,ROUMOD4391,ROUMOD4391,4G CPE WITH UPS,MODEM,ROUMOD4391,ROUTER TRADE",150,16744.18605,2026-03-05T10:58:05.000+00:00,20260305
19554,Ruby Reach Ventures,1283281,"ZTE,ROUMOD4391,ROUMOD4391,4G CPE WITH UPS,MODEM,ROUMOD4391,ROUTER TRADE",150,16744.18605,2026-03-05T10:58:05.000+00:00,20260305
19554,Ruby Reach Ventures,1283281,"ZTE,ROUMOD4391,ROUMOD4391,4G CPE WITH UPS,MODEM,ROUMOD4391,ROUTER TRADE",150,16744.18605,2026-03-05T10:58:05.000+00:00,20260305
19554,Ruby Reach Ventures,1283281,"ZTE,ROUMOD4391,ROUMOD4391,4G CPE WITH UPS,MODEM,ROUMOD4391,ROUTER TRADE",150,16744.18605,2026-03-05T10:58:05.000+00:00,20260305
19554,Ruby Reach Ventures,1283281,"ZTE,ROUMOD4391,ROUMOD4391,4G CPE WITH UPS,MODEM,ROUMOD4391,ROUTER TRADE",150,16744.18605,2026-03-05T10:58:05.000+00:00,20260305
19554,Ruby Reach Ventures,1283281,"ZTE,ROUMOD4391,ROUMOD4391,4G CPE WITH UPS,MODEM,ROUMOD4391,ROUTER TRADE",150,16744.18605,2026-03-05T10:58:05.000+00:00,20260305
19554,Ruby Reach Ventures,1283281,"ZTE,ROUMOD4391,ROUMOD4391,4G CPE WITH UPS,MODEM,ROUMOD4391,ROUTER TRADE",150,16744.18605,2026-03-05T10:58:05.000+00:00,20260305
19554,Ruby Reach Ventures,1283281,"ZTE,ROUMOD4391,ROUMOD4391,4G CPE WITH UPS,MODEM,ROUMOD4391,ROUTER TRADE",150,16744.18605,2026-03-05T10:58:05.000+00:00,20260305
19554,Ruby Reach Ventures,1283281,"ZTE,ROUMOD4391,ROUMOD4391,4G CPE WITH UPS,MODEM,ROUMOD4391,ROUTER TRADE",150,16744.18605,2026-03-05T10:58:05.000+00:00,20260305
19554,Ruby Reach Ventures,1283281,"ZTE,ROUMOD4391,ROUMOD4391,4G CPE WITH UPS,MODEM,ROUMOD4391,ROUTER TRADE",150,16744.18605,2026-03-05T10:58:05.000+00:00,20260305
19554,Ruby Reach Ventures,1283281,"ZTE,ROUMOD4391,ROUMOD4391,4G CPE WITH UPS,MODEM,ROUMOD4391,ROUTER TRADE",150,16744.18605,2026-03-05T10:58:05.000+00:00,20260305
19554,Ruby Reach Ventures,1283281,"ZTE,ROUMOD4391,ROUMOD4391,4G CPE WITH UPS,MODEM,ROUMOD4391,ROUTER TRADE",150,16744.18605,2026-03-05T10:58:05.000+00:00,20260305
19554,Ruby Reach Ventures,1283281,"ZTE,ROUMOD4391,ROUMOD4391,4G CPE WITH UPS,MODEM,ROUMOD4391,ROUTER TRADE",150,16744.18605,2026-03-05T10:58:05.000+00:00,20260305
19554,Ruby Reach Ventures,1283281,"ZTE,ROUMOD4391,ROUMOD4391,4G CPE WITH UPS,MODEM,ROUMOD4391,ROUTER TRADE",150,16744.18605,2026-03-05T10:58:05.000+00:00,20260305
19554,Ruby Reach Ventures,1283281,"ZTE,ROUMOD4391,ROUMOD4391,4G CPE WITH UPS,MODEM,ROUMOD4391,ROUTER TRADE",150,16744.18605,2026-03-05T10:58:05.000+00:00,20260305
19554,Ruby Reach Ventures,1283281,"ZTE,ROUMOD4391,ROUMOD4391,4G CPE WITH UPS,MODEM,ROUMOD4391,ROUTER TRADE",150,16744.18605,2026-03-05T10:58:05.000+00:00,20260305
19554,Ruby Reach Ventures,1283281,"ZTE,ROUMOD4391,ROUMOD4391,4G CPE WITH UPS,MODEM,ROUMOD4391,ROUTER TRADE",150,16744.18605,2026-03-05T10:58:05.000+00:00,20260305
19554,Ruby Reach Ventures,1283281,"ZTE,ROUMOD4391,ROUMOD4391,4G CPE WITH UPS,MODEM,ROUMOD4391,ROUTER TRADE",150,16744.18605,2026-03-05T10:58:05.000+00:00,20260305
19554,Ruby Reach Ventures,1283281,"ZTE,ROUMOD4391,ROUMOD4391,4G CPE WITH UPS,MODEM,ROUMOD4391,ROUTER TRADE",150,16744.18605,2026-03-05T10:58:05.000+00:00,20260305
19554,Ruby Reach Ventures,1283281,"ZTE,ROUMOD4391,ROUMOD4391,4G CPE WITH UPS,MODEM,ROUMOD4391,ROUTER TRADE",150,16744.18605,2026-03-05T10:58:05.000+00:00,20260305
19554,Ruby Reach Ventures,1283281,"ZTE,ROUMOD4391,ROUMOD4391,4G CPE WITH UPS,MODEM,ROUMOD4391,ROUTER TRADE",150,16744.18605,2026-03-05T10:58:05.000+00:00,20260305
19554,Ruby Reach Ventures,1283281,"ZTE,ROUMOD4391,ROUMOD4391,4G CPE WITH UPS,MODEM,ROUMOD4391,ROUTER TRADE",150,16744.18605,2026-03-05T10:58:05.000+00:00,20260305
19554,Ruby Reach Ventures,1283281,"ZTE,ROUMOD4391,ROUMOD4391,4G CPE WITH UPS,MODEM,ROUMOD4391,ROUTER TRADE",150,16744.18605,2026-03-05T10:58:05.000+00:00,20260305
19913,Forest Lake Ventures,1002552,"VOUCHER ETOPUP, VIRTUAL AIRTIME, NGN15000, ELECTRONIC, VOUCHER ETOPUP",6000,13465.11785,2026-03-05T02:17:44.000+00:00,20260305
74055,Sunset Path Trading,1002552,"VOUCHER ETOPUP, VIRTUAL AIRTIME, NGN15000, ELECTRONIC, VOUCHER ETOPUP",44,13465.11785,2026-03-05T09:32:43.000+00:00,20260305
19957,Meadow Wind Networks,1002552,"VOUCHER ETOPUP, VIRTUAL AIRTIME, NGN15000, ELECTRONIC, VOUCHER ETOPUP",100,13465.11785,2026-03-05T11:53:08.000+00:00,20260305
19661,Coral Haven Networks,1002552,"VOUCHER ETOPUP, VIRTUAL AIRTIME, NGN15000, ELECTRONIC, VOUCHER ETOPUP",4469,13465.11785,2026-03-05T14:28:07.000+00:00,20260305
345066,Oak Star Ventures,1283280,"TOZED,ROUMOD4390,ROUMOD4390,4G CPE WITH UPS,MODEM,ROUMOD4390,ROUTER TRADE",5,16744.18605,2026-03-05T13:27:48.000+00:00,20260305
345066,Oak Star Ventures,1283280,"TOZED,ROUMOD4390,ROUMOD4390,4G CPE WITH UPS,MODEM,ROUMOD4390,ROUTER TRADE",5,16744.18605,2026-03-05T13:27:48.000+00:00,20260305
345066,Oak Star Ventures,1283280,"TOZED,ROUMOD4390,ROUMOD4390,4G CPE WITH UPS,MODEM,ROUMOD4390,ROUTER TRADE",5,16744.18605,2026-03-05T13:27:48.000+00:00,20260305
345066,Oak Star Ventures,1283280,"TOZED,ROUMOD4390,ROUMOD4390,4G CPE WITH UPS,MODEM,ROUMOD4390,ROUTER TRADE",5,16744.18605,2026-03-05T13:27:48.000+00:00,20260305
345066,Oak Star Ventures,1283280,"TOZED,ROUMOD4390,ROUMOD4390,4G CPE WITH UPS,MODEM,ROUMOD4390,ROUTER TRADE",5,16744.18605,2026-03-05T13:27:48.000+00:00,20260305
19328,Golden Dale Communications,1002552,"VOUCHER ETOPUP, VIRTUAL AIRTIME, NGN15000, ELECTRONIC, VOUCHER ETOPUP",2000,13465.11785,2026-03-05T15:47:47.000+00:00,20260305
19323,Ember Coast Trading,1002552,"VOUCHER ETOPUP, VIRTUAL AIRTIME, NGN15000, ELECTRONIC, VOUCHER ETOPUP",667,13465.11785,2026-03-05T10:08:04.000+00:00,20260305
311071,Silver Coast Communications,1002552,"VOUCHER ETOPUP, VIRTUAL AIRTIME, NGN15000, ELECTRONIC, VOUCHER ETOPUP",7,13465.11785,2026-03-05T09:27:36.000+00:00,20260305
337088,Sage Wood Trading,1283283,"ZTE,ROUMOD4394,ROUMOD4394,5G CPE WITH UPS,MODEM,ROUMOD4394,ROUTER TRADE",6,66976.74419,2026-03-05T10:13:41.000+00:00,20260305
337088,Sage Wood Trading,1283283,"ZTE,ROUMOD4394,ROUMOD4394,5G CPE WITH UPS,MODEM,ROUMOD4394,ROUTER TRADE",6,66976.74419,2026-03-05T10:13:41.000+00:00,20260305
337088,Sage Wood Trading,1283283,"ZTE,ROUMOD4394,ROUMOD4394,5G CPE WITH UPS,MODEM,ROUMOD4394,ROUTER TRADE",6,66976.74419,2026-03-05T10:13:41.000+00:00,20260305
337088,Sage Wood Trading,1283283,"ZTE,ROUMOD4394,ROUMOD4394,5G CPE WITH UPS,MODEM,ROUMOD4394,ROUTER TRADE",6,66976.74419,2026-03-05T10:13:41.000+00:00,20260305
337088,Sage Wood Trading,1283283,"ZTE,ROUMOD4394,ROUMOD4394,5G CPE WITH UPS,MODEM,ROUMOD4394,ROUTER TRADE",6,66976.74419,2026-03-05T10:13:41.000+00:00,20260305
19411,Jade Lake Ventures,1002552,"VOUCHER ETOPUP, VIRTUAL AIRTIME, NGN15000, ELECTRONIC, VOUCHER ETOPUP",6564,13465.11785,2026-03-05T09:23:11.000+00:00,20260305
19553,Elm Spring Communications,1002552,"VOUCHER ETOPUP, VIRTUAL AIRTIME, NGN15000, ELECTRONIC, VOUCHER ETOPUP",346,13465.11785,2026-03-05T09:23:11.000+00:00,20260305
20044,Teal Ridge Ventures,1002552,"VOUCHER ETOPUP, VIRTUAL AIRTIME, NGN15000, ELECTRONIC, VOUCHER ETOPUP",34541,13465.11785,2026-03-05T18:03:14.000+00:00,20260305
97095,Quartz Delta Ventures,1283280,"TOZED,ROUMOD4390,ROUMOD4390,4G CPE WITH UPS,MODEM,ROUMOD4390,ROUTER TRADE",100,16744.18605,2026-03-05T07:27:47.000+00:00,20260305
97095,Quartz Delta Ventures,1283280,"TOZED,ROUMOD4390,ROUMOD4390,4G CPE WITH UPS,MODEM,ROUMOD4390,ROUTER TRADE",100,16744.18605,2026-03-05T07:27:47.000+00:00,20260305
97095,Quartz Delta Ventures,1283280,"TOZED,ROUMOD4390,ROUMOD4390,4G CPE WITH UPS,MODEM,ROUMOD4390,ROUTER TRADE",100,16744.18605,2026-03-05T07:27:47.000+00:00,20260305
97095,Quartz Delta Ventures,1283280,"TOZED,ROUMOD4390,ROUMOD4390,4G CPE WITH UPS,MODEM,ROUMOD4390,ROUTER TRADE",100,16744.18605,2026-03-05T07:27:47.000+00:00,20260305
97095,Quartz Delta Ventures,1283280,"TOZED,ROUMOD4390,ROUMOD4390,4G CPE WITH UPS,MODEM,ROUMOD4390,ROUTER TRADE",100,16744.18605,2026-03-05T07:27:47.000+00:00,20260305
97095,Quartz Delta Ventures,1283280,"TOZED,ROUMOD4390,ROUMOD4390,4G CPE WITH UPS,MODEM,ROUMOD4390,ROUTER TRADE",100,16744.18605,2026-03-05T07:27:47.000+00:00,20260305
97095,Quartz Delta Ventures,1283280,"TOZED,ROUMOD4390,ROUMOD4390,4G CPE WITH UPS,MODEM,ROUMOD4390,ROUTER TRADE",100,16744.18605,2026-03-05T07:27:47.000+00:00,20260305
97095,Quartz Delta Ventures,1283280,"TOZED,ROUMOD4390,ROUMOD4390,4G CPE WITH UPS,MODEM,ROUMOD4390,ROUTER TRADE",100,16744.18605,2026-03-05T07:27:47.000+00:00,20260305
97095,Quartz Delta Ventures,1283280,"TOZED,ROUMOD4390,ROUMOD4390,4G CPE WITH UPS,MODEM,ROUMOD4390,ROUTER TRADE",100,16744.18605,2026-03-05T07:27:47.000+00:00,20260305
97095,Quartz Delta Ventures,1283280,"TOZED,ROUMOD4390,ROUMOD4390,4G CPE WITH UPS,MODEM,ROUMOD4390,ROUTER TRADE",100,16744.18605,2026-03-05T07:27:47.000+00:00,20260305
97095,Quartz Delta Ventures,1283280,"TOZED,ROUMOD4390,ROUMOD4390,4G CPE WITH UPS,MODEM,ROUMOD4390,ROUTER TRADE",100,16744.18605,2026-03-05T07:27:47.000+00:00,20260305
97095,Quartz Delta Ventures,1283280,"TOZED,ROUMOD4390,ROUMOD4390,4G CPE WITH UPS,MODEM,ROUMOD4390,ROUTER TRADE",100,16744.18605,2026-03-05T07:27:47.000+00:00,20260305
97095,Quartz Delta Ventures,1283280,"TOZED,ROUMOD4390,ROUMOD4390,4G CPE WITH UPS,MODEM,ROUMOD4390,ROUTER TRADE",100,16744.18605,2026-03-05T07:27:47.000+00:00,20260305
97095,Quartz Delta Ventures,1283280,"TOZED,ROUMOD4390,ROUMOD4390,4G CPE WITH UPS,MODEM,ROUMOD4390,ROUTER TRADE",100,16744.18605,2026-03-05T07:27:47.000+00:00,20260305
97095,Quartz Delta Ventures,1283280,"TOZED,ROUMOD4390,ROUMOD4390,4G CPE WITH UPS,MODEM,ROUMOD4390,ROUTER TRADE",100,16744.18605,2026-03-05T07:27:47.000+00:00,20260305
97095,Quartz Delta Ventures,1283280,"TOZED,ROUMOD4390,ROUMOD4390,4G CPE WITH UPS,MODEM,ROUMOD4390,ROUTER TRADE",100,16744.18605,2026-03-05T07:27:47.000+00:00,20260305
97095,Quartz Delta Ventures,1283280,"TOZED,ROUMOD4390,ROUMOD4390,4G CPE WITH UPS,MODEM,ROUMOD4390,ROUTER TRADE",100,16744.18605,2026-03-05T07:27:47.000+00:00,20260305
97095,Quartz Delta Ventures,1283280,"TOZED,ROUMOD4390,ROUMOD4390,4G CPE WITH UPS,MODEM,ROUMOD4390,ROUTER TRADE",100,16744.18605,2026-03-05T07:27:47.000+00:00,20260305
97095,Quartz Delta Ventures,1283280,"TOZED,ROUMOD4390,ROUMOD4390,4G CPE WITH UPS,MODEM,ROUMOD4390,ROUTER TRADE",100,16744.18605,2026-03-05T07:27:47.000+00:00,20260305
97095,Quartz Delta Ventures,1283280,"TOZED,ROUMOD4390,ROUMOD4390,4G CPE WITH UPS,MODEM,ROUMOD4390,ROUTER TRADE",100,16744.18605,2026-03-05T07:27:47.000+00:00,20260305
97095,Quartz Delta Ventures,1283280,"TOZED,ROUMOD4390,ROUMOD4390,4G CPE WITH UPS,MODEM,ROUMOD4390,ROUTER TRADE",100,16744.18605,2026-03-05T07:27:47.000+00:00,20260305
97095,Quartz Delta Ventures,1283280,"TOZED,ROUMOD4390,ROUMOD4390,4G CPE WITH UPS,MODEM,ROUMOD4390,ROUTER TRADE",100,16744.18605,2026-03-05T07:27:47.000+00:00,20260305
97095,Quartz Delta Ventures,1283280,"TOZED,ROUMOD4390,ROUMOD4390,4G CPE WITH UPS,MODEM,ROUMOD4390,ROUTER TRADE",100,16744.18605,2026-03-05T07:27:47.000+00:00,20260305
97095,Quartz Delta Ventures,1283280,"TOZED,ROUMOD4390,ROUMOD4390,4G CPE WITH UPS,MODEM,ROUMOD4390,ROUTER TRADE",100,16744.18605,2026-03-05T07:27:47.000+00:00,20260305
97095,Quartz Delta Ventures,1283280,"TOZED,ROUMOD4390,ROUMOD4390,4G CPE WITH UPS,MODEM,ROUMOD4390,ROUTER TRADE",100,16744.18605,2026-03-05T07:27:47.000+00:00,20260305
97095,Quartz Delta Ventures,1283280,"TOZED,ROUMOD4390,ROUMOD4390,4G CPE WITH UPS,MODEM,ROUMOD4390,ROUTER TRADE",100,16744.18605,2026-03-05T07:27:47.000+00:00,20260305
97095,Quartz Delta Ventures,1283280,"TOZED,ROUMOD4390,ROUMOD4390,4G CPE WITH UPS,MODEM,ROUMOD4390,ROUTER TRADE",100,16744.18605,2026-03-05T07:27:47.000+00:00,20260305
97095,Quartz Delta Ventures,1283280,"TOZED,ROUMOD4390,ROUMOD4390,4G CPE WITH UPS,MODEM,ROUMOD4390,ROUTER TRADE",100,16744.18605,2026-03-05T07:27:47.000+00:00,20260305
97095,Quartz Delta Ventures,1283280,"TOZED,ROUMOD4390,ROUMOD4390,4G CPE WITH UPS,MODEM,ROUMOD4390,ROUTER TRADE",100,16744.18605,2026-03-05T07:27:47.000+00:00,20260305
97095,Quartz Delta Ventures,1283280,"TOZED,ROUMOD4390,ROUMOD4390,4G CPE WITH UPS,MODEM,ROUMOD4390,ROUTER TRADE",100,16744.18605,2026-03-05T07:27:47.000+00:00,20260305
97095,Quartz Delta Ventures,1283280,"TOZED,ROUMOD4390,ROUMOD4390,4G CPE WITH UPS,MODEM,ROUMOD4390,ROUTER TRADE",100,16744.18605,2026-03-05T07:27:47.000+00:00,20260305
97095,Quartz Delta Ventures,1283280,"TOZED,ROUMOD4390,ROUMOD4390,4G CPE WITH UPS,MODEM,ROUMOD4390,ROUTER TRADE",100,16744.18605,2026-03-05T07:27:47.000+00:00,20260305
97095,Quartz Delta Ventures,1283280,"TOZED,ROUMOD4390,ROUMOD4390,4G CPE WITH UPS,MODEM,ROUMOD4390,ROUTER TRADE",100,16744.18605,2026-03-05T07:27:47.000+00:00,20260305
97095,Quartz Delta Ventures,1283280,"TOZED,ROUMOD4390,ROUMOD4390,4G CPE WITH UPS,MODEM,ROUMOD4390,ROUTER TRADE",100,16744.18605,2026-03-05T07:27:47.000+00:00,20260305
97095,Quartz Delta Ventures,1283280,"TOZED,ROUMOD4390,ROUMOD4390,4G CPE WITH UPS,MODEM,ROUMOD4390,ROUTER TRADE",100,16744.18605,2026-03-05T07:27:47.000+00:00,20260305
97095,Quartz Delta Ventures,1283280,"TOZED,ROUMOD4390,ROUMOD4390,4G CPE WITH UPS,MODEM,ROUMOD4390,ROUTER TRADE",100,16744.18605,2026-03-05T07:27:47.000+00:00,20260305
97095,Quartz Delta Ventures,1283280,"TOZED,ROUMOD4390,ROUMOD4390,4G CPE WITH UPS,MODEM,ROUMOD4390,ROUTER TRADE",100,16744.18605,2026-03-05T07:27:47.000+00:00,20260305
19554,Ruby Reach Ventures,1283281,"ZTE,ROUMOD4391,ROUMOD4391,4G CPE WITH UPS,MODEM,ROUMOD4391,ROUTER TRADE",150,16744.18605,2026-03-05T10:58:05.000+00:00,20260305
19554,Ruby Reach Ventures,1283281,"ZTE,ROUMOD4391,ROUMOD4391,4G CPE WITH UPS,MODEM,ROUMOD4391,ROUTER TRADE",150,16744.18605,2026-03-05T10:58:05.000+00:00,20260305
19554,Ruby Reach Ventures,1283281,"ZTE,ROUMOD4391,ROUMOD4391,4G CPE WITH UPS,MODEM,ROUMOD4391,ROUTER TRADE",150,16744.18605,2026-03-05T10:58:05.000+00:00,20260305
19554,Ruby Reach Ventures,1283281,"ZTE,ROUMOD4391,ROUMOD4391,4G CPE WITH UPS,MODEM,ROUMOD4391,ROUTER TRADE",150,16744.18605,2026-03-05T10:58:05.000+00:00,20260305
19554,Ruby Reach Ventures,1283281,"ZTE,ROUMOD4391,ROUMOD4391,4G CPE WITH UPS,MODEM,ROUMOD4391,ROUTER TRADE",150,16744.18605,2026-03-05T10:58:05.000+00:00,20260305
19554,Ruby Reach Ventures,1283281,"ZTE,ROUMOD4391,ROUMOD4391,4G CPE WITH UPS,MODEM,ROUMOD4391,ROUTER TRADE",150,16744.18605,2026-03-05T10:58:05.000+00:00,20260305
19554,Ruby Reach Ventures,1283281,"ZTE,ROUMOD4391,ROUMOD4391,4G CPE WITH UPS,MODEM,ROUMOD4391,ROUTER TRADE",150,16744.18605,2026-03-05T10:58:05.000+00:00,20260305
19554,Ruby Reach Ventures,1283281,"ZTE,ROUMOD4391,ROUMOD4391,4G CPE WITH UPS,MODEM,ROUMOD4391,ROUTER TRADE",150,16744.18605,2026-03-05T10:58:05.000+00:00,20260305
19554,Ruby Reach Ventures,1283281,"ZTE,ROUMOD4391,ROUMOD4391,4G CPE WITH UPS,MODEM,ROUMOD4391,ROUTER TRADE",150,16744.18605,2026-03-05T10:58:05.000+00:00,20260305
19554,Ruby Reach Ventures,1283281,"ZTE,ROUMOD4391,ROUMOD4391,4G CPE WITH UPS,MODEM,ROUMOD4391,ROUTER TRADE",150,16744.18605,2026-03-05T10:58:05.000+00:00,20260305
19554,Ruby Reach Ventures,1283281,"ZTE,ROUMOD4391,ROUMOD4391,4G CPE WITH UPS,MODEM,ROUMOD4391,ROUTER TRADE",150,16744.18605,2026-03-05T10:58:05.000+00:00,20260305
19554,Ruby Reach Ventures,1283281,"ZTE,ROUMOD4391,ROUMOD4391,4G CPE WITH UPS,MODEM,ROUMOD4391,ROUTER TRADE",150,16744.18605,2026-03-05T10:58:05.000+00:00,20260305
19554,Ruby Reach Ventures,1283281,"ZTE,ROUMOD4391,ROUMOD4391,4G CPE WITH UPS,MODEM,ROUMOD4391,ROUTER TRADE",150,16744.18605,2026-03-05T10:58:05.000+00:00,20260305
19554,Ruby Reach Ventures,1283281,"ZTE,ROUMOD4391,ROUMOD4391,4G CPE WITH UPS,MODEM,ROUMOD4391,ROUTER TRADE",150,16744.18605,2026-03-05T10:58:05.000+00:00,20260305
19554,Ruby Reach Ventures,1283281,"ZTE,ROUMOD4391,ROUMOD4391,4G CPE WITH UPS,MODEM,ROUMOD4391,ROUTER TRADE",150,16744.18605,2026-03-05T10:58:05.000+00:00,20260305
19554,Ruby Reach Ventures,1283281,"ZTE,ROUMOD4391,ROUMOD4391,4G CPE WITH UPS,MODEM,ROUMOD4391,ROUTER TRADE",150,16744.18605,2026-03-05T10:58:05.000+00:00,20260305
19554,Ruby Reach Ventures,1283281,"ZTE,ROUMOD4391,ROUMOD4391,4G CPE WITH UPS,MODEM,ROUMOD4391,ROUTER TRADE",150,16744.18605,2026-03-05T10:58:05.000+00:00,20260305
19554,Ruby Reach Ventures,1283281,"ZTE,ROUMOD4391,ROUMOD4391,4G CPE WITH UPS,MODEM,ROUMOD4391,ROUTER TRADE",150,16744.18605,2026-03-05T10:58:05.000+00:00,20260305
19554,Ruby Reach Ventures,1283281,"ZTE,ROUMOD4391,ROUMOD4391,4G CPE WITH UPS,MODEM,ROUMOD4391,ROUTER TRADE",150,16744.18605,2026-03-05T10:58:05.000+00:00,20260305
19554,Ruby Reach Ventures,1283281,"ZTE,ROUMOD4391,ROUMOD4391,4G CPE WITH UPS,MODEM,ROUMOD4391,ROUTER TRADE",150,16744.18605,2026-03-05T10:58:05.000+00:00,20260305
19554,Ruby Reach Ventures,1283281,"ZTE,ROUMOD4391,ROUMOD4391,4G CPE WITH UPS,MODEM,ROUMOD4391,ROUTER TRADE",150,16744.18605,2026-03-05T10:58:05.000+00:00,20260305
19554,Ruby Reach Ventures,1283281,"ZTE,ROUMOD4391,ROUMOD4391,4G CPE WITH UPS,MODEM,ROUMOD4391,ROUTER TRADE",150,16744.18605,2026-03-05T10:58:05.000+00:00,20260305
19554,Ruby Reach Ventures,1283281,"ZTE,ROUMOD4391,ROUMOD4391,4G CPE WITH UPS,MODEM,ROUMOD4391,ROUTER TRADE",150,16744.18605,2026-03-05T10:58:05.000+00:00,20260305
19554,Ruby Reach Ventures,1283281,"ZTE,ROUMOD4391,ROUMOD4391,4G CPE WITH UPS,MODEM,ROUMOD4391,ROUTER TRADE",150,16744.18605,2026-03-05T10:58:05.000+00:00,20260305
19554,Ruby Reach Ventures,1283281,"ZTE,ROUMOD4391,ROUMOD4391,4G CPE WITH UPS,MODEM,ROUMOD4391,ROUTER TRADE",150,16744.18605,2026-03-05T10:58:05.000+00:00,20260305
19554,Ruby Reach Ventures,1283281,"ZTE,ROUMOD4391,ROUMOD4391,4G CPE WITH UPS,MODEM,ROUMOD4391,ROUTER TRADE",150,16744.18605,2026-03-05T10:58:05.000+00:00,20260305
19554,Ruby Reach Ventures,1283281,"ZTE,ROUMOD4391,ROUMOD4391,4G CPE WITH UPS,MODEM,ROUMOD4391,ROUTER TRADE",150,16744.18605,2026-03-05T10:58:05.000+00:00,20260305
19554,Ruby Reach Ventures,1283281,"ZTE,ROUMOD4391,ROUMOD4391,4G CPE WITH UPS,MODEM,ROUMOD4391,ROUTER TRADE",150,16744.18605,2026-03-05T10:58:05.000+00:00,20260305
19554,Ruby Reach Ventures,1283281,"ZTE,ROUMOD4391,ROUMOD4391,4G CPE WITH UPS,MODEM,ROUMOD4391,ROUTER TRADE",150,16744.18605,2026-03-05T10:58:05.000+00:00,20260305
19554,Ruby Reach Ventures,1283281,"ZTE,ROUMOD4391,ROUMOD4391,4G CPE WITH UPS,MODEM,ROUMOD4391,ROUTER TRADE",150,16744.18605,2026-03-05T10:58:05.000+00:00,20260305
19554,Ruby Reach Ventures,1283281,"ZTE,ROUMOD4391,ROUMOD4391,4G CPE WITH UPS,MODEM,ROUMOD4391,ROUTER TRADE",150,16744.18605,2026-03-05T10:58:05.000+00:00,20260305
19554,Ruby Reach Ventures,1283281,"ZTE,ROUMOD4391,ROUMOD4391,4G CPE WITH UPS,MODEM,ROUMOD4391,ROUTER TRADE",150,16744.18605,2026-03-05T10:58:05.000+00:00,20260305
19554,Ruby Reach Ventures,1283281,"ZTE,ROUMOD4391,ROUMOD4391,4G CPE WITH UPS,MODEM,ROUMOD4391,ROUTER TRADE",150,16744.18605,2026-03-05T10:58:05.000+00:00,20260305
19554,Ruby Reach Ventures,1283281,"ZTE,ROUMOD4391,ROUMOD4391,4G CPE WITH UPS,MODEM,ROUMOD4391,ROUTER TRADE",150,16744.18605,2026-03-05T10:58:05.000+00:00,20260305
19554,Ruby Reach Ventures,1283281,"ZTE,ROUMOD4391,ROUMOD4391,4G CPE WITH UPS,MODEM,ROUMOD4391,ROUTER TRADE",150,16744.18605,2026-03-05T10:58:05.000+00:00,20260305
19554,Ruby Reach Ventures,1283281,"ZTE,ROUMOD4391,ROUMOD4391,4G CPE WITH UPS,MODEM,ROUMOD4391,ROUTER TRADE",150,16744.18605,2026-03-05T10:58:05.000+00:00,20260305
19554,Ruby Reach Ventures,1283281,"ZTE,ROUMOD4391,ROUMOD4391,4G CPE WITH UPS,MODEM,ROUMOD4391,ROUTER TRADE",150,16744.18605,2026-03-05T10:58:05.000+00:00,20260305
19554,Ruby Reach Ventures,1283281,"ZTE,ROUMOD4391,ROUMOD4391,4G CPE WITH UPS,MODEM,ROUMOD4391,ROUTER TRADE",150,16744.18605,2026-03-05T10:58:05.000+00:00,20260305
19554,Ruby Reach Ventures,1283281,"ZTE,ROUMOD4391,ROUMOD4391,4G CPE WITH UPS,MODEM,ROUMOD4391,ROUTER TRADE",150,16744.18605,2026-03-05T10:58:05.000+00:00,20260305
19554,Ruby Reach Ventures,1283281,"ZTE,ROUMOD4391,ROUMOD4391,4G CPE WITH UPS,MODEM,ROUMOD4391,ROUTER TRADE",150,16744.18605,2026-03-05T10:58:05.000+00:00,20260305
19612,Aspen Sky Trading,1002552,"VOUCHER ETOPUP, VIRTUAL AIRTIME, NGN15000, ELECTRONIC, VOUCHER ETOPUP",7945,13465.11785,2026-03-05T19:07:50.000+00:00,20260305
20044,Teal Ridge Ventures,1002552,"VOUCHER ETOPUP, VIRTUAL AIRTIME, NGN15000, ELECTRONIC, VOUCHER ETOPUP",34542,13465.11785,2026-03-05T13:22:32.000+00:00,20260305
405089,Rowan Light Communications,1002552,"VOUCHER ETOPUP, VIRTUAL AIRTIME, NGN15000, ELECTRONIC, VOUCHER ETOPUP",17240,13465.11785,2026-03-05T07:37:49.000+00:00,20260305
97095,Quartz Delta Ventures,1283280,"TOZED,ROUMOD4390,ROUMOD4390,4G CPE WITH UPS,MODEM,ROUMOD4390,ROUTER TRADE",100,16744.18605,2026-03-05T07:27:47.000+00:00,20260305
97095,Quartz Delta Ventures,1283280,"TOZED,ROUMOD4390,ROUMOD4390,4G CPE WITH UPS,MODEM,ROUMOD4390,ROUTER TRADE",100,16744.18605,2026-03-05T07:27:47.000+00:00,20260305
97095,Quartz Delta Ventures,1283280,"TOZED,ROUMOD4390,ROUMOD4390,4G CPE WITH UPS,MODEM,ROUMOD4390,ROUTER TRADE",100,16744.18605,2026-03-05T07:27:47.000+00:00,20260305
97095,Quartz Delta Ventures,1283280,"TOZED,ROUMOD4390,ROUMOD4390,4G CPE WITH UPS,MODEM,ROUMOD4390,ROUTER TRADE",100,16744.18605,2026-03-05T07:27:47.000+00:00,20260305
97095,Quartz Delta Ventures,1283280,"TOZED,ROUMOD4390,ROUMOD4390,4G CPE WITH UPS,MODEM,ROUMOD4390,ROUTER TRADE",100,16744.18605,2026-03-05T07:27:47.000+00:00,20260305
97095,Quartz Delta Ventures,1283280,"TOZED,ROUMOD4390,ROUMOD4390,4G CPE WITH UPS,MODEM,ROUMOD4390,ROUTER TRADE",100,16744.18605,2026-03-05T07:27:47.000+00:00,20260305
97095,Quartz Delta Ventures,1283280,"TOZED,ROUMOD4390,ROUMOD4390,4G CPE WITH UPS,MODEM,ROUMOD4390,ROUTER TRADE",100,16744.18605,2026-03-05T07:27:47.000+00:00,20260305
97095,Quartz Delta Ventures,1283280,"TOZED,ROUMOD4390,ROUMOD4390,4G CPE WITH UPS,MODEM,ROUMOD4390,ROUTER TRADE",100,16744.18605,2026-03-05T07:27:47.000+00:00,20260305
97095,Quartz Delta Ventures,1283280,"TOZED,ROUMOD4390,ROUMOD4390,4G CPE WITH UPS,MODEM,ROUMOD4390,ROUTER TRADE",100,16744.18605,2026-03-05T07:27:47.000+00:00,20260305
97095,Quartz Delta Ventures,1283280,"TOZED,ROUMOD4390,ROUMOD4390,4G CPE WITH UPS,MODEM,ROUMOD4390,ROUTER TRADE",100,16744.18605,2026-03-05T07:27:47.000+00:00,20260305
365122,Laurel Isle Communications,1283280,"TOZED,ROUMOD4390,ROUMOD4390,4G CPE WITH UPS,MODEM,ROUMOD4390,ROUTER TRADE",2,18604.65116,2026-03-27T14:03:09.000+00:00,20260327
365122,Laurel Isle Communications,1283280,"TOZED,ROUMOD4390,ROUMOD4390,4G CPE WITH UPS,MODEM,ROUMOD4390,ROUTER TRADE",2,18604.65116,2026-03-27T14:03:09.000+00:00,20260327
19681,Forest Vale Communications,1283280,"TOZED,ROUMOD4390,ROUMOD4390,4G CPE WITH UPS,MODEM,ROUMOD4390,ROUTER TRADE",2,18604.65116,2026-03-27T11:58:04.000+00:00,20260327
19681,Forest Vale Communications,1283280,"TOZED,ROUMOD4390,ROUMOD4390,4G CPE WITH UPS,MODEM,ROUMOD4390,ROUTER TRADE",2,18604.65116,2026-03-27T11:58:04.000+00:00,20260327
19322,Ember Coast Trading,1002552,"VOUCHER ETOPUP, VIRTUAL AIRTIME, NGN15000, ELECTRONIC, VOUCHER ETOPUP",1000,13465.11785,2026-03-27T07:53:11.000+00:00,20260327
19913,Forest Lake Ventures,1002552,"VOUCHER ETOPUP, VIRTUAL AIRTIME, NGN15000, ELECTRONIC, VOUCHER ETOPUP",6000,13465.11785,2026-03-27T07:53:11.000+00:00,20260327
19422,Amber Lake Trading,1002552,"VOUCHER ETOPUP, VIRTUAL AIRTIME, NGN15000, ELECTRONIC, VOUCHER ETOPUP",3000,13465.11785,2026-03-27T16:58:10.000+00:00,20260327
353072,River Isle Ventures,1299801,"GENERAL,ROUMIFI20001,ROUMIFI20001,5G MIFI, TOZED, ZLT X32 U,MIFI,ROUMIFI20001,ROUTER TRADE",10,58604.65116,2026-03-27T14:43:23.000+00:00,20260327
353072,River Isle Ventures,1299801,"GENERAL,ROUMIFI20001,ROUMIFI20001,5G MIFI, TOZED, ZLT X32 U,MIFI,ROUMIFI20001,ROUTER TRADE",10,58604.65116,2026-03-27T14:43:23.000+00:00,20260327
353072,River Isle Ventures,1299801,"GENERAL,ROUMIFI20001,ROUMIFI20001,5G MIFI, TOZED, ZLT X32 U,MIFI,ROUMIFI20001,ROUTER TRADE",10,58604.65116,2026-03-27T14:43:23.000+00:00,20260327
353072,River Isle Ventures,1299801,"GENERAL,ROUMIFI20001,ROUMIFI20001,5G MIFI, TOZED, ZLT X32 U,MIFI,ROUMIFI20001,ROUTER TRADE",10,58604.65116,2026-03-27T14:43:23.000+00:00,20260327
353072,River Isle Ventures,1299801,"GENERAL,ROUMIFI20001,ROUMIFI20001,5G MIFI, TOZED, ZLT X32 U,MIFI,ROUMIFI20001,ROUTER TRADE",10,58604.65116,2026-03-27T14:43:23.000+00:00,20260327
353072,River Isle Ventures,1299801,"GENERAL,ROUMIFI20001,ROUMIFI20001,5G MIFI, TOZED, ZLT X32 U,MIFI,ROUMIFI20001,ROUTER TRADE",10,58604.65116,2026-03-27T14:43:23.000+00:00,20260327
353072,River Isle Ventures,1299801,"GENERAL,ROUMIFI20001,ROUMIFI20001,5G MIFI, TOZED, ZLT X32 U,MIFI,ROUMIFI20001,ROUTER TRADE",10,58604.65116,2026-03-27T14:43:23.000+00:00,20260327
353072,River Isle Ventures,1299801,"GENERAL,ROUMIFI20001,ROUMIFI20001,5G MIFI, TOZED, ZLT X32 U,MIFI,ROUMIFI20001,ROUTER TRADE",10,58604.65116,2026-03-27T14:43:23.000+00:00,20260327
353072,River Isle Ventures,1299801,"GENERAL,ROUMIFI20001,ROUMIFI20001,5G MIFI, TOZED, ZLT X32 U,MIFI,ROUMIFI20001,ROUTER TRADE",10,58604.65116,2026-03-27T14:43:23.000+00:00,20260327
353072,River Isle Ventures,1299801,"GENERAL,ROUMIFI20001,ROUMIFI20001,5G MIFI, TOZED, ZLT X32 U,MIFI,ROUMIFI20001,ROUTER TRADE",10,58604.65116,2026-03-27T14:43:23.000+00:00,20260327
19966,River Star Communications,1002552,"VOUCHER ETOPUP, VIRTUAL AIRTIME, NGN15000, ELECTRONIC, VOUCHER ETOPUP",10362,13465.11785,2026-03-27T09:39:01.000+00:00,20260327
21286,Sunset Meadow Networks,1002552,"VOUCHER ETOPUP, VIRTUAL AIRTIME, NGN15000, ELECTRONIC, VOUCHER ETOPUP",2763,13465.11785,2026-03-27T20:03:19.000+00:00,20260327
19661,Coral Haven Networks,1002552,"VOUCHER ETOPUP, VIRTUAL AIRTIME, NGN15000, ELECTRONIC, VOUCHER ETOPUP",2583,13465.11785,2026-03-27T14:43:23.000+00:00,20260327
19612,Aspen Sky Trading,1002552,"VOUCHER ETOPUP, VIRTUAL AIRTIME, NGN15000, ELECTRONIC, VOUCHER ETOPUP",21761,13465.11785,2026-03-27T07:38:18.000+00:00,20260327
19695,Jade Park Ventures,1283283,"ZTE,ROUMOD4394,ROUMOD4394,5G CPE WITH UPS,MODEM,ROUMOD4394,ROUTER TRADE",10,74418.60465,2026-03-27T15:28:15.000+00:00,20260327
19695,Jade Park Ventures,1283283,"ZTE,ROUMOD4394,ROUMOD4394,5G CPE WITH UPS,MODEM,ROUMOD4394,ROUTER TRADE",10,74418.60465,2026-03-27T15:28:15.000+00:00,20260327
19695,Jade Park Ventures,1283283,"ZTE,ROUMOD4394,ROUMOD4394,5G CPE WITH UPS,MODEM,ROUMOD4394,ROUTER TRADE",10,74418.60465,2026-03-27T15:28:15.000+00:00,20260327
19695,Jade Park Ventures,1283283,"ZTE,ROUMOD4394,ROUMOD4394,5G CPE WITH UPS,MODEM,ROUMOD4394,ROUTER TRADE",10,74418.60465,2026-03-27T15:28:15.000+00:00,20260327
19695,Jade Park Ventures,1283283,"ZTE,ROUMOD4394,ROUMOD4394,5G CPE WITH UPS,MODEM,ROUMOD4394,ROUTER TRADE",10,74418.60465,2026-03-27T15:28:15.000+00:00,20260327
19695,Jade Park Ventures,1283283,"ZTE,ROUMOD4394,ROUMOD4394,5G CPE WITH UPS,MODEM,ROUMOD4394,ROUTER TRADE",10,74418.60465,2026-03-27T15:28:15.000+00:00,20260327
19695,Jade Park Ventures,1283283,"ZTE,ROUMOD4394,ROUMOD4394,5G CPE WITH UPS,MODEM,ROUMOD4394,ROUTER TRADE",10,74418.60465,2026-03-27T15:28:15.000+00:00,20260327
19695,Jade Park Ventures,1283283,"ZTE,ROUMOD4394,ROUMOD4394,5G CPE WITH UPS,MODEM,ROUMOD4394,ROUTER TRADE",10,74418.60465,2026-03-27T15:28:15.000+00:00,20260327
19695,Jade Park Ventures,1283283,"ZTE,ROUMOD4394,ROUMOD4394,5G CPE WITH UPS,MODEM,ROUMOD4394,ROUTER TRADE",10,74418.60465,2026-03-27T15:28:15.000+00:00,20260327
19695,Jade Park Ventures,1283283,"ZTE,ROUMOD4394,ROUMOD4394,5G CPE WITH UPS,MODEM,ROUMOD4394,ROUTER TRADE",10,74418.60465,2026-03-27T15:28:15.000+00:00,20260327
21241,Birch Park Ventures,1002552,"VOUCHER ETOPUP, VIRTUAL AIRTIME, NGN15000, ELECTRONIC, VOUCHER ETOPUP",1300,13465.11785,2026-03-27T09:28:06.000+00:00,20260327
19913,Forest Lake Ventures,1002552,"VOUCHER ETOPUP, VIRTUAL AIRTIME, NGN15000, ELECTRONIC, VOUCHER ETOPUP",6200,13465.11785,2026-03-27T09:13:15.000+00:00,20260327
455155,Jade Arc Ventures,1002552,"VOUCHER ETOPUP, VIRTUAL AIRTIME, NGN15000, ELECTRONIC, VOUCHER ETOPUP",138,13465.11785,2026-03-27T10:33:00.000+00:00,20260327
19468,Fern Bay Ventures,1002552,"VOUCHER ETOPUP, VIRTUAL AIRTIME, NGN15000, ELECTRONIC, VOUCHER ETOPUP",700,13465.11785,2026-03-27T14:13:31.000+00:00,20260327
19422,Amber Lake Trading,1002552,"VOUCHER ETOPUP, VIRTUAL AIRTIME, NGN15000, ELECTRONIC, VOUCHER ETOPUP",1145,13465.11785,2026-03-27T09:23:00.000+00:00,20260327
19660,Coral Haven Networks,1002552,"VOUCHER ETOPUP, VIRTUAL AIRTIME, NGN15000, ELECTRONIC, VOUCHER ETOPUP",2200,13465.11785,2026-03-27T14:48:31.000+00:00,20260327
19697,Birch Bay Communications,1186254,"TOZED,MIFI,4G,ZLT M30S,MODEM,ROUMOD1491,MODEM TRADE",2,12558.13953,2026-03-27T11:18:25.000+00:00,20260327
19697,Birch Bay Communications,1186254,"TOZED,MIFI,4G,ZLT M30S,MODEM,ROUMOD1491,MODEM TRADE",2,12558.13953,2026-03-27T11:18:25.000+00:00,20260327
20044,Teal Ridge Ventures,1002552,"VOUCHER ETOPUP, VIRTUAL AIRTIME, NGN15000, ELECTRONIC, VOUCHER ETOPUP",34542,13465.11785,2026-03-27T14:58:24.000+00:00,20260327
19661,Coral Haven Networks,1002552,"VOUCHER ETOPUP, VIRTUAL AIRTIME, NGN15000, ELECTRONIC, VOUCHER ETOPUP",2000,13465.11785,2026-03-27T09:43:32.000+00:00,20260327
19883,Ivory Crown Networks,1002552,"VOUCHER ETOPUP, VIRTUAL AIRTIME, NGN15000, ELECTRONIC, VOUCHER ETOPUP",25000,13465.11785,2026-03-27T16:13:31.000+00:00,20260327
19392,Pine Lake Ventures,1002552,"VOUCHER ETOPUP, VIRTUAL AIRTIME, NGN15000, ELECTRONIC, VOUCHER ETOPUP",120,13465.11785,2026-03-27T13:48:36.000+00:00,20260327
110032,Azure Glen Networks,1002552,"VOUCHER ETOPUP, VIRTUAL AIRTIME, NGN15000, ELECTRONIC, VOUCHER ETOPUP",142,13465.11785,2026-03-27T12:58:04.000+00:00,20260327
19964,River Star Communications,1002552,"VOUCHER ETOPUP, VIRTUAL AIRTIME, NGN15000, ELECTRONIC, VOUCHER ETOPUP",33850,13465.11785,2026-03-27T17:48:28.000+00:00,20260327
19913,Forest Lake Ventures,1002552,"VOUCHER ETOPUP, VIRTUAL AIRTIME, NGN15000, ELECTRONIC, VOUCHER ETOPUP",6000,13465.11785,2026-03-27T07:53:11.000+00:00,20260327
19385,Pearl Park Trading,1002552,"VOUCHER ETOPUP, VIRTUAL AIRTIME, NGN15000, ELECTRONIC, VOUCHER ETOPUP",3696,13465.11785,2026-03-27T13:43:26.000+00:00,20260327
349068,Linden Point Trading,1002552,"VOUCHER ETOPUP, VIRTUAL AIRTIME, NGN15000, ELECTRONIC, VOUCHER ETOPUP",5,13465.11785,2026-03-27T10:33:01.000+00:00,20260327
19776,Cedar Grove Trading,1002552,"VOUCHER ETOPUP, VIRTUAL AIRTIME, NGN15000, ELECTRONIC, VOUCHER ETOPUP",1000,13465.11785,2026-03-27T07:38:18.000+00:00,20260327
19880,Laurel Crown Networks,1234615,"HUAWEI,ROUWIR4302,ROUWIR4302,4G CAT4 CPE B313-322WITH UPS,WIRELESS,ROUWIR4302,ROUTER TRADE",2,18604.65116,2026-03-27T11:18:24.000+00:00,20260327
19880,Laurel Crown Networks,1234615,"HUAWEI,ROUWIR4302,ROUWIR4302,4G CAT4 CPE B313-322WITH UPS,WIRELESS,ROUWIR4302,ROUTER TRADE",2,18604.65116,2026-03-27T11:18:24.000+00:00,20260327
19880,Laurel Crown Networks,1283283,"ZTE,ROUMOD4394,ROUMOD4394,5G CPE WITH UPS,MODEM,ROUMOD4394,ROUTER TRADE",3,74418.60465,2026-03-27T11:18:24.000+00:00,20260327
19880,Laurel Crown Networks,1283283,"ZTE,ROUMOD4394,ROUMOD4394,5G CPE WITH UPS,MODEM,ROUMOD4394,ROUTER TRADE",3,74418.60465,2026-03-27T11:18:24.000+00:00,20260327
19880,Laurel Crown Networks,1283283,"ZTE,ROUMOD4394,ROUMOD4394,5G CPE WITH UPS,MODEM,ROUMOD4394,ROUTER TRADE",3,74418.60465,2026-03-27T11:18:24.000+00:00,20260327
19812,Hazel Bay Trading,1283283,"ZTE,ROUMOD4394,ROUMOD4394,5G CPE WITH UPS,MODEM,ROUMOD4394,ROUTER TRADE",2,74418.60465,2026-03-27T11:28:10.000+00:00,20260327
19812,Hazel Bay Trading,1283283,"ZTE,ROUMOD4394,ROUMOD4394,5G CPE WITH UPS,MODEM,ROUMOD4394,ROUTER TRADE",2,74418.60465,2026-03-27T11:28:10.000+00:00,20260327
19721,Swift Moon Trading,1002552,"VOUCHER ETOPUP, VIRTUAL AIRTIME, NGN15000, ELECTRONIC, VOUCHER ETOPUP",4353,13465.11785,2026-03-27T14:33:37.000+00:00,20260327
19966,River Star Communications,1002552,"VOUCHER ETOPUP, VIRTUAL AIRTIME, NGN15000, ELECTRONIC, VOUCHER ETOPUP",66390,13465.11785,2026-03-27T09:39:02.000+00:00,20260327
19805,Harbor Shore Ventures,1002552,"VOUCHER ETOPUP, VIRTUAL AIRTIME, NGN15000, ELECTRONIC, VOUCHER ETOPUP",200,13465.11785,2026-03-27T15:03:31.000+00:00,20260327
223046,Ivory Brook Communications,1299801,"GENERAL,ROUMIFI20001,ROUMIFI20001,5G MIFI, TOZED, ZLT X32 U,MIFI,ROUMIFI20001,ROUTER TRADE",2,58604.65116,2026-03-27T09:53:55.000+00:00,20260327
223046,Ivory Brook Communications,1299801,"GENERAL,ROUMIFI20001,ROUMIFI20001,5G MIFI, TOZED, ZLT X32 U,MIFI,ROUMIFI20001,ROUTER TRADE",2,58604.65116,2026-03-27T09:53:55.000+00:00,20260327
19582,Topaz Bridge Trading,1212360,"ZTE,MF935,MF935,4G,MIFI,MF935,ROUTER TRADE",30,12558.13953,2026-03-27T11:08:45.000+00:00,20260327
19582,Topaz Bridge Trading,1212360,"ZTE,MF935,MF935,4G,MIFI,MF935,ROUTER TRADE",30,12558.13953,2026-03-27T11:08:45.000+00:00,20260327
19582,Topaz Bridge Trading,1212360,"ZTE,MF935,MF935,4G,MIFI,MF935,ROUTER TRADE",30,12558.13953,2026-03-27T11:08:45.000+00:00,20260327
19582,Topaz Bridge Trading,1212360,"ZTE,MF935,MF935,4G,MIFI,MF935,ROUTER TRADE",30,12558.13953,2026-03-27T11:08:45.000+00:00,20260327
19582,Topaz Bridge Trading,1212360,"ZTE,MF935,MF935,4G,MIFI,MF935,ROUTER TRADE",30,12558.13953,2026-03-27T11:08:45.000+00:00,20260327
19582,Topaz Bridge Trading,1212360,"ZTE,MF935,MF935,4G,MIFI,MF935,ROUTER TRADE",30,12558.13953,2026-03-27T11:08:45.000+00:00,20260327
19582,Topaz Bridge Trading,1212360,"ZTE,MF935,MF935,4G,MIFI,MF935,ROUTER TRADE",30,12558.13953,2026-03-27T11:08:45.000+00:00,20260327
19582,Topaz Bridge Trading,1212360,"ZTE,MF935,MF935,4G,MIFI,MF935,ROUTER TRADE",30,12558.13953,2026-03-27T11:08:45.000+00:00,20260327
19582,Topaz Bridge Trading,1212360,"ZTE,MF935,MF935,4G,MIFI,MF935,ROUTER TRADE",30,12558.13953,2026-03-27T11:08:45.000+00:00,20260327
19582,Topaz Bridge Trading,1212360,"ZTE,MF935,MF935,4G,MIFI,MF935,ROUTER TRADE",30,12558.13953,2026-03-27T11:08:45.000+00:00,20260327
19582,Topaz Bridge Trading,1212360,"ZTE,MF935,MF935,4G,MIFI,MF935,ROUTER TRADE",30,12558.13953,2026-03-27T11:08:45.000+00:00,20260327
19407,Sunset Wood Networks,1002552,"VOUCHER ETOPUP, VIRTUAL AIRTIME, NGN15000, ELECTRONIC, VOUCHER ETOPUP",6252,13465.11785,2026-03-27T08:43:09.000+00:00,20260327
19427,Flint Vale Ventures,1002552,"VOUCHER ETOPUP, VIRTUAL AIRTIME, NGN15000, ELECTRONIC, VOUCHER ETOPUP",12,13465.11785,2026-03-27T14:43:23.000+00:00,20260327
19694,Maple Meadow Trading,1002552,"VOUCHER ETOPUP, VIRTUAL AIRTIME, NGN15000, ELECTRONIC, VOUCHER ETOPUP",3457,13465.11785,2026-03-27T09:33:43.000+00:00,20260327
357071,Spruce Light Communications,1283280,"TOZED,ROUMOD4390,ROUMOD4390,4G CPE WITH UPS,MODEM,ROUMOD4390,ROUTER TRADE",1,18604.65116,2026-03-27T14:23:22.000+00:00,20260327
19753,Dawn Dale Networks,1002552,"VOUCHER ETOPUP, VIRTUAL AIRTIME, NGN15000, ELECTRONIC, VOUCHER ETOPUP",7,13465.11785,2026-03-27T10:33:01.000+00:00,20260327
19661,Coral Haven Networks,1002552,"VOUCHER ETOPUP, VIRTUAL AIRTIME, NGN15000, ELECTRONIC, VOUCHER ETOPUP",3000,13465.11785,2026-03-27T07:53:11.000+00:00,20260327
19367,Jade Point Trading,1002552,"VOUCHER ETOPUP, VIRTUAL AIRTIME, NGN15000, ELECTRONIC, VOUCHER ETOPUP",30,13465.11785,2026-03-27T14:03:09.000+00:00,20260327
57024,Oak Crown Networks,1002552,"VOUCHER ETOPUP, VIRTUAL AIRTIME, NGN15000, ELECTRONIC, VOUCHER ETOPUP",110535,13465.11785,2026-03-27T12:58:05.000+00:00,20260327
19792,Sunset Port Ventures,1002552,"VOUCHER ETOPUP, VIRTUAL AIRTIME, NGN15000, ELECTRONIC, VOUCHER ETOPUP",1333,13465.11785,2026-03-27T07:48:15.000+00:00,20260327
21283,Ember Coast Trading,1002552,"VOUCHER ETOPUP, VIRTUAL AIRTIME, NGN15000, ELECTRONIC, VOUCHER ETOPUP",546,13465.11785,2026-03-27T12:23:21.000+00:00,20260327
255048,Quartz Delta Ventures,1283282,"TOZED,ROUMOD4393,ROUMOD4393,5G CPE WITH UPS,MODEM,ROUMOD4393,ROUTER TRADE",5,74418.60465,2026-03-27T11:08:45.000+00:00,20260327
255048,Quartz Delta Ventures,1283282,"TOZED,ROUMOD4393,ROUMOD4393,5G CPE WITH UPS,MODEM,ROUMOD4393,ROUTER TRADE",5,74418.60465,2026-03-27T11:08:45.000+00:00,20260327
255048,Quartz Delta Ventures,1283282,"TOZED,ROUMOD4393,ROUMOD4393,5G CPE WITH UPS,MODEM,ROUMOD4393,ROUTER TRADE",5,74418.60465,2026-03-27T11:08:45.000+00:00,20260327
255048,Quartz Delta Ventures,1283282,"TOZED,ROUMOD4393,ROUMOD4393,5G CPE WITH UPS,MODEM,ROUMOD4393,ROUTER TRADE",5,74418.60465,2026-03-27T11:08:45.000+00:00,20260327
255048,Quartz Delta Ventures,1283282,"TOZED,ROUMOD4393,ROUMOD4393,5G CPE WITH UPS,MODEM,ROUMOD4393,ROUTER TRADE",5,74418.60465,2026-03-27T11:08:45.000+00:00,20260327
19567,Teal Ridge Trading,1002552,"VOUCHER ETOPUP, VIRTUAL AIRTIME, NGN15000, ELECTRONIC, VOUCHER ETOPUP",295,13465.11785,2026-03-27T11:38:15.000+00:00,20260327
19805,Harbor Shore Ventures,1002552,"VOUCHER ETOPUP, VIRTUAL AIRTIME, NGN15000, ELECTRONIC, VOUCHER ETOPUP",1520,13465.11785,2026-03-27T15:03:31.000+00:00,20260327
19555,Teal Reach Networks,1283283,"ZTE,ROUMOD4394,ROUMOD4394,5G CPE WITH UPS,MODEM,ROUMOD4394,ROUTER TRADE",20,74418.60465,2026-03-27T11:18:24.000+00:00,20260327
19555,Teal Reach Networks,1283283,"ZTE,ROUMOD4394,ROUMOD4394,5G CPE WITH UPS,MODEM,ROUMOD4394,ROUTER TRADE",20,74418.60465,2026-03-27T11:18:24.000+00:00,20260327
19555,Teal Reach Networks,1283283,"ZTE,ROUMOD4394,ROUMOD4394,5G CPE WITH UPS,MODEM,ROUMOD4394,ROUTER TRADE",20,74418.60465,2026-03-27T11:18:24.000+00:00,20260327
19555,Teal Reach Networks,1283283,"ZTE,ROUMOD4394,ROUMOD4394,5G CPE WITH UPS,MODEM,ROUMOD4394,ROUTER TRADE",20,74418.60465,2026-03-27T11:18:24.000+00:00,20260327
19555,Teal Reach Networks,1283283,"ZTE,ROUMOD4394,ROUMOD4394,5G CPE WITH UPS,MODEM,ROUMOD4394,ROUTER TRADE",20,74418.60465,2026-03-27T11:18:24.000+00:00,20260327
19555,Teal Reach Networks,1283283,"ZTE,ROUMOD4394,ROUMOD4394,5G CPE WITH UPS,MODEM,ROUMOD4394,ROUTER TRADE",20,74418.60465,2026-03-27T11:18:24.000+00:00,20260327
19555,Teal Reach Networks,1283283,"ZTE,ROUMOD4394,ROUMOD4394,5G CPE WITH UPS,MODEM,ROUMOD4394,ROUTER TRADE",20,74418.60465,2026-03-27T11:18:24.000+00:00,20260327
19555,Teal Reach Networks,1283283,"ZTE,ROUMOD4394,ROUMOD4394,5G CPE WITH UPS,MODEM,ROUMOD4394,ROUTER TRADE",20,74418.60465,2026-03-27T11:18:24.000+00:00,20260327
19555,Teal Reach Networks,1283283,"ZTE,ROUMOD4394,ROUMOD4394,5G CPE WITH UPS,MODEM,ROUMOD4394,ROUTER TRADE",20,74418.60465,2026-03-27T11:18:24.000+00:00,20260327
19555,Teal Reach Networks,1283283,"ZTE,ROUMOD4394,ROUMOD4394,5G CPE WITH UPS,MODEM,ROUMOD4394,ROUTER TRADE",20,74418.60465,2026-03-27T11:18:24.000+00:00,20260327
19555,Teal Reach Networks,1283283,"ZTE,ROUMOD4394,ROUMOD4394,5G CPE WITH UPS,MODEM,ROUMOD4394,ROUTER TRADE",20,74418.60465,2026-03-27T11:18:24.000+00:00,20260327
19555,Teal Reach Networks,1283283,"ZTE,ROUMOD4394,ROUMOD4394,5G CPE WITH UPS,MODEM,ROUMOD4394,ROUTER TRADE",20,74418.60465,2026-03-27T11:18:24.000+00:00,20260327
19555,Teal Reach Networks,1283283,"ZTE,ROUMOD4394,ROUMOD4394,5G CPE WITH UPS,MODEM,ROUMOD4394,ROUTER TRADE",20,74418.60465,2026-03-27T11:18:24.000+00:00,20260327
19555,Teal Reach Networks,1283283,"ZTE,ROUMOD4394,ROUMOD4394,5G CPE WITH UPS,MODEM,ROUMOD4394,ROUTER TRADE",20,74418.60465,2026-03-27T11:18:24.000+00:00,20260327
19555,Teal Reach Networks,1283283,"ZTE,ROUMOD4394,ROUMOD4394,5G CPE WITH UPS,MODEM,ROUMOD4394,ROUTER TRADE",20,74418.60465,2026-03-27T11:18:24.000+00:00,20260327
19555,Teal Reach Networks,1283283,"ZTE,ROUMOD4394,ROUMOD4394,5G CPE WITH UPS,MODEM,ROUMOD4394,ROUTER TRADE",20,74418.60465,2026-03-27T11:18:24.000+00:00,20260327
19555,Teal Reach Networks,1283283,"ZTE,ROUMOD4394,ROUMOD4394,5G CPE WITH UPS,MODEM,ROUMOD4394,ROUTER TRADE",20,74418.60465,2026-03-27T11:18:24.000+00:00,20260327
19555,Teal Reach Networks,1283283,"ZTE,ROUMOD4394,ROUMOD4394,5G CPE WITH UPS,MODEM,ROUMOD4394,ROUTER TRADE",20,74418.60465,2026-03-27T11:18:24.000+00:00,20260327
19555,Teal Reach Networks,1283283,"ZTE,ROUMOD4394,ROUMOD4394,5G CPE WITH UPS,MODEM,ROUMOD4394,ROUTER TRADE",20,74418.60465,2026-03-27T11:18:24.000+00:00,20260327
19555,Teal Reach Networks,1283283,"ZTE,ROUMOD4394,ROUMOD4394,5G CPE WITH UPS,MODEM,ROUMOD4394,ROUTER TRADE",20,74418.60465,2026-03-27T11:18:24.000+00:00,20260327
19407,Sunset Wood Networks,1002552,"VOUCHER ETOPUP, VIRTUAL AIRTIME, NGN15000, ELECTRONIC, VOUCHER ETOPUP",6252,13465.11785,2026-03-27T08:43:09.000+00:00,20260327
19661,Coral Haven Networks,1002552,"VOUCHER ETOPUP, VIRTUAL AIRTIME, NGN15000, ELECTRONIC, VOUCHER ETOPUP",3351,13465.11785,2026-03-27T09:43:32.000+00:00,20260327
19582,Topaz Bridge Trading,1212360,"ZTE,MF935,MF935,4G,MIFI,MF935,ROUTER TRADE",30,12558.13953,2026-03-27T11:08:45.000+00:00,20260327
19582,Topaz Bridge Trading,1212360,"ZTE,MF935,MF935,4G,MIFI,MF935,ROUTER TRADE",30,12558.13953,2026-03-27T11:08:45.000+00:00,20260327
19582,Topaz Bridge Trading,1212360,"ZTE,MF935,MF935,4G,MIFI,MF935,ROUTER TRADE",30,12558.13953,2026-03-27T11:08:45.000+00:00,20260327
19582,Topaz Bridge Trading,1212360,"ZTE,MF935,MF935,4G,MIFI,MF935,ROUTER TRADE",30,12558.13953,2026-03-27T11:08:45.000+00:00,20260327
19582,Topaz Bridge Trading,1212360,"ZTE,MF935,MF935,4G,MIFI,MF935,ROUTER TRADE",30,12558.13953,2026-03-27T11:08:45.000+00:00,20260327
19582,Topaz Bridge Trading,1212360,"ZTE,MF935,MF935,4G,MIFI,MF935,ROUTER TRADE",30,12558.13953,2026-03-27T11:08:45.000+00:00,20260327
19582,Topaz Bridge Trading,1212360,"ZTE,MF935,MF935,4G,MIFI,MF935,ROUTER TRADE",30,12558.13953,2026-03-27T11:08:45.000+00:00,20260327
19582,Topaz Bridge Trading,1212360,"ZTE,MF935,MF935,4G,MIFI,MF935,ROUTER TRADE",30,12558.13953,2026-03-27T11:08:45.000+00:00,20260327
19582,Topaz Bridge Trading,1212360,"ZTE,MF935,MF935,4G,MIFI,MF935,ROUTER TRADE",30,12558.13953,2026-03-27T11:08:45.000+00:00,20260327
19582,Topaz Bridge Trading,1212360,"ZTE,MF935,MF935,4G,MIFI,MF935,ROUTER TRADE",30,12558.13953,2026-03-27T11:08:45.000+00:00,20260327
19582,Topaz Bridge Trading,1212360,"ZTE,MF935,MF935,4G,MIFI,MF935,ROUTER TRADE",30,12558.13953,2026-03-27T11:08:45.000+00:00,20260327
19582,Topaz Bridge Trading,1212360,"ZTE,MF935,MF935,4G,MIFI,MF935,ROUTER TRADE",30,12558.13953,2026-03-27T11:08:45.000+00:00,20260327
19582,Topaz Bridge Trading,1212360,"ZTE,MF935,MF935,4G,MIFI,MF935,ROUTER TRADE",30,12558.13953,2026-03-27T11:08:45.000+00:00,20260327
19582,Topaz Bridge Trading,1212360,"ZTE,MF935,MF935,4G,MIFI,MF935,ROUTER TRADE",30,12558.13953,2026-03-27T11:08:45.000+00:00,20260327
19582,Topaz Bridge Trading,1212360,"ZTE,MF935,MF935,4G,MIFI,MF935,ROUTER TRADE",30,12558.13953,2026-03-27T11:08:45.000+00:00,20260327
19582,Topaz Bridge Trading,1212360,"ZTE,MF935,MF935,4G,MIFI,MF935,ROUTER TRADE",30,12558.13953,2026-03-27T11:08:45.000+00:00,20260327
19582,Topaz Bridge Trading,1212360,"ZTE,MF935,MF935,4G,MIFI,MF935,ROUTER TRADE",30,12558.13953,2026-03-27T11:08:45.000+00:00,20260327
19582,Topaz Bridge Trading,1212360,"ZTE,MF935,MF935,4G,MIFI,MF935,ROUTER TRADE",30,12558.13953,2026-03-27T11:08:45.000+00:00,20260327
19582,Topaz Bridge Trading,1212360,"ZTE,MF935,MF935,4G,MIFI,MF935,ROUTER TRADE",30,12558.13953,2026-03-27T11:08:45.000+00:00,20260327
423151,Flint Hill Communications,1283281,"ZTE,ROUMOD4391,ROUMOD4391,4G CPE WITH UPS,MODEM,ROUMOD4391,ROUTER TRADE",10,18604.65116,2026-03-27T11:18:25.000+00:00,20260327
423151,Flint Hill Communications,1283281,"ZTE,ROUMOD4391,ROUMOD4391,4G CPE WITH UPS,MODEM,ROUMOD4391,ROUTER TRADE",10,18604.65116,2026-03-27T11:18:25.000+00:00,20260327
423151,Flint Hill Communications,1283281,"ZTE,ROUMOD4391,ROUMOD4391,4G CPE WITH UPS,MODEM,ROUMOD4391,ROUTER TRADE",10,18604.65116,2026-03-27T11:18:25.000+00:00,20260327
423151,Flint Hill Communications,1283281,"ZTE,ROUMOD4391,ROUMOD4391,4G CPE WITH UPS,MODEM,ROUMOD4391,ROUTER TRADE",10,18604.65116,2026-03-27T11:18:25.000+00:00,20260327
423151,Flint Hill Communications,1283281,"ZTE,ROUMOD4391,ROUMOD4391,4G CPE WITH UPS,MODEM,ROUMOD4391,ROUTER TRADE",10,18604.65116,2026-03-27T11:18:25.000+00:00,20260327
423151,Flint Hill Communications,1283281,"ZTE,ROUMOD4391,ROUMOD4391,4G CPE WITH UPS,MODEM,ROUMOD4391,ROUTER TRADE",10,18604.65116,2026-03-27T11:18:25.000+00:00,20260327
423151,Flint Hill Communications,1283281,"ZTE,ROUMOD4391,ROUMOD4391,4G CPE WITH UPS,MODEM,ROUMOD4391,ROUTER TRADE",10,18604.65116,2026-03-27T11:18:25.000+00:00,20260327
423151,Flint Hill Communications,1283281,"ZTE,ROUMOD4391,ROUMOD4391,4G CPE WITH UPS,MODEM,ROUMOD4391,ROUTER TRADE",10,18604.65116,2026-03-27T11:18:25.000+00:00,20260327
423151,Flint Hill Communications,1283281,"ZTE,ROUMOD4391,ROUMOD4391,4G CPE WITH UPS,MODEM,ROUMOD4391,ROUTER TRADE",10,18604.65116,2026-03-27T11:18:25.000+00:00,20260327
423151,Flint Hill Communications,1283281,"ZTE,ROUMOD4391,ROUMOD4391,4G CPE WITH UPS,MODEM,ROUMOD4391,ROUTER TRADE",10,18604.65116,2026-03-27T11:18:25.000+00:00,20260327
19661,Coral Haven Networks,1002552,"VOUCHER ETOPUP, VIRTUAL AIRTIME, NGN15000, ELECTRONIC, VOUCHER ETOPUP",5725,13465.11785,2026-03-27T15:08:25.000+00:00,20260327
21241,Birch Park Ventures,1002552,"VOUCHER ETOPUP, VIRTUAL AIRTIME, NGN15000, ELECTRONIC, VOUCHER ETOPUP",1300,13465.11785,2026-03-27T09:28:06.000+00:00,20260327
19966,River Star Communications,1002552,"VOUCHER ETOPUP, VIRTUAL AIRTIME, NGN15000, ELECTRONIC, VOUCHER ETOPUP",16059,13465.11785,2026-03-27T14:08:41.000+00:00,20260327
19613,Jade Park Communications,1002552,"VOUCHER ETOPUP, VIRTUAL AIRTIME, NGN15000, ELECTRONIC, VOUCHER ETOPUP",2500,13465.11785,2026-03-27T08:48:33.000+00:00,20260327
21283,Ember Coast Trading,1002552,"VOUCHER ETOPUP, VIRTUAL AIRTIME, NGN15000, ELECTRONIC, VOUCHER ETOPUP",546,13465.11785,2026-03-27T14:18:26.000+00:00,20260327
19559,Coral Wave Networks,1299801,"GENERAL,ROUMIFI20001,ROUMIFI20001,5G MIFI, TOZED, ZLT X32 U,MIFI,ROUMIFI20001,ROUTER TRADE",14,58604.65116,2026-03-27T14:03:09.000+00:00,20260327
19559,Coral Wave Networks,1299801,"GENERAL,ROUMIFI20001,ROUMIFI20001,5G MIFI, TOZED, ZLT X32 U,MIFI,ROUMIFI20001,ROUTER TRADE",14,58604.65116,2026-03-27T14:03:09.000+00:00,20260327
19559,Coral Wave Networks,1299801,"GENERAL,ROUMIFI20001,ROUMIFI20001,5G MIFI, TOZED, ZLT X32 U,MIFI,ROUMIFI20001,ROUTER TRADE",14,58604.65116,2026-03-27T14:03:09.000+00:00,20260327
19559,Coral Wave Networks,1299801,"GENERAL,ROUMIFI20001,ROUMIFI20001,5G MIFI, TOZED, ZLT X32 U,MIFI,ROUMIFI20001,ROUTER TRADE",14,58604.65116,2026-03-27T14:03:09.000+00:00,20260327
19559,Coral Wave Networks,1299801,"GENERAL,ROUMIFI20001,ROUMIFI20001,5G MIFI, TOZED, ZLT X32 U,MIFI,ROUMIFI20001,ROUTER TRADE",14,58604.65116,2026-03-27T14:03:09.000+00:00,20260327
19559,Coral Wave Networks,1299801,"GENERAL,ROUMIFI20001,ROUMIFI20001,5G MIFI, TOZED, ZLT X32 U,MIFI,ROUMIFI20001,ROUTER TRADE",14,58604.65116,2026-03-27T14:03:09.000+00:00,20260327
19559,Coral Wave Networks,1299801,"GENERAL,ROUMIFI20001,ROUMIFI20001,5G MIFI, TOZED, ZLT X32 U,MIFI,ROUMIFI20001,ROUTER TRADE",14,58604.65116,2026-03-27T14:03:09.000+00:00,20260327
19559,Coral Wave Networks,1299801,"GENERAL,ROUMIFI20001,ROUMIFI20001,5G MIFI, TOZED, ZLT X32 U,MIFI,ROUMIFI20001,ROUTER TRADE",14,58604.65116,2026-03-27T14:03:09.000+00:00,20260327
19559,Coral Wave Networks,1299801,"GENERAL,ROUMIFI20001,ROUMIFI20001,5G MIFI, TOZED, ZLT X32 U,MIFI,ROUMIFI20001,ROUTER TRADE",14,58604.65116,2026-03-27T14:03:09.000+00:00,20260327
19559,Coral Wave Networks,1299801,"GENERAL,ROUMIFI20001,ROUMIFI20001,5G MIFI, TOZED, ZLT X32 U,MIFI,ROUMIFI20001,ROUTER TRADE",14,58604.65116,2026-03-27T14:03:09.000+00:00,20260327
19559,Coral Wave Networks,1299801,"GENERAL,ROUMIFI20001,ROUMIFI20001,5G MIFI, TOZED, ZLT X32 U,MIFI,ROUMIFI20001,ROUTER TRADE",14,58604.65116,2026-03-27T14:03:09.000+00:00,20260327
19559,Coral Wave Networks,1299801,"GENERAL,ROUMIFI20001,ROUMIFI20001,5G MIFI, TOZED, ZLT X32 U,MIFI,ROUMIFI20001,ROUTER TRADE",14,58604.65116,2026-03-27T14:03:09.000+00:00,20260327
19559,Coral Wave Networks,1299801,"GENERAL,ROUMIFI20001,ROUMIFI20001,5G MIFI, TOZED, ZLT X32 U,MIFI,ROUMIFI20001,ROUTER TRADE",14,58604.65116,2026-03-27T14:03:09.000+00:00,20260327
19559,Coral Wave Networks,1299801,"GENERAL,ROUMIFI20001,ROUMIFI20001,5G MIFI, TOZED, ZLT X32 U,MIFI,ROUMIFI20001,ROUTER TRADE",14,58604.65116,2026-03-27T14:03:09.000+00:00,20260327
19687,Ivory Stone Communications,1002552,"VOUCHER ETOPUP, VIRTUAL AIRTIME, NGN15000, ELECTRONIC, VOUCHER ETOPUP",70,13465.11785,2026-03-27T12:53:20.000+00:00,20260327
19622,Ember Crest Networks,1002552,"VOUCHER ETOPUP, VIRTUAL AIRTIME, NGN15000, ELECTRONIC, VOUCHER ETOPUP",12,13465.11785,2026-03-27T10:38:24.000+00:00,20260327
296065,River Isle Ventures,1299801,"GENERAL,ROUMIFI20001,ROUMIFI20001,5G MIFI, TOZED, ZLT X32 U,MIFI,ROUMIFI20001,ROUTER TRADE",20,58604.65116,2026-03-27T14:38:38.000+00:00,20260327
296065,River Isle Ventures,1299801,"GENERAL,ROUMIFI20001,ROUMIFI20001,5G MIFI, TOZED, ZLT X32 U,MIFI,ROUMIFI20001,ROUTER TRADE",20,58604.65116,2026-03-27T14:38:38.000+00:00,20260327
296065,River Isle Ventures,1299801,"GENERAL,ROUMIFI20001,ROUMIFI20001,5G MIFI, TOZED, ZLT X32 U,MIFI,ROUMIFI20001,ROUTER TRADE",20,58604.65116,2026-03-27T14:38:38.000+00:00,20260327
296065,River Isle Ventures,1299801,"GENERAL,ROUMIFI20001,ROUMIFI20001,5G MIFI, TOZED, ZLT X32 U,MIFI,ROUMIFI20001,ROUTER TRADE",20,58604.65116,2026-03-27T14:38:38.000+00:00,20260327
296065,River Isle Ventures,1299801,"GENERAL,ROUMIFI20001,ROUMIFI20001,5G MIFI, TOZED, ZLT X32 U,MIFI,ROUMIFI20001,ROUTER TRADE",20,58604.65116,2026-03-27T14:38:38.000+00:00,20260327
296065,River Isle Ventures,1299801,"GENERAL,ROUMIFI20001,ROUMIFI20001,5G MIFI, TOZED, ZLT X32 U,MIFI,ROUMIFI20001,ROUTER TRADE",20,58604.65116,2026-03-27T14:38:38.000+00:00,20260327
296065,River Isle Ventures,1299801,"GENERAL,ROUMIFI20001,ROUMIFI20001,5G MIFI, TOZED, ZLT X32 U,MIFI,ROUMIFI20001,ROUTER TRADE",20,58604.65116,2026-03-27T14:38:38.000+00:00,20260327
296065,River Isle Ventures,1299801,"GENERAL,ROUMIFI20001,ROUMIFI20001,5G MIFI, TOZED, ZLT X32 U,MIFI,ROUMIFI20001,ROUTER TRADE",20,58604.65116,2026-03-27T14:38:38.000+00:00,20260327
296065,River Isle Ventures,1299801,"GENERAL,ROUMIFI20001,ROUMIFI20001,5G MIFI, TOZED, ZLT X32 U,MIFI,ROUMIFI20001,ROUTER TRADE",20,58604.65116,2026-03-27T14:38:38.000+00:00,20260327
296065,River Isle Ventures,1299801,"GENERAL,ROUMIFI20001,ROUMIFI20001,5G MIFI, TOZED, ZLT X32 U,MIFI,ROUMIFI20001,ROUTER TRADE",20,58604.65116,2026-03-27T14:38:38.000+00:00,20260327
296065,River Isle Ventures,1299801,"GENERAL,ROUMIFI20001,ROUMIFI20001,5G MIFI, TOZED, ZLT X32 U,MIFI,ROUMIFI20001,ROUTER TRADE",20,58604.65116,2026-03-27T14:38:38.000+00:00,20260327
332070,Stone Wind Communications,1283283,"ZTE,ROUMOD4394,ROUMOD4394,5G CPE WITH UPS,MODEM,ROUMOD4394,ROUTER TRADE",4,74418.60465,2026-03-27T07:53:11.000+00:00,20260327
332070,Stone Wind Communications,1283283,"ZTE,ROUMOD4394,ROUMOD4394,5G CPE WITH UPS,MODEM,ROUMOD4394,ROUTER TRADE",4,74418.60465,2026-03-27T07:53:11.000+00:00,20260327
332070,Stone Wind Communications,1283283,"ZTE,ROUMOD4394,ROUMOD4394,5G CPE WITH UPS,MODEM,ROUMOD4394,ROUTER TRADE",4,74418.60465,2026-03-27T07:53:11.000+00:00,20260327
332070,Stone Wind Communications,1283283,"ZTE,ROUMOD4394,ROUMOD4394,5G CPE WITH UPS,MODEM,ROUMOD4394,ROUTER TRADE",4,74418.60465,2026-03-27T07:53:11.000+00:00,20260327
349068,Linden Point Trading,1002552,"VOUCHER ETOPUP, VIRTUAL AIRTIME, NGN15000, ELECTRONIC, VOUCHER ETOPUP",9,13465.11785,2026-03-27T10:33:01.000+00:00,20260327
311059,Winter Horizon Trading,1186254,"TOZED,MIFI,4G,ZLT M30S,MODEM,ROUMOD1491,MODEM TRADE",10,12558.13953,2026-03-27T13:58:06.000+00:00,20260327
19804,Harbor Shore Ventures,1002552,"VOUCHER ETOPUP, VIRTUAL AIRTIME, NGN15000, ELECTRONIC, VOUCHER ETOPUP",400,13465.11785,2026-03-27T08:43:09.000+00:00,20260327
19523,Juniper Coast Networks,1002552,"VOUCHER ETOPUP, VIRTUAL AIRTIME, NGN15000, ELECTRONIC, VOUCHER ETOPUP",140,13465.11785,2026-03-27T13:33:35.000+00:00,20260327
19411,Jade Lake Ventures,1002552,"VOUCHER ETOPUP, VIRTUAL AIRTIME, NGN15000, ELECTRONIC, VOUCHER ETOPUP",4664,13465.11785,2026-03-27T15:13:04.000+00:00,20260327
254048,Juniper Shore Communications,1211050,"EYESYTE,4G,SURVEILLANCE,CAMERA WITH SOLAR PANEL,UNIT,SQG-2-1,DEVICE TRADE",5,163674.4186,2026-03-27T07:13:21.000+00:00,20260327
254048,Juniper Shore Communications,1211050,"EYESYTE,4G,SURVEILLANCE,CAMERA WITH SOLAR PANEL,UNIT,SQG-2-1,DEVICE TRADE",5,163674.4186,2026-03-27T07:13:21.000+00:00,20260327
254048,Juniper Shore Communications,1211050,"EYESYTE,4G,SURVEILLANCE,CAMERA WITH SOLAR PANEL,UNIT,SQG-2-1,DEVICE TRADE",5,163674.4186,2026-03-27T07:13:21.000+00:00,20260327
254048,Juniper Shore Communications,1211050,"EYESYTE,4G,SURVEILLANCE,CAMERA WITH SOLAR PANEL,UNIT,SQG-2-1,DEVICE TRADE",5,163674.4186,2026-03-27T07:13:21.000+00:00,20260327
254048,Juniper Shore Communications,1211050,"EYESYTE,4G,SURVEILLANCE,CAMERA WITH SOLAR PANEL,UNIT,SQG-2-1,DEVICE TRADE",5,163674.4186,2026-03-27T07:13:21.000+00:00,20260327
21241,Birch Park Ventures,1002552,"VOUCHER ETOPUP, VIRTUAL AIRTIME, NGN15000, ELECTRONIC, VOUCHER ETOPUP",1300,13465.11785,2026-03-27T09:33:42.000+00:00,20260327
342077,Teal Stream Networks,1283282,"TOZED,ROUMOD4393,ROUMOD4393,5G CPE WITH UPS,MODEM,ROUMOD4393,ROUTER TRADE",2,74418.60465,2026-03-27T17:43:43.000+00:00,20260327
342077,Teal Stream Networks,1283282,"TOZED,ROUMOD4393,ROUMOD4393,5G CPE WITH UPS,MODEM,ROUMOD4393,ROUTER TRADE",2,74418.60465,2026-03-27T17:43:43.000+00:00,20260327
19776,Cedar Grove Trading,1002552,"VOUCHER ETOPUP, VIRTUAL AIRTIME, NGN15000, ELECTRONIC, VOUCHER ETOPUP",670,13465.11785,2026-03-27T05:53:04.000+00:00,20260327
19322,Ember Coast Trading,1002552,"VOUCHER ETOPUP, VIRTUAL AIRTIME, NGN15000, ELECTRONIC, VOUCHER ETOPUP",1000,13465.11785,2026-03-27T16:13:30.000+00:00,20260327
19422,Amber Lake Trading,1002552,"VOUCHER ETOPUP, VIRTUAL AIRTIME, NGN15000, ELECTRONIC, VOUCHER ETOPUP",2284,13465.11785,2026-03-27T16:58:10.000+00:00,20260327
21283,Ember Coast Trading,1002552,"VOUCHER ETOPUP, VIRTUAL AIRTIME, NGN15000, ELECTRONIC, VOUCHER ETOPUP",1333,13465.11785,2026-03-27T12:23:22.000+00:00,20260327
19660,Coral Haven Networks,1002552,"VOUCHER ETOPUP, VIRTUAL AIRTIME, NGN15000, ELECTRONIC, VOUCHER ETOPUP",3454,13465.11785,2026-03-27T09:33:43.000+00:00,20260327
332070,Stone Wind Communications,1283280,"TOZED,ROUMOD4390,ROUMOD4390,4G CPE WITH UPS,MODEM,ROUMOD4390,ROUTER TRADE",6,18604.65116,2026-03-27T07:53:11.000+00:00,20260327
332070,Stone Wind Communications,1283280,"TOZED,ROUMOD4390,ROUMOD4390,4G CPE WITH UPS,MODEM,ROUMOD4390,ROUTER TRADE",6,18604.65116,2026-03-27T07:53:11.000+00:00,20260327
332070,Stone Wind Communications,1283280,"TOZED,ROUMOD4390,ROUMOD4390,4G CPE WITH UPS,MODEM,ROUMOD4390,ROUTER TRADE",6,18604.65116,2026-03-27T07:53:11.000+00:00,20260327
332070,Stone Wind Communications,1283280,"TOZED,ROUMOD4390,ROUMOD4390,4G CPE WITH UPS,MODEM,ROUMOD4390,ROUTER TRADE",6,18604.65116,2026-03-27T07:53:11.000+00:00,20260327
332070,Stone Wind Communications,1283280,"TOZED,ROUMOD4390,ROUMOD4390,4G CPE WITH UPS,MODEM,ROUMOD4390,ROUTER TRADE",6,18604.65116,2026-03-27T07:53:11.000+00:00,20260327
332070,Stone Wind Communications,1283280,"TOZED,ROUMOD4390,ROUMOD4390,4G CPE WITH UPS,MODEM,ROUMOD4390,ROUTER TRADE",6,18604.65116,2026-03-27T07:53:11.000+00:00,20260327
19913,Forest Lake Ventures,1002552,"VOUCHER ETOPUP, VIRTUAL AIRTIME, NGN15000, ELECTRONIC, VOUCHER ETOPUP",6263,13465.11785,2026-03-27T09:13:15.000+00:00,20260327
19407,Sunset Wood Networks,1002552,"VOUCHER ETOPUP, VIRTUAL AIRTIME, NGN15000, ELECTRONIC, VOUCHER ETOPUP",6252,13465.11785,2026-03-27T08:43:09.000+00:00,20260327
342067,Oak Wave Networks,1283282,"TOZED,ROUMOD4393,ROUMOD4393,5G CPE WITH UPS,MODEM,ROUMOD4393,ROUTER TRADE",2,74418.60465,2026-03-27T17:43:43.000+00:00,20260327
342067,Oak Wave Networks,1283282,"TOZED,ROUMOD4393,ROUMOD4393,5G CPE WITH UPS,MODEM,ROUMOD4393,ROUTER TRADE",2,74418.60465,2026-03-27T17:43:43.000+00:00,20260327
379088,Ruby Peak Trading,1186254,"TOZED,MIFI,4G,ZLT M30S,MODEM,ROUMOD1491,MODEM TRADE",1,12558.13953,2026-03-27T09:58:38.000+00:00,20260327
19660,Coral Haven Networks,1002552,"VOUCHER ETOPUP, VIRTUAL AIRTIME, NGN15000, ELECTRONIC, VOUCHER ETOPUP",3500,13465.11785,2026-03-27T14:48:31.000+00:00,20260327
19366,Jade Point Trading,1002552,"VOUCHER ETOPUP, VIRTUAL AIRTIME, NGN15000, ELECTRONIC, VOUCHER ETOPUP",30,13465.11785,2026-03-27T14:08:41.000+00:00,20260327
413173,Harbor Horizon Ventures,1212360,"ZTE,MF935,MF935,4G,MIFI,MF935,ROUTER TRADE",60,12558.13953,2026-03-27T13:28:16.000+00:00,20260327
413173,Harbor Horizon Ventures,1212360,"ZTE,MF935,MF935,4G,MIFI,MF935,ROUTER TRADE",60,12558.13953,2026-03-27T13:28:16.000+00:00,20260327
413173,Harbor Horizon Ventures,1212360,"ZTE,MF935,MF935,4G,MIFI,MF935,ROUTER TRADE",60,12558.13953,2026-03-27T13:28:16.000+00:00,20260327
413173,Harbor Horizon Ventures,1212360,"ZTE,MF935,MF935,4G,MIFI,MF935,ROUTER TRADE",60,12558.13953,2026-03-27T13:28:16.000+00:00,20260327
413173,Harbor Horizon Ventures,1212360,"ZTE,MF935,MF935,4G,MIFI,MF935,ROUTER TRADE",60,12558.13953,2026-03-27T13:28:16.000+00:00,20260327
413173,Harbor Horizon Ventures,1212360,"ZTE,MF935,MF935,4G,MIFI,MF935,ROUTER TRADE",60,12558.13953,2026-03-27T13:28:16.000+00:00,20260327
413173,Harbor Horizon Ventures,1212360,"ZTE,MF935,MF935,4G,MIFI,MF935,ROUTER TRADE",60,12558.13953,2026-03-27T13:28:16.000+00:00,20260327
413173,Harbor Horizon Ventures,1212360,"ZTE,MF935,MF935,4G,MIFI,MF935,ROUTER TRADE",60,12558.13953,2026-03-27T13:28:16.000+00:00,20260327
413173,Harbor Horizon Ventures,1212360,"ZTE,MF935,MF935,4G,MIFI,MF935,ROUTER TRADE",60,12558.13953,2026-03-27T13:28:16.000+00:00,20260327
413173,Harbor Horizon Ventures,1212360,"ZTE,MF935,MF935,4G,MIFI,MF935,ROUTER TRADE",60,12558.13953,2026-03-27T13:28:16.000+00:00,20260327
413173,Harbor Horizon Ventures,1212360,"ZTE,MF935,MF935,4G,MIFI,MF935,ROUTER TRADE",60,12558.13953,2026-03-27T13:28:16.000+00:00,20260327
413173,Harbor Horizon Ventures,1212360,"ZTE,MF935,MF935,4G,MIFI,MF935,ROUTER TRADE",60,12558.13953,2026-03-27T13:28:16.000+00:00,20260327
413173,Harbor Horizon Ventures,1212360,"ZTE,MF935,MF935,4G,MIFI,MF935,ROUTER TRADE",60,12558.13953,2026-03-27T13:28:16.000+00:00,20260327
413173,Harbor Horizon Ventures,1212360,"ZTE,MF935,MF935,4G,MIFI,MF935,ROUTER TRADE",60,12558.13953,2026-03-27T13:28:16.000+00:00,20260327
413173,Harbor Horizon Ventures,1212360,"ZTE,MF935,MF935,4G,MIFI,MF935,ROUTER TRADE",60,12558.13953,2026-03-27T13:28:16.000+00:00,20260327
413173,Harbor Horizon Ventures,1212360,"ZTE,MF935,MF935,4G,MIFI,MF935,ROUTER TRADE",60,12558.13953,2026-03-27T13:28:16.000+00:00,20260327
413173,Harbor Horizon Ventures,1212360,"ZTE,MF935,MF935,4G,MIFI,MF935,ROUTER TRADE",60,12558.13953,2026-03-27T13:28:16.000+00:00,20260327
413173,Harbor Horizon Ventures,1212360,"ZTE,MF935,MF935,4G,MIFI,MF935,ROUTER TRADE",60,12558.13953,2026-03-27T13:28:16.000+00:00,20260327
413173,Harbor Horizon Ventures,1212360,"ZTE,MF935,MF935,4G,MIFI,MF935,ROUTER TRADE",60,12558.13953,2026-03-27T13:28:16.000+00:00,20260327
413173,Harbor Horizon Ventures,1212360,"ZTE,MF935,MF935,4G,MIFI,MF935,ROUTER TRADE",60,12558.13953,2026-03-27T13:28:16.000+00:00,20260327
413173,Harbor Horizon Ventures,1212360,"ZTE,MF935,MF935,4G,MIFI,MF935,ROUTER TRADE",60,12558.13953,2026-03-27T13:28:16.000+00:00,20260327
413173,Harbor Horizon Ventures,1212360,"ZTE,MF935,MF935,4G,MIFI,MF935,ROUTER TRADE",60,12558.13953,2026-03-27T13:28:16.000+00:00,20260327
311059,Winter Horizon Trading,1186254,"TOZED,MIFI,4G,ZLT M30S,MODEM,ROUMOD1491,MODEM TRADE",10,12558.13953,2026-03-27T13:58:06.000+00:00,20260327
311059,Winter Horizon Trading,1186254,"TOZED,MIFI,4G,ZLT M30S,MODEM,ROUMOD1491,MODEM TRADE",10,12558.13953,2026-03-27T13:58:06.000+00:00,20260327
311059,Winter Horizon Trading,1186254,"TOZED,MIFI,4G,ZLT M30S,MODEM,ROUMOD1491,MODEM TRADE",10,12558.13953,2026-03-27T13:58:06.000+00:00,20260327
311059,Winter Horizon Trading,1186254,"TOZED,MIFI,4G,ZLT M30S,MODEM,ROUMOD1491,MODEM TRADE",10,12558.13953,2026-03-27T13:58:06.000+00:00,20260327
311059,Winter Horizon Trading,1186254,"TOZED,MIFI,4G,ZLT M30S,MODEM,ROUMOD1491,MODEM TRADE",10,12558.13953,2026-03-27T13:58:06.000+00:00,20260327
311059,Winter Horizon Trading,1186254,"TOZED,MIFI,4G,ZLT M30S,MODEM,ROUMOD1491,MODEM TRADE",10,12558.13953,2026-03-27T13:58:06.000+00:00,20260327
311059,Winter Horizon Trading,1186254,"TOZED,MIFI,4G,ZLT M30S,MODEM,ROUMOD1491,MODEM TRADE",10,12558.13953,2026-03-27T13:58:06.000+00:00,20260327
311059,Winter Horizon Trading,1186254,"TOZED,MIFI,4G,ZLT M30S,MODEM,ROUMOD1491,MODEM TRADE",10,12558.13953,2026-03-27T13:58:06.000+00:00,20260327
311059,Winter Horizon Trading,1186254,"TOZED,MIFI,4G,ZLT M30S,MODEM,ROUMOD1491,MODEM TRADE",10,12558.13953,2026-03-27T13:58:06.000+00:00,20260327
19612,Aspen Sky Trading,1002552,"VOUCHER ETOPUP, VIRTUAL AIRTIME, NGN15000, ELECTRONIC, VOUCHER ETOPUP",15461,13465.11785,2026-03-27T16:28:24.000+00:00,20260327
19685,Ivory Stone Communications,1002552,"VOUCHER ETOPUP, VIRTUAL AIRTIME, NGN15000, ELECTRONIC, VOUCHER ETOPUP",493,13465.11785,2026-03-27T15:13:04.000+00:00,20260327
19323,Ember Coast Trading,1002552,"VOUCHER ETOPUP, VIRTUAL AIRTIME, NGN15000, ELECTRONIC, VOUCHER ETOPUP",1333,13465.11785,2026-03-27T09:48:47.000+00:00,20260327
295078,Sunset Reach Networks,1288996,"NOTION,ROUWIR4389,ROUWIR4389,4G CAT 4 CPE WITH UPS,ROUTER,ROUWIR4389,ROUTER TRADE",6,18604.65116,2026-03-27T07:33:05.000+00:00,20260327
295078,Sunset Reach Networks,1288996,"NOTION,ROUWIR4389,ROUWIR4389,4G CAT 4 CPE WITH UPS,ROUTER,ROUWIR4389,ROUTER TRADE",6,18604.65116,2026-03-27T07:33:05.000+00:00,20260327
295078,Sunset Reach Networks,1288996,"NOTION,ROUWIR4389,ROUWIR4389,4G CAT 4 CPE WITH UPS,ROUTER,ROUWIR4389,ROUTER TRADE",6,18604.65116,2026-03-27T07:33:05.000+00:00,20260327
295078,Sunset Reach Networks,1288996,"NOTION,ROUWIR4389,ROUWIR4389,4G CAT 4 CPE WITH UPS,ROUTER,ROUWIR4389,ROUTER TRADE",6,18604.65116,2026-03-27T07:33:05.000+00:00,20260327
295078,Sunset Reach Networks,1288996,"NOTION,ROUWIR4389,ROUWIR4389,4G CAT 4 CPE WITH UPS,ROUTER,ROUWIR4389,ROUTER TRADE",6,18604.65116,2026-03-27T07:33:05.000+00:00,20260327
295078,Sunset Reach Networks,1288996,"NOTION,ROUWIR4389,ROUWIR4389,4G CAT 4 CPE WITH UPS,ROUTER,ROUWIR4389,ROUTER TRADE",6,18604.65116,2026-03-27T07:33:05.000+00:00,20260327
423153,Dawn Hill Ventures,1288996,"NOTION,ROUWIR4389,ROUWIR4389,4G CAT 4 CPE WITH UPS,ROUTER,ROUWIR4389,ROUTER TRADE",5,18604.65116,2026-03-27T07:38:18.000+00:00,20260327
423153,Dawn Hill Ventures,1288996,"NOTION,ROUWIR4389,ROUWIR4389,4G CAT 4 CPE WITH UPS,ROUTER,ROUWIR4389,ROUTER TRADE",5,18604.65116,2026-03-27T07:38:18.000+00:00,20260327
423153,Dawn Hill Ventures,1288996,"NOTION,ROUWIR4389,ROUWIR4389,4G CAT 4 CPE WITH UPS,ROUTER,ROUWIR4389,ROUTER TRADE",5,18604.65116,2026-03-27T07:38:18.000+00:00,20260327
423153,Dawn Hill Ventures,1288996,"NOTION,ROUWIR4389,ROUWIR4389,4G CAT 4 CPE WITH UPS,ROUTER,ROUWIR4389,ROUTER TRADE",5,18604.65116,2026-03-27T07:38:18.000+00:00,20260327
423153,Dawn Hill Ventures,1288996,"NOTION,ROUWIR4389,ROUWIR4389,4G CAT 4 CPE WITH UPS,ROUTER,ROUWIR4389,ROUTER TRADE",5,18604.65116,2026-03-27T07:38:18.000+00:00,20260327
20044,Teal Ridge Ventures,1002552,"VOUCHER ETOPUP, VIRTUAL AIRTIME, NGN15000, ELECTRONIC, VOUCHER ETOPUP",34536,13465.11785,2026-03-27T06:23:05.000+00:00,20260327
162044,Jade Lake Communications,1002552,"VOUCHER ETOPUP, VIRTUAL AIRTIME, NGN15000, ELECTRONIC, VOUCHER ETOPUP",2,13465.11785,2026-03-27T14:43:23.000+00:00,20260327
19422,Amber Lake Trading,1002552,"VOUCHER ETOPUP, VIRTUAL AIRTIME, NGN15000, ELECTRONIC, VOUCHER ETOPUP",3000,13465.11785,2026-03-27T09:23:01.000+00:00,20260327
19322,Ember Coast Trading,1002552,"VOUCHER ETOPUP, VIRTUAL AIRTIME, NGN15000, ELECTRONIC, VOUCHER ETOPUP",1000,13465.11785,2026-03-27T16:13:30.000+00:00,20260327
350062,Hazel Meadow Trading,1288996,"NOTION,ROUWIR4389,ROUWIR4389,4G CAT 4 CPE WITH UPS,ROUTER,ROUWIR4389,ROUTER TRADE",9,18604.65116,2026-03-27T10:28:19.000+00:00,20260327
350062,Hazel Meadow Trading,1288996,"NOTION,ROUWIR4389,ROUWIR4389,4G CAT 4 CPE WITH UPS,ROUTER,ROUWIR4389,ROUTER TRADE",9,18604.65116,2026-03-27T10:28:19.000+00:00,20260327
350062,Hazel Meadow Trading,1288996,"NOTION,ROUWIR4389,ROUWIR4389,4G CAT 4 CPE WITH UPS,ROUTER,ROUWIR4389,ROUTER TRADE",9,18604.65116,2026-03-27T10:28:19.000+00:00,20260327
350062,Hazel Meadow Trading,1288996,"NOTION,ROUWIR4389,ROUWIR4389,4G CAT 4 CPE WITH UPS,ROUTER,ROUWIR4389,ROUTER TRADE",9,18604.65116,2026-03-27T10:28:19.000+00:00,20260327
350062,Hazel Meadow Trading,1288996,"NOTION,ROUWIR4389,ROUWIR4389,4G CAT 4 CPE WITH UPS,ROUTER,ROUWIR4389,ROUTER TRADE",9,18604.65116,2026-03-27T10:28:19.000+00:00,20260327
350062,Hazel Meadow Trading,1288996,"NOTION,ROUWIR4389,ROUWIR4389,4G CAT 4 CPE WITH UPS,ROUTER,ROUWIR4389,ROUTER TRADE",9,18604.65116,2026-03-27T10:28:19.000+00:00,20260327
350062,Hazel Meadow Trading,1288996,"NOTION,ROUWIR4389,ROUWIR4389,4G CAT 4 CPE WITH UPS,ROUTER,ROUWIR4389,ROUTER TRADE",9,18604.65116,2026-03-27T10:28:19.000+00:00,20260327
350062,Hazel Meadow Trading,1288996,"NOTION,ROUWIR4389,ROUWIR4389,4G CAT 4 CPE WITH UPS,ROUTER,ROUWIR4389,ROUTER TRADE",9,18604.65116,2026-03-27T10:28:19.000+00:00,20260327
350062,Hazel Meadow Trading,1288996,"NOTION,ROUWIR4389,ROUWIR4389,4G CAT 4 CPE WITH UPS,ROUTER,ROUWIR4389,ROUTER TRADE",9,18604.65116,2026-03-27T10:28:19.000+00:00,20260327
19641,Birch Meadow Communications,1283283,"ZTE,ROUMOD4394,ROUMOD4394,5G CPE WITH UPS,MODEM,ROUMOD4394,ROUTER TRADE",26,74418.60465,2026-03-27T11:08:45.000+00:00,20260327
19641,Birch Meadow Communications,1283283,"ZTE,ROUMOD4394,ROUMOD4394,5G CPE WITH UPS,MODEM,ROUMOD4394,ROUTER TRADE",26,74418.60465,2026-03-27T11:08:45.000+00:00,20260327
19641,Birch Meadow Communications,1283283,"ZTE,ROUMOD4394,ROUMOD4394,5G CPE WITH UPS,MODEM,ROUMOD4394,ROUTER TRADE",26,74418.60465,2026-03-27T11:08:45.000+00:00,20260327
19641,Birch Meadow Communications,1283283,"ZTE,ROUMOD4394,ROUMOD4394,5G CPE WITH UPS,MODEM,ROUMOD4394,ROUTER TRADE",26,74418.60465,2026-03-27T11:08:45.000+00:00,20260327
19641,Birch Meadow Communications,1283283,"ZTE,ROUMOD4394,ROUMOD4394,5G CPE WITH UPS,MODEM,ROUMOD4394,ROUTER TRADE",26,74418.60465,2026-03-27T11:08:45.000+00:00,20260327
19641,Birch Meadow Communications,1283283,"ZTE,ROUMOD4394,ROUMOD4394,5G CPE WITH UPS,MODEM,ROUMOD4394,ROUTER TRADE",26,74418.60465,2026-03-27T11:08:45.000+00:00,20260327
19641,Birch Meadow Communications,1283283,"ZTE,ROUMOD4394,ROUMOD4394,5G CPE WITH UPS,MODEM,ROUMOD4394,ROUTER TRADE",26,74418.60465,2026-03-27T11:08:45.000+00:00,20260327
19641,Birch Meadow Communications,1283283,"ZTE,ROUMOD4394,ROUMOD4394,5G CPE WITH UPS,MODEM,ROUMOD4394,ROUTER TRADE",26,74418.60465,2026-03-27T11:08:45.000+00:00,20260327
19641,Birch Meadow Communications,1283283,"ZTE,ROUMOD4394,ROUMOD4394,5G CPE WITH UPS,MODEM,ROUMOD4394,ROUTER TRADE",26,74418.60465,2026-03-27T11:08:45.000+00:00,20260327
19641,Birch Meadow Communications,1283283,"ZTE,ROUMOD4394,ROUMOD4394,5G CPE WITH UPS,MODEM,ROUMOD4394,ROUTER TRADE",26,74418.60465,2026-03-27T11:08:45.000+00:00,20260327
19641,Birch Meadow Communications,1283283,"ZTE,ROUMOD4394,ROUMOD4394,5G CPE WITH UPS,MODEM,ROUMOD4394,ROUTER TRADE",26,74418.60465,2026-03-27T11:08:45.000+00:00,20260327
19641,Birch Meadow Communications,1283283,"ZTE,ROUMOD4394,ROUMOD4394,5G CPE WITH UPS,MODEM,ROUMOD4394,ROUTER TRADE",26,74418.60465,2026-03-27T11:08:45.000+00:00,20260327
19641,Birch Meadow Communications,1283283,"ZTE,ROUMOD4394,ROUMOD4394,5G CPE WITH UPS,MODEM,ROUMOD4394,ROUTER TRADE",26,74418.60465,2026-03-27T11:08:45.000+00:00,20260327
19641,Birch Meadow Communications,1283283,"ZTE,ROUMOD4394,ROUMOD4394,5G CPE WITH UPS,MODEM,ROUMOD4394,ROUTER TRADE",26,74418.60465,2026-03-27T11:08:45.000+00:00,20260327
19641,Birch Meadow Communications,1283283,"ZTE,ROUMOD4394,ROUMOD4394,5G CPE WITH UPS,MODEM,ROUMOD4394,ROUTER TRADE",26,74418.60465,2026-03-27T11:08:45.000+00:00,20260327
19641,Birch Meadow Communications,1283283,"ZTE,ROUMOD4394,ROUMOD4394,5G CPE WITH UPS,MODEM,ROUMOD4394,ROUTER TRADE",26,74418.60465,2026-03-27T11:08:45.000+00:00,20260327
19641,Birch Meadow Communications,1283283,"ZTE,ROUMOD4394,ROUMOD4394,5G CPE WITH UPS,MODEM,ROUMOD4394,ROUTER TRADE",26,74418.60465,2026-03-27T11:08:45.000+00:00,20260327
19641,Birch Meadow Communications,1283283,"ZTE,ROUMOD4394,ROUMOD4394,5G CPE WITH UPS,MODEM,ROUMOD4394,ROUTER TRADE",26,74418.60465,2026-03-27T11:08:45.000+00:00,20260327
19641,Birch Meadow Communications,1283283,"ZTE,ROUMOD4394,ROUMOD4394,5G CPE WITH UPS,MODEM,ROUMOD4394,ROUTER TRADE",26,74418.60465,2026-03-27T11:08:45.000+00:00,20260327
19641,Birch Meadow Communications,1283283,"ZTE,ROUMOD4394,ROUMOD4394,5G CPE WITH UPS,MODEM,ROUMOD4394,ROUTER TRADE",26,74418.60465,2026-03-27T11:08:45.000+00:00,20260327
19641,Birch Meadow Communications,1283283,"ZTE,ROUMOD4394,ROUMOD4394,5G CPE WITH UPS,MODEM,ROUMOD4394,ROUTER TRADE",26,74418.60465,2026-03-27T11:08:45.000+00:00,20260327
19641,Birch Meadow Communications,1283283,"ZTE,ROUMOD4394,ROUMOD4394,5G CPE WITH UPS,MODEM,ROUMOD4394,ROUTER TRADE",26,74418.60465,2026-03-27T11:08:45.000+00:00,20260327
19641,Birch Meadow Communications,1283283,"ZTE,ROUMOD4394,ROUMOD4394,5G CPE WITH UPS,MODEM,ROUMOD4394,ROUTER TRADE",26,74418.60465,2026-03-27T11:08:45.000+00:00,20260327
19641,Birch Meadow Communications,1283283,"ZTE,ROUMOD4394,ROUMOD4394,5G CPE WITH UPS,MODEM,ROUMOD4394,ROUTER TRADE",26,74418.60465,2026-03-27T11:08:45.000+00:00,20260327
19641,Birch Meadow Communications,1283283,"ZTE,ROUMOD4394,ROUMOD4394,5G CPE WITH UPS,MODEM,ROUMOD4394,ROUTER TRADE",26,74418.60465,2026-03-27T11:08:45.000+00:00,20260327
19641,Birch Meadow Communications,1283283,"ZTE,ROUMOD4394,ROUMOD4394,5G CPE WITH UPS,MODEM,ROUMOD4394,ROUTER TRADE",26,74418.60465,2026-03-27T11:08:45.000+00:00,20260327
206052,Ruby Peak Trading,1186254,"TOZED,MIFI,4G,ZLT M30S,MODEM,ROUMOD1491,MODEM TRADE",2,12558.13953,2026-03-27T09:58:38.000+00:00,20260327
206052,Ruby Peak Trading,1186254,"TOZED,MIFI,4G,ZLT M30S,MODEM,ROUMOD1491,MODEM TRADE",2,12558.13953,2026-03-27T09:58:38.000+00:00,20260327
413173,Harbor Horizon Ventures,1212360,"ZTE,MF935,MF935,4G,MIFI,MF935,ROUTER TRADE",60,12558.13953,2026-03-27T13:28:16.000+00:00,20260327
413173,Harbor Horizon Ventures,1212360,"ZTE,MF935,MF935,4G,MIFI,MF935,ROUTER TRADE",60,12558.13953,2026-03-27T13:28:16.000+00:00,20260327
413173,Harbor Horizon Ventures,1212360,"ZTE,MF935,MF935,4G,MIFI,MF935,ROUTER TRADE",60,12558.13953,2026-03-27T13:28:16.000+00:00,20260327
413173,Harbor Horizon Ventures,1212360,"ZTE,MF935,MF935,4G,MIFI,MF935,ROUTER TRADE",60,12558.13953,2026-03-27T13:28:16.000+00:00,20260327
413173,Harbor Horizon Ventures,1212360,"ZTE,MF935,MF935,4G,MIFI,MF935,ROUTER TRADE",60,12558.13953,2026-03-27T13:28:16.000+00:00,20260327
413173,Harbor Horizon Ventures,1212360,"ZTE,MF935,MF935,4G,MIFI,MF935,ROUTER TRADE",60,12558.13953,2026-03-27T13:28:16.000+00:00,20260327
413173,Harbor Horizon Ventures,1212360,"ZTE,MF935,MF935,4G,MIFI,MF935,ROUTER TRADE",60,12558.13953,2026-03-27T13:28:16.000+00:00,20260327
413173,Harbor Horizon Ventures,1212360,"ZTE,MF935,MF935,4G,MIFI,MF935,ROUTER TRADE",60,12558.13953,2026-03-27T13:28:16.000+00:00,20260327
413173,Harbor Horizon Ventures,1212360,"ZTE,MF935,MF935,4G,MIFI,MF935,ROUTER TRADE",60,12558.13953,2026-03-27T13:28:16.000+00:00,20260327
413173,Harbor Horizon Ventures,1212360,"ZTE,MF935,MF935,4G,MIFI,MF935,ROUTER TRADE",60,12558.13953,2026-03-27T13:28:16.000+00:00,20260327
413173,Harbor Horizon Ventures,1212360,"ZTE,MF935,MF935,4G,MIFI,MF935,ROUTER TRADE",60,12558.13953,2026-03-27T13:28:16.000+00:00,20260327
413173,Harbor Horizon Ventures,1212360,"ZTE,MF935,MF935,4G,MIFI,MF935,ROUTER TRADE",60,12558.13953,2026-03-27T13:28:16.000+00:00,20260327
413173,Harbor Horizon Ventures,1212360,"ZTE,MF935,MF935,4G,MIFI,MF935,ROUTER TRADE",60,12558.13953,2026-03-27T13:28:16.000+00:00,20260327
413173,Harbor Horizon Ventures,1212360,"ZTE,MF935,MF935,4G,MIFI,MF935,ROUTER TRADE",60,12558.13953,2026-03-27T13:28:16.000+00:00,20260327
413173,Harbor Horizon Ventures,1212360,"ZTE,MF935,MF935,4G,MIFI,MF935,ROUTER TRADE",60,12558.13953,2026-03-27T13:28:16.000+00:00,20260327
413173,Harbor Horizon Ventures,1212360,"ZTE,MF935,MF935,4G,MIFI,MF935,ROUTER TRADE",60,12558.13953,2026-03-27T13:28:16.000+00:00,20260327
413173,Harbor Horizon Ventures,1212360,"ZTE,MF935,MF935,4G,MIFI,MF935,ROUTER TRADE",60,12558.13953,2026-03-27T13:28:16.000+00:00,20260327
413173,Harbor Horizon Ventures,1212360,"ZTE,MF935,MF935,4G,MIFI,MF935,ROUTER TRADE",60,12558.13953,2026-03-27T13:28:16.000+00:00,20260327
413173,Harbor Horizon Ventures,1212360,"ZTE,MF935,MF935,4G,MIFI,MF935,ROUTER TRADE",60,12558.13953,2026-03-27T13:28:16.000+00:00,20260327
413173,Harbor Horizon Ventures,1212360,"ZTE,MF935,MF935,4G,MIFI,MF935,ROUTER TRADE",60,12558.13953,2026-03-27T13:28:16.000+00:00,20260327
413173,Harbor Horizon Ventures,1212360,"ZTE,MF935,MF935,4G,MIFI,MF935,ROUTER TRADE",60,12558.13953,2026-03-27T13:28:16.000+00:00,20260327
413173,Harbor Horizon Ventures,1212360,"ZTE,MF935,MF935,4G,MIFI,MF935,ROUTER TRADE",60,12558.13953,2026-03-27T13:28:16.000+00:00,20260327
413173,Harbor Horizon Ventures,1212360,"ZTE,MF935,MF935,4G,MIFI,MF935,ROUTER TRADE",60,12558.13953,2026-03-27T13:28:16.000+00:00,20260327
413173,Harbor Horizon Ventures,1212360,"ZTE,MF935,MF935,4G,MIFI,MF935,ROUTER TRADE",60,12558.13953,2026-03-27T13:28:16.000+00:00,20260327
413173,Harbor Horizon Ventures,1212360,"ZTE,MF935,MF935,4G,MIFI,MF935,ROUTER TRADE",60,12558.13953,2026-03-27T13:28:16.000+00:00,20260327
413173,Harbor Horizon Ventures,1212360,"ZTE,MF935,MF935,4G,MIFI,MF935,ROUTER TRADE",60,12558.13953,2026-03-27T13:28:16.000+00:00,20260327
413173,Harbor Horizon Ventures,1212360,"ZTE,MF935,MF935,4G,MIFI,MF935,ROUTER TRADE",60,12558.13953,2026-03-27T13:28:16.000+00:00,20260327
413173,Harbor Horizon Ventures,1212360,"ZTE,MF935,MF935,4G,MIFI,MF935,ROUTER TRADE",60,12558.13953,2026-03-27T13:28:16.000+00:00,20260327
413173,Harbor Horizon Ventures,1212360,"ZTE,MF935,MF935,4G,MIFI,MF935,ROUTER TRADE",60,12558.13953,2026-03-27T13:28:16.000+00:00,20260327
413173,Harbor Horizon Ventures,1212360,"ZTE,MF935,MF935,4G,MIFI,MF935,ROUTER TRADE",60,12558.13953,2026-03-27T13:28:16.000+00:00,20260327
413173,Harbor Horizon Ventures,1212360,"ZTE,MF935,MF935,4G,MIFI,MF935,ROUTER TRADE",60,12558.13953,2026-03-27T13:28:16.000+00:00,20260327
413173,Harbor Horizon Ventures,1212360,"ZTE,MF935,MF935,4G,MIFI,MF935,ROUTER TRADE",60,12558.13953,2026-03-27T13:28:16.000+00:00,20260327
413173,Harbor Horizon Ventures,1212360,"ZTE,MF935,MF935,4G,MIFI,MF935,ROUTER TRADE",60,12558.13953,2026-03-27T13:28:16.000+00:00,20260327
413173,Harbor Horizon Ventures,1212360,"ZTE,MF935,MF935,4G,MIFI,MF935,ROUTER TRADE",60,12558.13953,2026-03-27T13:28:16.000+00:00,20260327
413173,Harbor Horizon Ventures,1212360,"ZTE,MF935,MF935,4G,MIFI,MF935,ROUTER TRADE",60,12558.13953,2026-03-27T13:28:16.000+00:00,20260327
413173,Harbor Horizon Ventures,1212360,"ZTE,MF935,MF935,4G,MIFI,MF935,ROUTER TRADE",60,12558.13953,2026-03-27T13:28:16.000+00:00,20260327
413173,Harbor Horizon Ventures,1212360,"ZTE,MF935,MF935,4G,MIFI,MF935,ROUTER TRADE",60,12558.13953,2026-03-27T13:28:16.000+00:00,20260327
413173,Harbor Horizon Ventures,1212360,"ZTE,MF935,MF935,4G,MIFI,MF935,ROUTER TRADE",60,12558.13953,2026-03-27T13:28:16.000+00:00,20260327
19461,Orchid View Networks,1002552,"VOUCHER ETOPUP, VIRTUAL AIRTIME, NGN15000, ELECTRONIC, VOUCHER ETOPUP",50,13465.11785,2026-03-27T08:33:07.000+00:00,20260327
296065,River Isle Ventures,1299801,"GENERAL,ROUMIFI20001,ROUMIFI20001,5G MIFI, TOZED, ZLT X32 U,MIFI,ROUMIFI20001,ROUTER TRADE",20,58604.65116,2026-03-27T14:38:38.000+00:00,20260327
296065,River Isle Ventures,1299801,"GENERAL,ROUMIFI20001,ROUMIFI20001,5G MIFI, TOZED, ZLT X32 U,MIFI,ROUMIFI20001,ROUTER TRADE",20,58604.65116,2026-03-27T14:38:38.000+00:00,20260327
296065,River Isle Ventures,1299801,"GENERAL,ROUMIFI20001,ROUMIFI20001,5G MIFI, TOZED, ZLT X32 U,MIFI,ROUMIFI20001,ROUTER TRADE",20,58604.65116,2026-03-27T14:38:38.000+00:00,20260327
296065,River Isle Ventures,1299801,"GENERAL,ROUMIFI20001,ROUMIFI20001,5G MIFI, TOZED, ZLT X32 U,MIFI,ROUMIFI20001,ROUTER TRADE",20,58604.65116,2026-03-27T14:38:38.000+00:00,20260327
296065,River Isle Ventures,1299801,"GENERAL,ROUMIFI20001,ROUMIFI20001,5G MIFI, TOZED, ZLT X32 U,MIFI,ROUMIFI20001,ROUTER TRADE",20,58604.65116,2026-03-27T14:38:38.000+00:00,20260327
296065,River Isle Ventures,1299801,"GENERAL,ROUMIFI20001,ROUMIFI20001,5G MIFI, TOZED, ZLT X32 U,MIFI,ROUMIFI20001,ROUTER TRADE",20,58604.65116,2026-03-27T14:38:38.000+00:00,20260327
296065,River Isle Ventures,1299801,"GENERAL,ROUMIFI20001,ROUMIFI20001,5G MIFI, TOZED, ZLT X32 U,MIFI,ROUMIFI20001,ROUTER TRADE",20,58604.65116,2026-03-27T14:38:38.000+00:00,20260327
296065,River Isle Ventures,1299801,"GENERAL,ROUMIFI20001,ROUMIFI20001,5G MIFI, TOZED, ZLT X32 U,MIFI,ROUMIFI20001,ROUTER TRADE",20,58604.65116,2026-03-27T14:38:38.000+00:00,20260327
296065,River Isle Ventures,1299801,"GENERAL,ROUMIFI20001,ROUMIFI20001,5G MIFI, TOZED, ZLT X32 U,MIFI,ROUMIFI20001,ROUTER TRADE",20,58604.65116,2026-03-27T14:38:38.000+00:00,20260327
19693,Maple Meadow Trading,1002552,"VOUCHER ETOPUP, VIRTUAL AIRTIME, NGN15000, ELECTRONIC, VOUCHER ETOPUP",3456,13465.11785,2026-03-27T06:18:09.000+00:00,20260327
19776,Cedar Grove Trading,1002552,"VOUCHER ETOPUP, VIRTUAL AIRTIME, NGN15000, ELECTRONIC, VOUCHER ETOPUP",670,13465.11785,2026-03-27T06:43:01.000+00:00,20260327
254048,Juniper Shore Communications,1299801,"GENERAL,ROUMIFI20001,ROUMIFI20001,5G MIFI, TOZED, ZLT X32 U,MIFI,ROUMIFI20001,ROUTER TRADE",15,58604.65116,2026-03-27T17:58:24.000+00:00,20260327
254048,Juniper Shore Communications,1299801,"GENERAL,ROUMIFI20001,ROUMIFI20001,5G MIFI, TOZED, ZLT X32 U,MIFI,ROUMIFI20001,ROUTER TRADE",15,58604.65116,2026-03-27T17:58:24.000+00:00,20260327
254048,Juniper Shore Communications,1299801,"GENERAL,ROUMIFI20001,ROUMIFI20001,5G MIFI, TOZED, ZLT X32 U,MIFI,ROUMIFI20001,ROUTER TRADE",15,58604.65116,2026-03-27T17:58:24.000+00:00,20260327
254048,Juniper Shore Communications,1299801,"GENERAL,ROUMIFI20001,ROUMIFI20001,5G MIFI, TOZED, ZLT X32 U,MIFI,ROUMIFI20001,ROUTER TRADE",15,58604.65116,2026-03-27T17:58:24.000+00:00,20260327
254048,Juniper Shore Communications,1299801,"GENERAL,ROUMIFI20001,ROUMIFI20001,5G MIFI, TOZED, ZLT X32 U,MIFI,ROUMIFI20001,ROUTER TRADE",15,58604.65116,2026-03-27T17:58:24.000+00:00,20260327
254048,Juniper Shore Communications,1299801,"GENERAL,ROUMIFI20001,ROUMIFI20001,5G MIFI, TOZED, ZLT X32 U,MIFI,ROUMIFI20001,ROUTER TRADE",15,58604.65116,2026-03-27T17:58:24.000+00:00,20260327
254048,Juniper Shore Communications,1299801,"GENERAL,ROUMIFI20001,ROUMIFI20001,5G MIFI, TOZED, ZLT X32 U,MIFI,ROUMIFI20001,ROUTER TRADE",15,58604.65116,2026-03-27T17:58:24.000+00:00,20260327
254048,Juniper Shore Communications,1299801,"GENERAL,ROUMIFI20001,ROUMIFI20001,5G MIFI, TOZED, ZLT X32 U,MIFI,ROUMIFI20001,ROUTER TRADE",15,58604.65116,2026-03-27T17:58:24.000+00:00,20260327
254048,Juniper Shore Communications,1299801,"GENERAL,ROUMIFI20001,ROUMIFI20001,5G MIFI, TOZED, ZLT X32 U,MIFI,ROUMIFI20001,ROUTER TRADE",15,58604.65116,2026-03-27T17:58:24.000+00:00,20260327
254048,Juniper Shore Communications,1299801,"GENERAL,ROUMIFI20001,ROUMIFI20001,5G MIFI, TOZED, ZLT X32 U,MIFI,ROUMIFI20001,ROUTER TRADE",15,58604.65116,2026-03-27T17:58:24.000+00:00,20260327
254048,Juniper Shore Communications,1299801,"GENERAL,ROUMIFI20001,ROUMIFI20001,5G MIFI, TOZED, ZLT X32 U,MIFI,ROUMIFI20001,ROUTER TRADE",15,58604.65116,2026-03-27T17:58:24.000+00:00,20260327
254048,Juniper Shore Communications,1299801,"GENERAL,ROUMIFI20001,ROUMIFI20001,5G MIFI, TOZED, ZLT X32 U,MIFI,ROUMIFI20001,ROUTER TRADE",15,58604.65116,2026-03-27T17:58:24.000+00:00,20260327
254048,Juniper Shore Communications,1299801,"GENERAL,ROUMIFI20001,ROUMIFI20001,5G MIFI, TOZED, ZLT X32 U,MIFI,ROUMIFI20001,ROUTER TRADE",15,58604.65116,2026-03-27T17:58:24.000+00:00,20260327
254048,Juniper Shore Communications,1299801,"GENERAL,ROUMIFI20001,ROUMIFI20001,5G MIFI, TOZED, ZLT X32 U,MIFI,ROUMIFI20001,ROUTER TRADE",15,58604.65116,2026-03-27T17:58:24.000+00:00,20260327
254048,Juniper Shore Communications,1299801,"GENERAL,ROUMIFI20001,ROUMIFI20001,5G MIFI, TOZED, ZLT X32 U,MIFI,ROUMIFI20001,ROUTER TRADE",15,58604.65116,2026-03-27T17:58:24.000+00:00,20260327
19424,Fern Park Communications,1283280,"TOZED,ROUMOD4390,ROUMOD4390,4G CPE WITH UPS,MODEM,ROUMOD4390,ROUTER TRADE",2,18604.65116,2026-03-27T10:08:43.000+00:00,20260327
19424,Fern Park Communications,1283280,"TOZED,ROUMOD4390,ROUMOD4390,4G CPE WITH UPS,MODEM,ROUMOD4390,ROUTER TRADE",2,18604.65116,2026-03-27T10:08:43.000+00:00,20260327
19407,Sunset Wood Networks,1002552,"VOUCHER ETOPUP, VIRTUAL AIRTIME, NGN15000, ELECTRONIC, VOUCHER ETOPUP",2759,13465.11785,2026-03-27T15:13:04.000+00:00,20260327
186043,Teal Isle Trading,1002552,"VOUCHER ETOPUP, VIRTUAL AIRTIME, NGN15000, ELECTRONIC, VOUCHER ETOPUP",33,13465.11785,2026-03-27T09:08:49.000+00:00,20260327
21283,Ember Coast Trading,1002552,"VOUCHER ETOPUP, VIRTUAL AIRTIME, NGN15000, ELECTRONIC, VOUCHER ETOPUP",727,13465.11785,2026-03-27T13:38:25.000+00:00,20260327
19845,Willow Horizon Networks,1002552,"VOUCHER ETOPUP, VIRTUAL AIRTIME, NGN15000, ELECTRONIC, VOUCHER ETOPUP",400,13465.11785,2026-03-27T08:03:37.000+00:00,20260327
21283,Ember Coast Trading,1002552,"VOUCHER ETOPUP, VIRTUAL AIRTIME, NGN15000, ELECTRONIC, VOUCHER ETOPUP",1000,13465.11785,2026-03-27T13:38:25.000+00:00,20260327
239047,Aspen Wind Networks,1283280,"TOZED,ROUMOD4390,ROUMOD4390,4G CPE WITH UPS,MODEM,ROUMOD4390,ROUTER TRADE",1,18604.65116,2026-03-27T08:03:37.000+00:00,20260327
409091,Laurel Light Ventures,1283279,"TOZED,ROUMIF4389,ROUMIF4389,4G MIFI,MIFI,ROUMIF4389,ROUTER TRADE",60,12558.13953,2026-03-27T09:28:06.000+00:00,20260327
409091,Laurel Light Ventures,1283279,"TOZED,ROUMIF4389,ROUMIF4389,4G MIFI,MIFI,ROUMIF4389,ROUTER TRADE",60,12558.13953,2026-03-27T09:28:06.000+00:00,20260327
409091,Laurel Light Ventures,1283279,"TOZED,ROUMIF4389,ROUMIF4389,4G MIFI,MIFI,ROUMIF4389,ROUTER TRADE",60,12558.13953,2026-03-27T09:28:06.000+00:00,20260327
409091,Laurel Light Ventures,1283279,"TOZED,ROUMIF4389,ROUMIF4389,4G MIFI,MIFI,ROUMIF4389,ROUTER TRADE",60,12558.13953,2026-03-27T09:28:06.000+00:00,20260327
409091,Laurel Light Ventures,1283279,"TOZED,ROUMIF4389,ROUMIF4389,4G MIFI,MIFI,ROUMIF4389,ROUTER TRADE",60,12558.13953,2026-03-27T09:28:06.000+00:00,20260327
409091,Laurel Light Ventures,1283279,"TOZED,ROUMIF4389,ROUMIF4389,4G MIFI,MIFI,ROUMIF4389,ROUTER TRADE",60,12558.13953,2026-03-27T09:28:06.000+00:00,20260327
19732,Hazel Wood Communications,1283280,"TOZED,ROUMOD4390,ROUMOD4390,4G CPE WITH UPS,MODEM,ROUMOD4390,ROUTER TRADE",20,18604.65116,2026-03-27T09:28:07.000+00:00,20260327
19732,Hazel Wood Communications,1283280,"TOZED,ROUMOD4390,ROUMOD4390,4G CPE WITH UPS,MODEM,ROUMOD4390,ROUTER TRADE",20,18604.65116,2026-03-27T09:28:07.000+00:00,20260327
19732,Hazel Wood Communications,1283280,"TOZED,ROUMOD4390,ROUMOD4390,4G CPE WITH UPS,MODEM,ROUMOD4390,ROUTER TRADE",20,18604.65116,2026-03-27T09:28:07.000+00:00,20260327
19732,Hazel Wood Communications,1283280,"TOZED,ROUMOD4390,ROUMOD4390,4G CPE WITH UPS,MODEM,ROUMOD4390,ROUTER TRADE",20,18604.65116,2026-03-27T09:28:07.000+00:00,20260327
19732,Hazel Wood Communications,1283280,"TOZED,ROUMOD4390,ROUMOD4390,4G CPE WITH UPS,MODEM,ROUMOD4390,ROUTER TRADE",20,18604.65116,2026-03-27T09:28:07.000+00:00,20260327
19732,Hazel Wood Communications,1283280,"TOZED,ROUMOD4390,ROUMOD4390,4G CPE WITH UPS,MODEM,ROUMOD4390,ROUTER TRADE",20,18604.65116,2026-03-27T09:28:07.000+00:00,20260327
19732,Hazel Wood Communications,1283280,"TOZED,ROUMOD4390,ROUMOD4390,4G CPE WITH UPS,MODEM,ROUMOD4390,ROUTER TRADE",20,18604.65116,2026-03-27T09:28:07.000+00:00,20260327
19732,Hazel Wood Communications,1283280,"TOZED,ROUMOD4390,ROUMOD4390,4G CPE WITH UPS,MODEM,ROUMOD4390,ROUTER TRADE",20,18604.65116,2026-03-27T09:28:07.000+00:00,20260327
19732,Hazel Wood Communications,1283280,"TOZED,ROUMOD4390,ROUMOD4390,4G CPE WITH UPS,MODEM,ROUMOD4390,ROUTER TRADE",20,18604.65116,2026-03-27T09:28:07.000+00:00,20260327
19732,Hazel Wood Communications,1283280,"TOZED,ROUMOD4390,ROUMOD4390,4G CPE WITH UPS,MODEM,ROUMOD4390,ROUTER TRADE",20,18604.65116,2026-03-27T09:28:07.000+00:00,20260327
19732,Hazel Wood Communications,1283280,"TOZED,ROUMOD4390,ROUMOD4390,4G CPE WITH UPS,MODEM,ROUMOD4390,ROUTER TRADE",20,18604.65116,2026-03-27T09:28:07.000+00:00,20260327
19732,Hazel Wood Communications,1283280,"TOZED,ROUMOD4390,ROUMOD4390,4G CPE WITH UPS,MODEM,ROUMOD4390,ROUTER TRADE",20,18604.65116,2026-03-27T09:28:07.000+00:00,20260327
19732,Hazel Wood Communications,1283280,"TOZED,ROUMOD4390,ROUMOD4390,4G CPE WITH UPS,MODEM,ROUMOD4390,ROUTER TRADE",20,18604.65116,2026-03-27T09:28:07.000+00:00,20260327
19732,Hazel Wood Communications,1283280,"TOZED,ROUMOD4390,ROUMOD4390,4G CPE WITH UPS,MODEM,ROUMOD4390,ROUTER TRADE",20,18604.65116,2026-03-27T09:28:07.000+00:00,20260327
19732,Hazel Wood Communications,1283280,"TOZED,ROUMOD4390,ROUMOD4390,4G CPE WITH UPS,MODEM,ROUMOD4390,ROUTER TRADE",20,18604.65116,2026-03-27T09:28:07.000+00:00,20260327
19732,Hazel Wood Communications,1283280,"TOZED,ROUMOD4390,ROUMOD4390,4G CPE WITH UPS,MODEM,ROUMOD4390,ROUTER TRADE",20,18604.65116,2026-03-27T09:28:07.000+00:00,20260327
19732,Hazel Wood Communications,1283280,"TOZED,ROUMOD4390,ROUMOD4390,4G CPE WITH UPS,MODEM,ROUMOD4390,ROUTER TRADE",20,18604.65116,2026-03-27T09:28:07.000+00:00,20260327
19732,Hazel Wood Communications,1283280,"TOZED,ROUMOD4390,ROUMOD4390,4G CPE WITH UPS,MODEM,ROUMOD4390,ROUTER TRADE",20,18604.65116,2026-03-27T09:28:07.000+00:00,20260327
19732,Hazel Wood Communications,1283280,"TOZED,ROUMOD4390,ROUMOD4390,4G CPE WITH UPS,MODEM,ROUMOD4390,ROUTER TRADE",20,18604.65116,2026-03-27T09:28:07.000+00:00,20260327
19732,Hazel Wood Communications,1283280,"TOZED,ROUMOD4390,ROUMOD4390,4G CPE WITH UPS,MODEM,ROUMOD4390,ROUTER TRADE",20,18604.65116,2026-03-27T09:28:07.000+00:00,20260327
19422,Amber Lake Trading,1002552,"VOUCHER ETOPUP, VIRTUAL AIRTIME, NGN15000, ELECTRONIC, VOUCHER ETOPUP",799,13465.11785,2026-03-27T09:23:00.000+00:00,20260327
19912,Fern Brook Ventures,1186254,"TOZED,MIFI,4G,ZLT M30S,MODEM,ROUMOD1491,MODEM TRADE",15,12558.13953,2026-03-27T10:43:06.000+00:00,20260327
19912,Fern Brook Ventures,1186254,"TOZED,MIFI,4G,ZLT M30S,MODEM,ROUMOD1491,MODEM TRADE",15,12558.13953,2026-03-27T10:43:06.000+00:00,20260327
19912,Fern Brook Ventures,1186254,"TOZED,MIFI,4G,ZLT M30S,MODEM,ROUMOD1491,MODEM TRADE",15,12558.13953,2026-03-27T10:43:06.000+00:00,20260327
19912,Fern Brook Ventures,1186254,"TOZED,MIFI,4G,ZLT M30S,MODEM,ROUMOD1491,MODEM TRADE",15,12558.13953,2026-03-27T10:43:06.000+00:00,20260327
19912,Fern Brook Ventures,1186254,"TOZED,MIFI,4G,ZLT M30S,MODEM,ROUMOD1491,MODEM TRADE",15,12558.13953,2026-03-27T10:43:06.000+00:00,20260327
19912,Fern Brook Ventures,1186254,"TOZED,MIFI,4G,ZLT M30S,MODEM,ROUMOD1491,MODEM TRADE",15,12558.13953,2026-03-27T10:43:06.000+00:00,20260327
19912,Fern Brook Ventures,1186254,"TOZED,MIFI,4G,ZLT M30S,MODEM,ROUMOD1491,MODEM TRADE",15,12558.13953,2026-03-27T10:43:06.000+00:00,20260327
19912,Fern Brook Ventures,1186254,"TOZED,MIFI,4G,ZLT M30S,MODEM,ROUMOD1491,MODEM TRADE",15,12558.13953,2026-03-27T10:43:06.000+00:00,20260327
409091,Laurel Light Ventures,1283279,"TOZED,ROUMIF4389,ROUMIF4389,4G MIFI,MIFI,ROUMIF4389,ROUTER TRADE",60,12558.13953,2026-03-27T09:28:06.000+00:00,20260327
409091,Laurel Light Ventures,1283279,"TOZED,ROUMIF4389,ROUMIF4389,4G MIFI,MIFI,ROUMIF4389,ROUTER TRADE",60,12558.13953,2026-03-27T09:28:06.000+00:00,20260327
409091,Laurel Light Ventures,1283279,"TOZED,ROUMIF4389,ROUMIF4389,4G MIFI,MIFI,ROUMIF4389,ROUTER TRADE",60,12558.13953,2026-03-27T09:28:06.000+00:00,20260327
409091,Laurel Light Ventures,1283279,"TOZED,ROUMIF4389,ROUMIF4389,4G MIFI,MIFI,ROUMIF4389,ROUTER TRADE",60,12558.13953,2026-03-27T09:28:06.000+00:00,20260327
409091,Laurel Light Ventures,1283279,"TOZED,ROUMIF4389,ROUMIF4389,4G MIFI,MIFI,ROUMIF4389,ROUTER TRADE",60,12558.13953,2026-03-27T09:28:06.000+00:00,20260327
409091,Laurel Light Ventures,1283279,"TOZED,ROUMIF4389,ROUMIF4389,4G MIFI,MIFI,ROUMIF4389,ROUTER TRADE",60,12558.13953,2026-03-27T09:28:06.000+00:00,20260327
409091,Laurel Light Ventures,1283279,"TOZED,ROUMIF4389,ROUMIF4389,4G MIFI,MIFI,ROUMIF4389,ROUTER TRADE",60,12558.13953,2026-03-27T09:28:06.000+00:00,20260327
409091,Laurel Light Ventures,1283279,"TOZED,ROUMIF4389,ROUMIF4389,4G MIFI,MIFI,ROUMIF4389,ROUTER TRADE",60,12558.13953,2026-03-27T09:28:06.000+00:00,20260327
409091,Laurel Light Ventures,1283279,"TOZED,ROUMIF4389,ROUMIF4389,4G MIFI,MIFI,ROUMIF4389,ROUTER TRADE",60,12558.13953,2026-03-27T09:28:06.000+00:00,20260327
409091,Laurel Light Ventures,1283279,"TOZED,ROUMIF4389,ROUMIF4389,4G MIFI,MIFI,ROUMIF4389,ROUTER TRADE",60,12558.13953,2026-03-27T09:28:06.000+00:00,20260327
409091,Laurel Light Ventures,1283279,"TOZED,ROUMIF4389,ROUMIF4389,4G MIFI,MIFI,ROUMIF4389,ROUTER TRADE",60,12558.13953,2026-03-27T09:28:06.000+00:00,20260327
409091,Laurel Light Ventures,1283279,"TOZED,ROUMIF4389,ROUMIF4389,4G MIFI,MIFI,ROUMIF4389,ROUTER TRADE",60,12558.13953,2026-03-27T09:28:06.000+00:00,20260327
409091,Laurel Light Ventures,1283279,"TOZED,ROUMIF4389,ROUMIF4389,4G MIFI,MIFI,ROUMIF4389,ROUTER TRADE",60,12558.13953,2026-03-27T09:28:06.000+00:00,20260327
409091,Laurel Light Ventures,1283279,"TOZED,ROUMIF4389,ROUMIF4389,4G MIFI,MIFI,ROUMIF4389,ROUTER TRADE",60,12558.13953,2026-03-27T09:28:06.000+00:00,20260327
409091,Laurel Light Ventures,1283279,"TOZED,ROUMIF4389,ROUMIF4389,4G MIFI,MIFI,ROUMIF4389,ROUTER TRADE",60,12558.13953,2026-03-27T09:28:06.000+00:00,20260327
409091,Laurel Light Ventures,1283279,"TOZED,ROUMIF4389,ROUMIF4389,4G MIFI,MIFI,ROUMIF4389,ROUTER TRADE",60,12558.13953,2026-03-27T09:28:06.000+00:00,20260327
409091,Laurel Light Ventures,1283279,"TOZED,ROUMIF4389,ROUMIF4389,4G MIFI,MIFI,ROUMIF4389,ROUTER TRADE",60,12558.13953,2026-03-27T09:28:06.000+00:00,20260327
409091,Laurel Light Ventures,1283279,"TOZED,ROUMIF4389,ROUMIF4389,4G MIFI,MIFI,ROUMIF4389,ROUTER TRADE",60,12558.13953,2026-03-27T09:28:06.000+00:00,20260327
409091,Laurel Light Ventures,1283279,"TOZED,ROUMIF4389,ROUMIF4389,4G MIFI,MIFI,ROUMIF4389,ROUTER TRADE",60,12558.13953,2026-03-27T09:28:06.000+00:00,20260327
409091,Laurel Light Ventures,1283279,"TOZED,ROUMIF4389,ROUMIF4389,4G MIFI,MIFI,ROUMIF4389,ROUTER TRADE",60,12558.13953,2026-03-27T09:28:06.000+00:00,20260327
409091,Laurel Light Ventures,1283279,"TOZED,ROUMIF4389,ROUMIF4389,4G MIFI,MIFI,ROUMIF4389,ROUTER TRADE",60,12558.13953,2026-03-27T09:28:06.000+00:00,20260327
409091,Laurel Light Ventures,1283279,"TOZED,ROUMIF4389,ROUMIF4389,4G MIFI,MIFI,ROUMIF4389,ROUTER TRADE",60,12558.13953,2026-03-27T09:28:06.000+00:00,20260327
409091,Laurel Light Ventures,1283279,"TOZED,ROUMIF4389,ROUMIF4389,4G MIFI,MIFI,ROUMIF4389,ROUTER TRADE",60,12558.13953,2026-03-27T09:28:06.000+00:00,20260327
409091,Laurel Light Ventures,1283279,"TOZED,ROUMIF4389,ROUMIF4389,4G MIFI,MIFI,ROUMIF4389,ROUTER TRADE",60,12558.13953,2026-03-27T09:28:06.000+00:00,20260327
409091,Laurel Light Ventures,1283279,"TOZED,ROUMIF4389,ROUMIF4389,4G MIFI,MIFI,ROUMIF4389,ROUTER TRADE",60,12558.13953,2026-03-27T09:28:06.000+00:00,20260327
409091,Laurel Light Ventures,1283279,"TOZED,ROUMIF4389,ROUMIF4389,4G MIFI,MIFI,ROUMIF4389,ROUTER TRADE",60,12558.13953,2026-03-27T09:28:06.000+00:00,20260327
409091,Laurel Light Ventures,1283279,"TOZED,ROUMIF4389,ROUMIF4389,4G MIFI,MIFI,ROUMIF4389,ROUTER TRADE",60,12558.13953,2026-03-27T09:28:06.000+00:00,20260327
409091,Laurel Light Ventures,1283279,"TOZED,ROUMIF4389,ROUMIF4389,4G MIFI,MIFI,ROUMIF4389,ROUTER TRADE",60,12558.13953,2026-03-27T09:28:06.000+00:00,20260327
409091,Laurel Light Ventures,1283279,"TOZED,ROUMIF4389,ROUMIF4389,4G MIFI,MIFI,ROUMIF4389,ROUTER TRADE",60,12558.13953,2026-03-27T09:28:06.000+00:00,20260327
409091,Laurel Light Ventures,1283279,"TOZED,ROUMIF4389,ROUMIF4389,4G MIFI,MIFI,ROUMIF4389,ROUTER TRADE",60,12558.13953,2026-03-27T09:28:06.000+00:00,20260327
409091,Laurel Light Ventures,1283279,"TOZED,ROUMIF4389,ROUMIF4389,4G MIFI,MIFI,ROUMIF4389,ROUTER TRADE",60,12558.13953,2026-03-27T09:28:06.000+00:00,20260327
409091,Laurel Light Ventures,1283279,"TOZED,ROUMIF4389,ROUMIF4389,4G MIFI,MIFI,ROUMIF4389,ROUTER TRADE",60,12558.13953,2026-03-27T09:28:06.000+00:00,20260327
409091,Laurel Light Ventures,1283279,"TOZED,ROUMIF4389,ROUMIF4389,4G MIFI,MIFI,ROUMIF4389,ROUTER TRADE",60,12558.13953,2026-03-27T09:28:06.000+00:00,20260327
409091,Laurel Light Ventures,1283279,"TOZED,ROUMIF4389,ROUMIF4389,4G MIFI,MIFI,ROUMIF4389,ROUTER TRADE",60,12558.13953,2026-03-27T09:28:06.000+00:00,20260327
409091,Laurel Light Ventures,1283279,"TOZED,ROUMIF4389,ROUMIF4389,4G MIFI,MIFI,ROUMIF4389,ROUTER TRADE",60,12558.13953,2026-03-27T09:28:06.000+00:00,20260327
409091,Laurel Light Ventures,1283279,"TOZED,ROUMIF4389,ROUMIF4389,4G MIFI,MIFI,ROUMIF4389,ROUTER TRADE",60,12558.13953,2026-03-27T09:28:06.000+00:00,20260327
409091,Laurel Light Ventures,1283279,"TOZED,ROUMIF4389,ROUMIF4389,4G MIFI,MIFI,ROUMIF4389,ROUTER TRADE",60,12558.13953,2026-03-27T09:28:06.000+00:00,20260327
409091,Laurel Light Ventures,1283279,"TOZED,ROUMIF4389,ROUMIF4389,4G MIFI,MIFI,ROUMIF4389,ROUTER TRADE",60,12558.13953,2026-03-27T09:28:06.000+00:00,20260327
409091,Laurel Light Ventures,1283279,"TOZED,ROUMIF4389,ROUMIF4389,4G MIFI,MIFI,ROUMIF4389,ROUTER TRADE",60,12558.13953,2026-03-27T09:28:06.000+00:00,20260327
409091,Laurel Light Ventures,1283279,"TOZED,ROUMIF4389,ROUMIF4389,4G MIFI,MIFI,ROUMIF4389,ROUTER TRADE",60,12558.13953,2026-03-27T09:28:06.000+00:00,20260327
409091,Laurel Light Ventures,1283279,"TOZED,ROUMIF4389,ROUMIF4389,4G MIFI,MIFI,ROUMIF4389,ROUTER TRADE",60,12558.13953,2026-03-27T09:28:06.000+00:00,20260327
19659,Cedar Point Trading,1186254,"TOZED,MIFI,4G,ZLT M30S,MODEM,ROUMOD1491,MODEM TRADE",3,12558.13953,2026-03-27T15:08:25.000+00:00,20260327
19659,Cedar Point Trading,1186254,"TOZED,MIFI,4G,ZLT M30S,MODEM,ROUMOD1491,MODEM TRADE",3,12558.13953,2026-03-27T15:08:25.000+00:00,20260327
19659,Cedar Point Trading,1186254,"TOZED,MIFI,4G,ZLT M30S,MODEM,ROUMOD1491,MODEM TRADE",3,12558.13953,2026-03-27T15:08:25.000+00:00,20260327
19718,Juniper Brook Ventures,1002552,"VOUCHER ETOPUP, VIRTUAL AIRTIME, NGN15000, ELECTRONIC, VOUCHER ETOPUP",3500,13465.11785,2026-03-27T10:18:03.000+00:00,20260327
19323,Ember Coast Trading,1002552,"VOUCHER ETOPUP, VIRTUAL AIRTIME, NGN15000, ELECTRONIC, VOUCHER ETOPUP",667,13465.11785,2026-03-27T09:48:47.000+00:00,20260327
19912,Fern Brook Ventures,1186254,"TOZED,MIFI,4G,ZLT M30S,MODEM,ROUMOD1491,MODEM TRADE",15,12558.13953,2026-03-27T10:43:06.000+00:00,20260327
19912,Fern Brook Ventures,1186254,"TOZED,MIFI,4G,ZLT M30S,MODEM,ROUMOD1491,MODEM TRADE",15,12558.13953,2026-03-27T10:43:06.000+00:00,20260327
19912,Fern Brook Ventures,1186254,"TOZED,MIFI,4G,ZLT M30S,MODEM,ROUMOD1491,MODEM TRADE",15,12558.13953,2026-03-27T10:43:06.000+00:00,20260327
19912,Fern Brook Ventures,1186254,"TOZED,MIFI,4G,ZLT M30S,MODEM,ROUMOD1491,MODEM TRADE",15,12558.13953,2026-03-27T10:43:06.000+00:00,20260327
19912,Fern Brook Ventures,1186254,"TOZED,MIFI,4G,ZLT M30S,MODEM,ROUMOD1491,MODEM TRADE",15,12558.13953,2026-03-27T10:43:06.000+00:00,20260327
19912,Fern Brook Ventures,1186254,"TOZED,MIFI,4G,ZLT M30S,MODEM,ROUMOD1491,MODEM TRADE",15,12558.13953,2026-03-27T10:43:06.000+00:00,20260327
19912,Fern Brook Ventures,1186254,"TOZED,MIFI,4G,ZLT M30S,MODEM,ROUMOD1491,MODEM TRADE",15,12558.13953,2026-03-27T10:43:06.000+00:00,20260327
334058,Sage Brook Ventures,1186254,"TOZED,MIFI,4G,ZLT M30S,MODEM,ROUMOD1491,MODEM TRADE",2,12558.13953,2026-03-27T11:18:24.000+00:00,20260327
334058,Sage Brook Ventures,1186254,"TOZED,MIFI,4G,ZLT M30S,MODEM,ROUMOD1491,MODEM TRADE",2,12558.13953,2026-03-27T11:18:24.000+00:00,20260327
19803,Harbor Shore Ventures,1002552,"VOUCHER ETOPUP, VIRTUAL AIRTIME, NGN15000, ELECTRONIC, VOUCHER ETOPUP",1813,13465.11785,2026-03-27T17:13:42.000+00:00,20260327
19681,Forest Vale Communications,1283280,"TOZED,ROUMOD4390,ROUMOD4390,4G CPE WITH UPS,MODEM,ROUMOD4390,ROUTER TRADE",1,18604.65116,2026-03-27T11:58:03.000+00:00,20260327
19804,Harbor Shore Ventures,1002552,"VOUCHER ETOPUP, VIRTUAL AIRTIME, NGN15000, ELECTRONIC, VOUCHER ETOPUP",1332,13465.11785,2026-03-27T06:43:01.000+00:00,20260327
65032,Orchid View Networks,1299801,"GENERAL,ROUMIFI20001,ROUMIFI20001,5G MIFI, TOZED, ZLT X32 U,MIFI,ROUMIFI20001,ROUTER TRADE",8,58604.65116,2026-03-27T19:23:18.000+00:00,20260327
65032,Orchid View Networks,1299801,"GENERAL,ROUMIFI20001,ROUMIFI20001,5G MIFI, TOZED, ZLT X32 U,MIFI,ROUMIFI20001,ROUTER TRADE",8,58604.65116,2026-03-27T19:23:18.000+00:00,20260327
65032,Orchid View Networks,1299801,"GENERAL,ROUMIFI20001,ROUMIFI20001,5G MIFI, TOZED, ZLT X32 U,MIFI,ROUMIFI20001,ROUTER TRADE",8,58604.65116,2026-03-27T19:23:18.000+00:00,20260327
65032,Orchid View Networks,1299801,"GENERAL,ROUMIFI20001,ROUMIFI20001,5G MIFI, TOZED, ZLT X32 U,MIFI,ROUMIFI20001,ROUTER TRADE",8,58604.65116,2026-03-27T19:23:18.000+00:00,20260327
65032,Orchid View Networks,1299801,"GENERAL,ROUMIFI20001,ROUMIFI20001,5G MIFI, TOZED, ZLT X32 U,MIFI,ROUMIFI20001,ROUTER TRADE",8,58604.65116,2026-03-27T19:23:18.000+00:00,20260327
65032,Orchid View Networks,1299801,"GENERAL,ROUMIFI20001,ROUMIFI20001,5G MIFI, TOZED, ZLT X32 U,MIFI,ROUMIFI20001,ROUTER TRADE",8,58604.65116,2026-03-27T19:23:18.000+00:00,20260327
65032,Orchid View Networks,1299801,"GENERAL,ROUMIFI20001,ROUMIFI20001,5G MIFI, TOZED, ZLT X32 U,MIFI,ROUMIFI20001,ROUTER TRADE",8,58604.65116,2026-03-27T19:23:18.000+00:00,20260327
65032,Orchid View Networks,1299801,"GENERAL,ROUMIFI20001,ROUMIFI20001,5G MIFI, TOZED, ZLT X32 U,MIFI,ROUMIFI20001,ROUTER TRADE",8,58604.65116,2026-03-27T19:23:18.000+00:00,20260327
409091,Laurel Light Ventures,1283279,"TOZED,ROUMIF4389,ROUMIF4389,4G MIFI,MIFI,ROUMIF4389,ROUTER TRADE",60,12558.13953,2026-03-27T09:28:06.000+00:00,20260327
409091,Laurel Light Ventures,1283279,"TOZED,ROUMIF4389,ROUMIF4389,4G MIFI,MIFI,ROUMIF4389,ROUTER TRADE",60,12558.13953,2026-03-27T09:28:06.000+00:00,20260327
409091,Laurel Light Ventures,1283279,"TOZED,ROUMIF4389,ROUMIF4389,4G MIFI,MIFI,ROUMIF4389,ROUTER TRADE",60,12558.13953,2026-03-27T09:28:06.000+00:00,20260327
409091,Laurel Light Ventures,1283279,"TOZED,ROUMIF4389,ROUMIF4389,4G MIFI,MIFI,ROUMIF4389,ROUTER TRADE",60,12558.13953,2026-03-27T09:28:06.000+00:00,20260327
409091,Laurel Light Ventures,1283279,"TOZED,ROUMIF4389,ROUMIF4389,4G MIFI,MIFI,ROUMIF4389,ROUTER TRADE",60,12558.13953,2026-03-27T09:28:06.000+00:00,20260327
409091,Laurel Light Ventures,1283279,"TOZED,ROUMIF4389,ROUMIF4389,4G MIFI,MIFI,ROUMIF4389,ROUTER TRADE",60,12558.13953,2026-03-27T09:28:06.000+00:00,20260327
409091,Laurel Light Ventures,1283279,"TOZED,ROUMIF4389,ROUMIF4389,4G MIFI,MIFI,ROUMIF4389,ROUTER TRADE",60,12558.13953,2026-03-27T09:28:06.000+00:00,20260327
409091,Laurel Light Ventures,1283279,"TOZED,ROUMIF4389,ROUMIF4389,4G MIFI,MIFI,ROUMIF4389,ROUTER TRADE",60,12558.13953,2026-03-27T09:28:06.000+00:00,20260327
409091,Laurel Light Ventures,1283279,"TOZED,ROUMIF4389,ROUMIF4389,4G MIFI,MIFI,ROUMIF4389,ROUTER TRADE",60,12558.13953,2026-03-27T09:28:06.000+00:00,20260327
409091,Laurel Light Ventures,1283279,"TOZED,ROUMIF4389,ROUMIF4389,4G MIFI,MIFI,ROUMIF4389,ROUTER TRADE",60,12558.13953,2026-03-27T09:28:06.000+00:00,20260327
409091,Laurel Light Ventures,1283279,"TOZED,ROUMIF4389,ROUMIF4389,4G MIFI,MIFI,ROUMIF4389,ROUTER TRADE",60,12558.13953,2026-03-27T09:28:06.000+00:00,20260327
409091,Laurel Light Ventures,1283279,"TOZED,ROUMIF4389,ROUMIF4389,4G MIFI,MIFI,ROUMIF4389,ROUTER TRADE",60,12558.13953,2026-03-27T09:28:06.000+00:00,20260327
409091,Laurel Light Ventures,1283279,"TOZED,ROUMIF4389,ROUMIF4389,4G MIFI,MIFI,ROUMIF4389,ROUTER TRADE",60,12558.13953,2026-03-27T09:28:06.000+00:00,20260327
20044,Teal Ridge Ventures,1002552,"VOUCHER ETOPUP, VIRTUAL AIRTIME, NGN15000, ELECTRONIC, VOUCHER ETOPUP",34539,13465.11785,2026-03-27T14:58:24.000+00:00,20260327
19845,Willow Horizon Networks,1002552,"VOUCHER ETOPUP, VIRTUAL AIRTIME, NGN15000, ELECTRONIC, VOUCHER ETOPUP",220,13465.11785,2026-03-27T15:53:07.000+00:00,20260327
19612,Aspen Sky Trading,1002552,"VOUCHER ETOPUP, VIRTUAL AIRTIME, NGN15000, ELECTRONIC, VOUCHER ETOPUP",12341,13465.11785,2026-03-27T12:18:37.000+00:00,20260327
405090,Forest Stone Networks,1002552,"VOUCHER ETOPUP, VIRTUAL AIRTIME, NGN15000, ELECTRONIC, VOUCHER ETOPUP",34542,13465.11785,2026-03-27T13:23:19.000+00:00,20260327
19804,Harbor Shore Ventures,1002552,"VOUCHER ETOPUP, VIRTUAL AIRTIME, NGN15000, ELECTRONIC, VOUCHER ETOPUP",1333,13465.11785,2026-03-27T06:43:01.000+00:00,20260327
19812,Hazel Bay Trading,1186254,"TOZED,MIFI,4G,ZLT M30S,MODEM,ROUMOD1491,MODEM TRADE",30,12558.13953,2026-03-27T09:43:32.000+00:00,20260327
19812,Hazel Bay Trading,1186254,"TOZED,MIFI,4G,ZLT M30S,MODEM,ROUMOD1491,MODEM TRADE",30,12558.13953,2026-03-27T09:43:32.000+00:00,20260327
19812,Hazel Bay Trading,1186254,"TOZED,MIFI,4G,ZLT M30S,MODEM,ROUMOD1491,MODEM TRADE",30,12558.13953,2026-03-27T09:43:32.000+00:00,20260327
19812,Hazel Bay Trading,1186254,"TOZED,MIFI,4G,ZLT M30S,MODEM,ROUMOD1491,MODEM TRADE",30,12558.13953,2026-03-27T09:43:32.000+00:00,20260327
19812,Hazel Bay Trading,1186254,"TOZED,MIFI,4G,ZLT M30S,MODEM,ROUMOD1491,MODEM TRADE",30,12558.13953,2026-03-27T09:43:32.000+00:00,20260327
19812,Hazel Bay Trading,1186254,"TOZED,MIFI,4G,ZLT M30S,MODEM,ROUMOD1491,MODEM TRADE",30,12558.13953,2026-03-27T09:43:32.000+00:00,20260327
19812,Hazel Bay Trading,1186254,"TOZED,MIFI,4G,ZLT M30S,MODEM,ROUMOD1491,MODEM TRADE",30,12558.13953,2026-03-27T09:43:32.000+00:00,20260327
19812,Hazel Bay Trading,1186254,"TOZED,MIFI,4G,ZLT M30S,MODEM,ROUMOD1491,MODEM TRADE",30,12558.13953,2026-03-27T09:43:32.000+00:00,20260327
19812,Hazel Bay Trading,1186254,"TOZED,MIFI,4G,ZLT M30S,MODEM,ROUMOD1491,MODEM TRADE",30,12558.13953,2026-03-27T09:43:32.000+00:00,20260327
19812,Hazel Bay Trading,1186254,"TOZED,MIFI,4G,ZLT M30S,MODEM,ROUMOD1491,MODEM TRADE",30,12558.13953,2026-03-27T09:43:32.000+00:00,20260327
