distributor_code,distributor_name,account_profile_class,report_month,commission_owed,amount_paid,amount_unpaid,payment_rate,payment_status,payment_channel,payment_date,exception_flag,data_source
74050,Stone Light Networks,FIXED BROADBAND,202602,752454.3099999998,677208.88,75245.43,0.9,PENDING,BANK_TRANSFER,,,SIMULATED
98052,Ember Hill Networks,FIXED BROADBAND,202602,739383.81,665445.43,73938.38,0.9,PENDING,BANK_TRANSFER,,,SIMULATED
296065,River Isle Ventures,ENTERPRISE BUSINESS,202602,663141.0599999999,596826.95,66314.11,0.9,PENDING,BANK_TRANSFER,,,SIMULATED
205044,Sunset Crest Communications,FIXED BROADBAND,202602,526570.3099999999,473913.28,52657.03,0.9,PENDING,BANK_TRANSFER,,,SIMULATED
88031,Oak Field Communications,FIXED BROADBAND,202602,458538.7199999999,412684.85,45853.87,0.9,PENDING,BANK_TRANSFER,,,SIMULATED
19477,Ocean Vale Ventures,CONNECT STORES,202602,435152.58999999997,391637.33,43515.26,0.9,PENDING,MTN_INTERNAL_SETTLEMENT,,,SIMULATED
73037,Azure Trail Networks,ENTERPRISE BUSINESS,202602,411024.35,369921.91,41102.44,0.9,PENDING,BANK_TRANSFER,,,SIMULATED
19357,Quartz Meadow Networks,DATA PARTNERS,202602,410711.75,369640.58,41071.17,0.9,PENDING,BANK_TRANSFER,,,SIMULATED
19392,Pine Lake Ventures,CONNECT STORES,202602,408066.69999999995,367260.03,40806.67,0.9,PENDING,MTN_INTERNAL_SETTLEMENT,,,SIMULATED
98053,Raven Sky Networks,FIXED BROADBAND,202602,389319.09,350387.18,38931.91,0.9,PENDING,BANK_TRANSFER,,,SIMULATED
19948,Meadow Haven Networks,DATA PARTNERS,202602,387538.30000000005,348784.47,38753.83,0.9,PENDING,BANK_TRANSFER,,,SIMULATED
110035,Olive Hill Networks,FIXED BROADBAND,202602,382084.65,343876.19,38208.46,0.9,PENDING,BANK_TRANSFER,,,SIMULATED
254048,Juniper Shore Communications,ENTERPRISE BUSINESS,202602,374885.20999999996,149954.08,224931.13,0.4,DISPUTED,BANK_TRANSFER,,CONFIRMED_MISMATCH,SIMULATED
19657,Birch Wave Ventures,DATA PARTNERS,202602,373243.88,335919.49,37324.39,0.9,PENDING,BANK_TRANSFER,,,SIMULATED
19931,Swift Meadow Ventures,CONNECT STORES,202602,369125.3499999999,332212.81,36912.54,0.9,PENDING,MTN_INTERNAL_SETTLEMENT,,,SIMULATED
90032,Quartz Meadow Networks,FIXED BROADBAND,202602,362098.12,325888.31,36209.81,0.9,PENDING,BANK_TRANSFER,,,SIMULATED
95040,Hazel Light Communications,FIXED BROADBAND,202602,360016.18999999994,324014.57,36001.62,0.9,PENDING,BANK_TRANSFER,,,SIMULATED
69031,Azure Leaf Communications,DATA PARTNERS,202602,340436.44999999995,306392.8,34043.65,0.9,PENDING,BANK_TRANSFER,,,SIMULATED
19793,Jade Lake Communications,CONNECT STORES,202602,339086.23,305177.61,33908.62,0.9,PENDING,MTN_INTERNAL_SETTLEMENT,,,SIMULATED
19810,Birch Path Networks,CONNECT STORES,202602,338086.79,304278.11,33808.68,0.9,PENDING,MTN_INTERNAL_SETTLEMENT,,,SIMULATED
19597,Olive Wave Ventures,CONNECT STORES,202602,326902.2099999999,294211.99,32690.22,0.9,PENDING,MTN_INTERNAL_SETTLEMENT,,,SIMULATED
379102,Coral Haven Trading,FIXED BROADBAND,202602,311458.14999999997,280312.33,31145.82,0.9,PENDING,BANK_TRANSFER,,,SIMULATED
213044,Silver Grove Communications,CONNECT STORES,202602,307835.93,277052.34,30783.59,0.9,PENDING,MTN_INTERNAL_SETTLEMENT,,,SIMULATED
19647,Silver Valley Ventures,CONNECT STORES,202602,299737.37,269763.63,29973.74,0.9,PENDING,MTN_INTERNAL_SETTLEMENT,,,SIMULATED
19618,Golden Moon Communications,CONNECT STORES,202602,293932.8,264539.52,29393.28,0.9,PENDING,MTN_INTERNAL_SETTLEMENT,,,SIMULATED
98048,Coral Wave Networks,FIXED BROADBAND,202602,287161.9599999999,258445.76,28716.2,0.9,PENDING,BANK_TRANSFER,,,SIMULATED
19594,Olive Wave Ventures,CONNECT STORES,202602,285030.5099999999,256527.46,28503.05,0.9,PENDING,MTN_INTERNAL_SETTLEMENT,,,SIMULATED
19664,Cedar Stone Communications,DATA PARTNERS,202602,281151.07999999996,253035.97,28115.11,0.9,PENDING,BANK_TRANSFER,,,SIMULATED
19761,Ivory Peak Networks,DATA PARTNERS,202602,271847.24999999994,244662.52,27184.73,0.9,PENDING,BANK_TRANSFER,,,SIMULATED
357063,Azure Leaf Communications,FIXED BROADBAND,202602,269424.44999999995,242482.0,26942.45,0.9,PENDING,BANK_TRANSFER,,,SIMULATED
19562,Indigo Arc Communications,DATA PARTNERS,202602,253785.63999999993,228407.08,25378.56,0.9,PENDING,BANK_TRANSFER,,,SIMULATED
19932,Swift Meadow Ventures,CONNECT STORES,202602,252072.39999999997,226865.16,25207.24,0.9,PENDING,MTN_INTERNAL_SETTLEMENT,,,SIMULATED
19478,Ocean Vale Ventures,CONNECT STORES,202602,251006.08999999994,225905.48,25100.61,0.9,PENDING,MTN_INTERNAL_SETTLEMENT,,,SIMULATED
79043,River Shore Ventures,FIXED BROADBAND,202602,242695.53000000003,218425.98,24269.55,0.9,PENDING,BANK_TRANSFER,,,SIMULATED
90031,Indigo Haven Trading,FIXED BROADBAND,202602,242115.01999999996,217903.52,24211.5,0.9,PENDING,BANK_TRANSFER,,,SIMULATED
19818,Winter View Communications,CONNECT STORES,202602,239977.44,215979.7,23997.74,0.9,PENDING,MTN_INTERNAL_SETTLEMENT,,,SIMULATED
19367,Jade Point Trading,CONNECT STORES,202602,238358.92999999996,214523.04,23835.89,0.9,PENDING,MTN_INTERNAL_SETTLEMENT,,,SIMULATED
409091,Laurel Light Ventures,PENTAGON FRANCHISE,202602,237766.7799999999,95106.71,142660.07,0.4,DISPUTED,BANK_TRANSFER,,CONFIRMED_MISMATCH,SIMULATED
19343,Sunset Leaf Ventures,CONNECT STORES,202602,237471.44999999995,213724.3,23747.15,0.9,PENDING,MTN_INTERNAL_SETTLEMENT,,,SIMULATED
19808,Ivory Spring Networks,DATA PARTNERS,202602,233754.28,210378.85,23375.43,0.9,PENDING,BANK_TRANSFER,,,SIMULATED
311069,Cedar Stone Communications,FIXED BROADBAND,202602,225532.78000000003,202979.5,22553.28,0.9,PENDING,BANK_TRANSFER,,,SIMULATED
19523,Juniper Coast Networks,DATA PARTNERS,202602,218879.44999999995,196991.5,21887.95,0.9,PENDING,BANK_TRANSFER,,,SIMULATED
19513,Opal Ridge Communications,DATA PARTNERS,202602,218578.41,196720.57,21857.84,0.9,PENDING,BANK_TRANSFER,,,SIMULATED
255075,Quartz Light Ventures,FIXED BROADBAND,202602,216418.04999999996,194776.24,21641.81,0.9,PENDING,BANK_TRANSFER,,,SIMULATED
19554,Ruby Reach Ventures,DATA PARTNERS,202602,210775.47999999998,189697.93,21077.55,0.9,PENDING,BANK_TRANSFER,,,SIMULATED
19531,Orchid Stream Networks,CONNECT STORES,202602,209106.78999999998,188196.11,20910.68,0.9,PENDING,MTN_INTERNAL_SETTLEMENT,,,SIMULATED
21259,Oak Crest Networks,CONNECT STORES,202602,207850.96,187065.86,20785.1,0.9,PENDING,MTN_INTERNAL_SETTLEMENT,,,SIMULATED
19335,Raven View Networks,CONNECT STORES,202602,205026.81999999998,184524.14,20502.68,0.9,PENDING,MTN_INTERNAL_SETTLEMENT,,,SIMULATED
19649,Silver Valley Ventures,CONNECT STORES,202602,204027.78,183625.0,20402.78,0.9,PENDING,MTN_INTERNAL_SETTLEMENT,,,SIMULATED
19839,Laurel Park Trading,CONNECT STORES,202602,201259.38999999998,181133.45,20125.94,0.9,PENDING,MTN_INTERNAL_SETTLEMENT,,,SIMULATED
294071,Linden Crest Communications,FIXED BROADBAND,202602,195605.39999999997,176044.86,19560.54,0.9,PENDING,BANK_TRANSFER,,,SIMULATED
290074,Ocean Field Trading,FIXED BROADBAND,202602,192507.51999999996,173256.77,19250.75,0.9,PENDING,BANK_TRANSFER,,,SIMULATED
19372,Jade Point Trading,CONNECT STORES,202602,191419.37999999998,172277.44,19141.94,0.9,PENDING,MTN_INTERNAL_SETTLEMENT,,,SIMULATED
19903,Linden Valley Ventures,CONNECT STORES,202602,189376.52999999997,170438.88,18937.65,0.9,PENDING,MTN_INTERNAL_SETTLEMENT,,,SIMULATED
21276,Stone Light Networks,ENTERPRISE BUSINESS,202602,188064.85,169258.37,18806.48,0.9,PENDING,BANK_TRANSFER,,,SIMULATED
19688,Ivory Stone Communications,CONNECT STORES,202602,186027.75,167424.98,18602.77,0.9,PENDING,MTN_INTERNAL_SETTLEMENT,,,SIMULATED
19698,Aspen Park Networks,DATA PARTNERS,202602,185859.95999999996,167273.96,18586.0,0.9,PENDING,BANK_TRANSFER,,,SIMULATED
19555,Teal Reach Networks,CONNECT STORES,202602,179804.53,107882.72,71921.81,0.6,PARTIALLY_PAID,MTN_INTERNAL_SETTLEMENT,2026-03-30,HIGH_UNQUALIFIED_RATE,SIMULATED
19958,Meadow Wind Networks,CONNECT STORES,202602,178956.26999999996,161060.64,17895.63,0.9,PENDING,MTN_INTERNAL_SETTLEMENT,,,SIMULATED
19643,Birch Meadow Communications,CONNECT STORES,202602,176919.01000000007,159227.11,17691.9,0.9,PENDING,MTN_INTERNAL_SETTLEMENT,,,SIMULATED
121038,River Isle Ventures,FIXED BROADBAND,202602,176075.81999999995,158468.24,17607.58,0.9,PENDING,BANK_TRANSFER,,,SIMULATED
19632,Coral Point Ventures,CONNECT STORES,202602,173575.68,156218.11,17357.57,0.9,PENDING,MTN_INTERNAL_SETTLEMENT,,,SIMULATED
19628,Coral Point Ventures,CONNECT STORES,202602,173519.75,69407.9,104111.85,0.4,DISPUTED,MTN_INTERNAL_SETTLEMENT,,CONFIRMED_MISMATCH,SIMULATED
255073,Azure Ridge Ventures,ENTERPRISE BUSINESS,202602,172152.15999999997,154936.94,17215.22,0.9,PENDING,BANK_TRANSFER,,,SIMULATED
21258,Oak Crest Networks,CONNECT STORES,202602,169914.34,152922.91,16991.43,0.9,PENDING,MTN_INTERNAL_SETTLEMENT,,,SIMULATED
78073,Coral View Communications,FIXED BROADBAND,202602,167078.75999999998,150370.88,16707.88,0.9,PENDING,BANK_TRANSFER,,,SIMULATED
250047,Quartz Vale Trading,FIXED BROADBAND,202602,162105.62,145895.06,16210.56,0.9,PENDING,BANK_TRANSFER,,,SIMULATED
19549,Azure Crest Communications,CONNECT STORES,202602,157082.41999999998,141374.18,15708.24,0.9,PENDING,MTN_INTERNAL_SETTLEMENT,,,SIMULATED
336060,Orchid Sky Communications,FIXED BROADBAND,202602,151021.25999999998,135919.13,15102.13,0.9,PENDING,BANK_TRANSFER,,,SIMULATED
19511,Teal Vale Trading,DATA PARTNERS,202602,150971.08000000002,135873.97,15097.11,0.9,PENDING,BANK_TRANSFER,,,SIMULATED
78075,Jade View Ventures,FIXED BROADBAND,202602,150596.92,135537.23,15059.69,0.9,PENDING,BANK_TRANSFER,,,SIMULATED
19615,Raven Port Trading,DATA PARTNERS,202602,149022.85999999996,134120.57,14902.29,0.9,PENDING,BANK_TRANSFER,,,SIMULATED
353061,Forest Reach Communications,FIXED BROADBAND,202602,147767.09,132990.38,14776.71,0.9,PENDING,BANK_TRANSFER,,,SIMULATED
19915,Orchid Glen Communications,DATA PARTNERS,202602,146779.35,132101.42,14677.93,0.9,PENDING,BANK_TRANSFER,,,SIMULATED
54253,Topaz Haven Ventures,DATA PARTNERS,202602,145573.66,131016.29,14557.37,0.9,PENDING,BANK_TRANSFER,,,SIMULATED
74051,Forest Arc Trading,FIXED BROADBAND,202602,145361.62,130825.46,14536.16,0.9,PENDING,BANK_TRANSFER,,,SIMULATED
74054,Teal Port Networks,FIXED BROADBAND,202602,138245.27,124420.74,13824.53,0.9,PENDING,BANK_TRANSFER,,,SIMULATED
97095,Quartz Delta Ventures,FIXED BROADBAND,202602,135733.66999999998,122160.3,13573.37,0.9,PENDING,BANK_TRANSFER,,,SIMULATED
20047,Teal Ridge Ventures,CONNECT STORES,202602,134851.96,121366.76,13485.2,0.9,PENDING,MTN_INTERNAL_SETTLEMENT,,,SIMULATED
19816,Winter View Communications,CONNECT STORES,202602,134745.99,121271.39,13474.6,0.9,PENDING,MTN_INTERNAL_SETTLEMENT,,,SIMULATED
19420,Stone Ridge Trading,DATA PARTNERS,202602,132334.61,119101.15,13233.46,0.9,PENDING,BANK_TRANSFER,,,SIMULATED
265054,Raven Arc Ventures,FIXED BROADBAND,202602,131704.04,118533.64,13170.4,0.9,PENDING,BANK_TRANSFER,,,SIMULATED
19582,Topaz Bridge Trading,CONNECT STORES,202602,131503.16,118352.84,13150.32,0.9,PENDING,MTN_INTERNAL_SETTLEMENT,,,SIMULATED
19969,River Isle Trading,DATA PARTNERS,202602,130185.72999999998,117167.16,13018.57,0.9,PENDING,BANK_TRANSFER,,,SIMULATED
19505,Elm Horizon Communications,DATA PARTNERS,202602,129197.98999999999,116278.19,12919.8,0.9,PENDING,BANK_TRANSFER,,,SIMULATED
351061,Birch Path Networks,CONNECT HUB,202602,128204.63999999998,115384.18,12820.46,0.9,PENDING,MTN_INTERNAL_SETTLEMENT,,,SIMULATED
19577,Topaz Bridge Trading,CONNECT STORES,202602,128048.20999999999,115243.39,12804.82,0.9,PENDING,MTN_INTERNAL_SETTLEMENT,,,SIMULATED
214045,Quartz Park Trading,FIXED BROADBAND,202602,124118.83999999997,111706.96,12411.88,0.9,PENDING,BANK_TRANSFER,,,SIMULATED
215043,Stone Stone Trading,FIXED BROADBAND,202602,124118.79999999997,111706.92,12411.88,0.9,PENDING,BANK_TRANSFER,,,SIMULATED
19957,Meadow Wind Networks,CONNECT STORES,202602,117320.78000000001,105588.7,11732.08,0.9,PENDING,MTN_INTERNAL_SETTLEMENT,,,SIMULATED
337088,Sage Wood Trading,PENTAGON FRANCHISE,202602,117208.93999999997,46883.58,70325.36,0.4,DISPUTED,BANK_TRANSFER,,CONFIRMED_MISMATCH,SIMULATED
19583,Topaz Bridge Trading,CONNECT STORES,202602,114759.0,103283.1,11475.9,0.9,PENDING,MTN_INTERNAL_SETTLEMENT,,,SIMULATED
19781,Raven Isle Communications,DEALER,202602,114340.39,68604.23,45736.16,0.6,PARTIALLY_PAID,BANK_TRANSFER,2026-03-30,HIGH_UNQUALIFIED_RATE,SIMULATED
19415,Spruce Sky Trading,DATA PARTNERS,202602,113966.30999999997,102569.68,11396.63,0.9,PENDING,BANK_TRANSFER,,,SIMULATED
78074,Harbor Moon Ventures,FIXED BROADBAND,202602,113441.60999999997,102097.45,11344.16,0.9,PENDING,BANK_TRANSFER,,,SIMULATED
19437,Birch Dale Communications,CONNECT STORES,202602,113134.81999999999,101821.34,11313.48,0.9,PENDING,MTN_INTERNAL_SETTLEMENT,,,SIMULATED
83033,Meadow Dale Trading,FIXED BROADBAND,202602,112185.73999999996,100967.17,11218.57,0.9,PENDING,BANK_TRANSFER,,,SIMULATED
19366,Jade Point Trading,CONNECT STORES,202602,110991.56999999999,99892.41,11099.16,0.9,PENDING,MTN_INTERNAL_SETTLEMENT,,,SIMULATED
239048,Stone Leaf Networks,FIXED BROADBAND,202602,107949.51999999999,97154.57,10794.95,0.9,PENDING,BANK_TRANSFER,,,SIMULATED
379100,Laurel Light Ventures,FIXED BROADBAND,202602,107637.03999999998,96873.34,10763.7,0.9,PENDING,BANK_TRANSFER,,,SIMULATED
19922,Sunset Path Trading,CONNECT STORES,202602,106805.53,64083.32,42722.21,0.6,PARTIALLY_PAID,MTN_INTERNAL_SETTLEMENT,2026-03-30,HIGH_UNQUALIFIED_RATE,SIMULATED
130062,Amber Arc Communications,ENTERPRISE BUSINESS,202602,106012.77999999997,95411.5,10601.28,0.9,PENDING,BANK_TRANSFER,,,SIMULATED
19817,Winter View Communications,CONNECT STORES,202602,105806.30999999997,95225.68,10580.63,0.9,PENDING,MTN_INTERNAL_SETTLEMENT,,,SIMULATED
223046,Ivory Brook Communications,FIXED BROADBAND,202602,103813.65999999997,93432.29,10381.37,0.9,PENDING,BANK_TRANSFER,,,SIMULATED
19571,Rowan Light Communications,CONNECT STORES,202602,99839.99999999999,89856.0,9984.0,0.9,PENDING,MTN_INTERNAL_SETTLEMENT,,,SIMULATED
68028,Teal Delta Ventures,ENTERPRISE BUSINESS,202602,98896.56999999998,89006.91,9889.66,0.9,PENDING,BANK_TRANSFER,,,SIMULATED
19596,Olive Wave Ventures,CONNECT STORES,202602,98427.90000000001,88585.11,9842.79,0.9,PENDING,MTN_INTERNAL_SETTLEMENT,,,SIMULATED
19355,Juniper Stone Communications,CONNECT STORES,202602,97903.07999999997,88112.77,9790.31,0.9,PENDING,MTN_INTERNAL_SETTLEMENT,,,SIMULATED
74052,Forest Horizon Communications,FIXED BROADBAND,202602,96803.49999999997,87123.15,9680.35,0.9,PENDING,BANK_TRANSFER,,,SIMULATED
19896,Flint Grove Trading,CONNECT STORES,202602,95285.46999999999,85756.92,9528.55,0.9,PENDING,MTN_INTERNAL_SETTLEMENT,,,SIMULATED
19501,Laurel Peak Networks,DATA PARTNERS,202602,94816.57999999999,85334.92,9481.66,0.9,PENDING,BANK_TRANSFER,,,SIMULATED
19570,Rowan Light Communications,CONNECT STORES,202602,94347.84999999999,84913.06,9434.79,0.9,PENDING,MTN_INTERNAL_SETTLEMENT,,,SIMULATED
19580,Topaz Bridge Trading,CONNECT STORES,202602,93929.23999999999,84536.32,9392.92,0.9,PENDING,MTN_INTERNAL_SETTLEMENT,,,SIMULATED
19448,Hazel Meadow Trading,DATA PARTNERS,202602,93823.15,37529.26,56293.89,0.4,DISPUTED,BANK_TRANSFER,,CONFIRMED_MISMATCH,SIMULATED
206055,Jade Arc Ventures,CONNECT STORES,202602,93823.06999999998,84440.76,9382.31,0.9,PENDING,MTN_INTERNAL_SETTLEMENT,,,SIMULATED
249048,Indigo Lake Trading,FIXED BROADBAND,202602,93192.39999999998,83873.16,9319.24,0.9,PENDING,BANK_TRANSFER,,,SIMULATED
275053,Opal Dale Networks,ENTERPRISE BUSINESS,202602,92673.37,83406.03,9267.34,0.9,PENDING,BANK_TRANSFER,,,SIMULATED
295085,Harbor Field Networks,FIXED BROADBAND,202602,92092.77999999998,82883.5,9209.28,0.9,PENDING,BANK_TRANSFER,,,SIMULATED
19812,Hazel Bay Trading,DATA PARTNERS,202602,91467.73999999998,82320.97,9146.77,0.9,PENDING,BANK_TRANSFER,,,SIMULATED
19951,Coral Reach Trading,DATA PARTNERS,202602,89843.47999999998,80859.13,8984.35,0.9,PENDING,BANK_TRANSFER,,,SIMULATED
395095,Topaz Light Communications,CONNECT HUB,202602,89637.12999999998,80673.42,8963.71,0.9,PENDING,MTN_INTERNAL_SETTLEMENT,,,SIMULATED
153031,Coral Point Ventures,CONNECT HUB,202602,88749.74999999999,79874.77,8874.98,0.9,PENDING,MTN_INTERNAL_SETTLEMENT,,,SIMULATED
20018,Linden Light Ventures,DATA PARTNERS,202602,88169.09999999998,79352.19,8816.91,0.9,PENDING,BANK_TRANSFER,,,SIMULATED
341065,Quartz Coast Networks,PENTAGON FRANCHISE,202602,87906.69999999998,79116.03,8790.67,0.9,PENDING,BANK_TRANSFER,,,SIMULATED
95039,Pearl Haven Ventures,FIXED BROADBAND,202602,87594.19999999998,78834.78,8759.42,0.9,PENDING,BANK_TRANSFER,,,SIMULATED
353073,Raven Grove Networks,ENTERPRISE BUSINESS,202602,86863.10999999999,78176.8,8686.31,0.9,PENDING,BANK_TRANSFER,,,SIMULATED
107046,Birch Hill Trading,ENTERPRISE BUSINESS,202602,86288.23,77659.41,8628.82,0.9,PENDING,BANK_TRANSFER,,,SIMULATED
19345,Harbor Brook Ventures,CONNECT STORES,202602,85506.94,76956.25,8550.69,0.9,PENDING,MTN_INTERNAL_SETTLEMENT,,,SIMULATED
60025,Forest Arc Trading,DATA PARTNERS,202602,84089.10999999999,75680.2,8408.91,0.9,PENDING,BANK_TRANSFER,,,SIMULATED
19880,Laurel Crown Networks,CONNECT STORES,202602,83151.56999999999,49890.94,33260.63,0.6,PARTIALLY_PAID,MTN_INTERNAL_SETTLEMENT,2026-03-30,HIGH_UNQUALIFIED_RATE,SIMULATED
291067,Juniper Light Networks,ENTERPRISE BUSINESS,202602,82464.90999999997,74218.42,8246.49,0.9,PENDING,BANK_TRANSFER,,,SIMULATED
115057,Indigo Crown Networks,CONNECT HUB,202602,81633.43999999999,73470.1,8163.34,0.9,PENDING,MTN_INTERNAL_SETTLEMENT,,,SIMULATED
367077,Golden Vale Trading,FIXED BROADBAND,202602,81315.16999999998,73183.65,8131.52,0.9,PENDING,BANK_TRANSFER,,,SIMULATED
170045,Teal Wave Trading,DATA PARTNERS,202602,81158.95999999999,73043.06,8115.9,0.9,PENDING,BANK_TRANSFER,,,SIMULATED
369075,Coral Sky Communications,FIXED BROADBAND,202602,80584.09999999998,72525.69,8058.41,0.9,PENDING,BANK_TRANSFER,,,SIMULATED
19327,Raven Trail Networks,DATA PARTNERS,202602,78697.47999999998,70827.73,7869.75,0.9,PENDING,BANK_TRANSFER,,,SIMULATED
19648,Silver Valley Ventures,CONNECT STORES,202602,77079.01,69371.11,7707.9,0.9,PENDING,MTN_INTERNAL_SETTLEMENT,,,SIMULATED
19494,Olive Reach Ventures,DATA PARTNERS,202602,76972.95999999999,69275.66,7697.3,0.9,PENDING,BANK_TRANSFER,,,SIMULATED
19953,Opal Dale Networks,DATA PARTNERS,202602,76972.9,69275.61,7697.29,0.9,PENDING,BANK_TRANSFER,,,SIMULATED
19938,Willow Point Networks,DATA PARTNERS,202602,74930.08999999998,67437.08,7493.01,0.9,PENDING,BANK_TRANSFER,,,SIMULATED
19838,Laurel Park Trading,CONNECT STORES,202602,74673.44,67206.1,7467.34,0.9,PENDING,MTN_INTERNAL_SETTLEMENT,,,SIMULATED
365090,Stone Crest Ventures,PENTAGON FRANCHISE,202602,74617.50999999998,67155.76,7461.75,0.9,PENDING,BANK_TRANSFER,,,SIMULATED
93033,Elm Bridge Networks,FIXED BROADBAND,202602,73255.60999999999,65930.05,7325.56,0.9,PENDING,BANK_TRANSFER,,,SIMULATED
255074,Teal Stream Networks,ENTERPRISE BUSINESS,202602,73099.35999999999,65789.42,7309.94,0.9,PENDING,BANK_TRANSFER,,,SIMULATED
83035,Amber Park Communications,FIXED BROADBAND,202602,71581.22999999998,64423.11,7158.12,0.9,PENDING,BANK_TRANSFER,,,SIMULATED
19687,Ivory Stone Communications,CONNECT STORES,202602,71268.82999999999,64141.95,7126.88,0.9,PENDING,MTN_INTERNAL_SETTLEMENT,,,SIMULATED
148031,Birch Path Networks,CONNECT HUB,202602,71006.43,63905.79,7100.64,0.9,PENDING,MTN_INTERNAL_SETTLEMENT,,,SIMULATED
162043,Teal Ridge Ventures,CONNECT HUB,202602,70743.98999999999,63669.59,7074.4,0.9,PENDING,MTN_INTERNAL_SETTLEMENT,,,SIMULATED
19462,Orchid View Networks,DEALER,202602,70119.05,63107.15,7011.9,0.9,PENDING,BANK_TRANSFER,,,SIMULATED
19559,Coral Wave Networks,DATA PARTNERS,202602,68863.18,61976.86,6886.32,0.9,PENDING,BANK_TRANSFER,,,SIMULATED
366074,Ivory Light Networks,PENTAGON FRANCHISE,202602,68812.99999999999,27525.2,41287.8,0.4,DISPUTED,BANK_TRANSFER,,CONFIRMED_MISMATCH,SIMULATED
19382,Willow Stone Trading,DATA PARTNERS,202602,68076.29999999999,61268.67,6807.63,0.9,PENDING,BANK_TRANSFER,,,SIMULATED
19952,Swift Ridge Ventures,DATA PARTNERS,202602,67919.93,61127.94,6791.99,0.9,PENDING,BANK_TRANSFER,,,SIMULATED
19809,Birch Point Ventures,DATA PARTNERS,202602,67294.80999999998,60565.33,6729.48,0.9,PENDING,BANK_TRANSFER,,,SIMULATED
232044,Swift Moon Communications,FIXED BROADBAND,202602,66820.31,60138.28,6682.03,0.9,PENDING,BANK_TRANSFER,,,SIMULATED
19805,Harbor Shore Ventures,DEALER,202602,66664.15999999999,59997.74,6666.42,0.9,PENDING,BANK_TRANSFER,,,SIMULATED
345064,Meadow Haven Networks,PENTAGON FRANCHISE,202602,66301.35999999999,59671.22,6630.14,0.9,PENDING,BANK_TRANSFER,,,SIMULATED
19746,Quartz Horizon Trading,CONNECT STORES,202602,66195.25,59575.72,6619.53,0.9,PENDING,MTN_INTERNAL_SETTLEMENT,,,SIMULATED
332069,Linden Light Ventures,FIXED BROADBAND,202602,65983.09,59384.78,6598.31,0.9,PENDING,BANK_TRANSFER,,,SIMULATED
26033,Quartz Trail Communications,DATA PARTNERS,202602,65408.289999999986,58867.46,6540.83,0.9,PENDING,BANK_TRANSFER,,,SIMULATED
19959,Meadow Wind Networks,CONNECT STORES,202602,64465.07999999999,58018.57,6446.51,0.9,PENDING,MTN_INTERNAL_SETTLEMENT,,,SIMULATED
19516,Aspen Reach Communications,DATA PARTNERS,202602,63733.90999999999,57360.52,6373.39,0.9,PENDING,BANK_TRANSFER,,,SIMULATED
107034,Elm Port Communications,ENTERPRISE BUSINESS,202602,63371.12999999999,57034.02,6337.11,0.9,PENDING,BANK_TRANSFER,,,SIMULATED
19556,Teal Reach Networks,CONNECT STORES,202602,62846.42999999999,37707.86,25138.57,0.6,PARTIALLY_PAID,MTN_INTERNAL_SETTLEMENT,2026-03-30,HIGH_UNQUALIFIED_RATE,SIMULATED
19669,Spruce Spring Ventures,CONNECT STORES,202602,62790.53999999999,56511.49,6279.05,0.9,PENDING,MTN_INTERNAL_SETTLEMENT,,,SIMULATED
19605,Rowan Stone Trading,DATA PARTNERS,202602,62690.17999999999,56421.16,6269.02,0.9,PENDING,BANK_TRANSFER,,,SIMULATED
113048,Willow Lake Communications,CONNECT HUB,202602,61953.29999999998,55757.97,6195.33,0.9,PENDING,MTN_INTERNAL_SETTLEMENT,,,SIMULATED
360067,Rowan Vale Trading,ENTERPRISE BUSINESS,202602,61746.869999999995,55572.18,6174.69,0.9,PENDING,BANK_TRANSFER,,,SIMULATED
107036,Stone Leaf Networks,ENTERPRISE BUSINESS,202602,61640.819999999985,55476.74,6164.08,0.9,PENDING,BANK_TRANSFER,,,SIMULATED
19904,Linden Valley Ventures,CONNECT STORES,202602,61534.77,55381.29,6153.48,0.9,PENDING,MTN_INTERNAL_SETTLEMENT,,,SIMULATED
353062,Spruce Star Ventures,PENTAGON FRANCHISE,202602,61378.45999999999,55240.61,6137.85,0.9,PENDING,BANK_TRANSFER,,,SIMULATED
74049,Linden Park Communications,ENTERPRISE BUSINESS,202602,61065.95999999999,54959.36,6106.6,0.9,PENDING,BANK_TRANSFER,,,SIMULATED
333070,Azure Sky Trading,PENTAGON FRANCHISE,202602,61065.919999999984,54959.33,6106.59,0.9,PENDING,BANK_TRANSFER,,,SIMULATED
19569,Rowan Light Communications,CONNECT STORES,202602,60753.479999999996,54678.13,6075.35,0.9,PENDING,MTN_INTERNAL_SETTLEMENT,,,SIMULATED
179044,Birch Crown Ventures,ENTERPRISE BUSINESS,202602,60541.23999999998,54487.12,6054.12,0.9,PENDING,BANK_TRANSFER,,,SIMULATED
393082,Opal Dale Networks,PENTAGON FRANCHISE,202602,60491.1,54441.99,6049.11,0.9,PENDING,BANK_TRANSFER,,,SIMULATED
19794,Jade Lake Communications,CONNECT STORES,202602,60385.04999999999,54346.54,6038.51,0.9,PENDING,MTN_INTERNAL_SETTLEMENT,,,SIMULATED
19944,Rowan Hill Trading,CONNECT STORES,202602,60334.82999999999,36200.9,24133.93,0.6,PARTIALLY_PAID,MTN_INTERNAL_SETTLEMENT,2026-03-30,HIGH_UNQUALIFIED_RATE,SIMULATED
19529,Ocean Brook Ventures,DATA PARTNERS,202602,60122.649999999994,54110.38,6012.27,0.9,PENDING,BANK_TRANSFER,,,SIMULATED
19792,Sunset Port Ventures,DEALER,202602,60072.490000000005,54065.24,6007.25,0.9,PENDING,BANK_TRANSFER,,,SIMULATED
19504,Raven Leaf Trading,DATA PARTNERS,202602,59860.36999999999,53874.33,5986.04,0.9,PENDING,BANK_TRANSFER,,,SIMULATED
21260,Oak Crest Networks,CONNECT STORES,202602,59547.789999999986,53593.01,5954.78,0.9,PENDING,MTN_INTERNAL_SETTLEMENT,,,SIMULATED
345059,Ember Path Networks,PENTAGON FRANCHISE,202602,59391.51999999999,53452.37,5939.15,0.9,PENDING,BANK_TRANSFER,,,SIMULATED
355064,Raven Arc Ventures,PENTAGON FRANCHISE,202602,58604.58,52744.12,5860.46,0.9,PENDING,BANK_TRANSFER,,,SIMULATED
65036,Aspen Sky Trading,CONNECT HUB,202602,58604.499999999985,52744.05,5860.45,0.9,PENDING,MTN_INTERNAL_SETTLEMENT,,,SIMULATED
337090,Sunset Horizon Communications,PENTAGON FRANCHISE,202602,58448.20999999999,52603.39,5844.82,0.9,PENDING,BANK_TRANSFER,,,SIMULATED
19785,Stone Crest Ventures,DATA PARTNERS,202602,58029.72,52226.75,5802.97,0.9,PENDING,BANK_TRANSFER,,,SIMULATED
19897,Flint Grove Trading,CONNECT STORES,202602,57873.389999999985,52086.05,5787.34,0.9,PENDING,MTN_INTERNAL_SETTLEMENT,,,SIMULATED
19741,Indigo Crown Networks,CONNECT STORES,202602,56930.159999999996,51237.14,5693.02,0.9,PENDING,MTN_INTERNAL_SETTLEMENT,,,SIMULATED
19622,Ember Crest Networks,DATA PARTNERS,202602,56930.05999999998,51237.05,5693.01,0.9,PENDING,BANK_TRANSFER,,,SIMULATED
232043,River Wood Ventures,FIXED BROADBAND,202602,56773.80999999998,51096.43,5677.38,0.9,PENDING,BANK_TRANSFER,,,SIMULATED
19837,Jade Haven Trading,DATA PARTNERS,202602,56093.01999999999,50483.72,5609.3,0.9,PENDING,BANK_TRANSFER,,,SIMULATED
165043,Topaz Bridge Trading,CONNECT HUB,202602,55730.21999999999,50157.2,5573.02,0.9,PENDING,MTN_INTERNAL_SETTLEMENT,,,SIMULATED
65026,Stone Light Networks,DATA PARTNERS,202602,55518.03999999999,49966.24,5551.8,0.9,PENDING,BANK_TRANSFER,,,SIMULATED
349078,Raven Horizon Communications,PENTAGON FRANCHISE,202602,55361.729999999996,22144.69,33217.04,0.4,DISPUTED,BANK_TRANSFER,,CONFIRMED_MISMATCH,SIMULATED
20048,Teal Ridge Ventures,CONNECT STORES,202602,55255.67999999999,49730.11,5525.57,0.9,PENDING,MTN_INTERNAL_SETTLEMENT,,,SIMULATED
147031,Amber Lake Trading,CONNECT HUB,202602,55255.65999999999,49730.09,5525.57,0.9,PENDING,MTN_INTERNAL_SETTLEMENT,,,SIMULATED
19796,Jade Lake Communications,CONNECT STORES,202602,55049.23,49544.31,5504.92,0.9,PENDING,MTN_INTERNAL_SETTLEMENT,,,SIMULATED
186044,Silver Moon Ventures,FIXED BROADBAND,202602,54680.81999999999,49212.74,5468.08,0.9,PENDING,BANK_TRANSFER,,,SIMULATED
174047,Maple Wave Trading,ENTERPRISE BUSINESS,202602,54212.04999999999,48790.84,5421.21,0.9,PENDING,BANK_TRANSFER,,,SIMULATED
19779,Swift Stone Networks,DATA PARTNERS,202602,53843.71999999999,48459.35,5384.37,0.9,PENDING,BANK_TRANSFER,,,SIMULATED
19360,Swift Park Communications,DATA PARTNERS,202602,52744.05999999998,47469.65,5274.41,0.9,PENDING,BANK_TRANSFER,,,SIMULATED
213043,Quartz Trail Communications,ENTERPRISE BUSINESS,202602,52744.01999999998,47469.62,5274.4,0.9,PENDING,BANK_TRANSFER,,,SIMULATED
19682,Forest Vale Communications,CONNECT STORES,202602,52012.97,46811.67,5201.3,0.9,PENDING,MTN_INTERNAL_SETTLEMENT,,,SIMULATED
203044,Sage Arc Ventures,CONNECT STORES,202602,51856.69999999998,46671.03,5185.67,0.9,PENDING,MTN_INTERNAL_SETTLEMENT,,,SIMULATED
271053,Willow Stream Ventures,ENTERPRISE BUSINESS,202602,51544.14,46389.73,5154.41,0.9,PENDING,BANK_TRANSFER,,,SIMULATED
317059,Aspen Summit Ventures,FIXED BROADBAND,202602,51125.54999999999,46012.99,5112.56,0.9,PENDING,BANK_TRANSFER,,,SIMULATED
257067,Laurel Dale Ventures,ENTERPRISE BUSINESS,202602,51019.49999999999,45917.55,5101.95,0.9,PENDING,BANK_TRANSFER,,,SIMULATED
19895,Flint Grove Trading,CONNECT STORES,202602,50913.48999999999,45822.14,5091.35,0.9,PENDING,MTN_INTERNAL_SETTLEMENT,,,SIMULATED
19609,Topaz Leaf Networks,CONNECT STORES,202602,50182.31999999999,45164.09,5018.23,0.9,PENDING,MTN_INTERNAL_SETTLEMENT,,,SIMULATED
19916,Sage Dale Trading,DATA PARTNERS,202602,49919.899999999994,29951.94,19967.96,0.6,PARTIALLY_PAID,BANK_TRANSFER,2026-03-30,HIGH_UNQUALIFIED_RATE,SIMULATED
342067,Oak Wave Networks,PENTAGON FRANCHISE,202602,49763.67,19905.47,29858.2,0.4,DISPUTED,BANK_TRANSFER,,CONFIRMED_MISMATCH,SIMULATED
385085,Juniper Shore Communications,PENTAGON FRANCHISE,202602,49763.629999999976,44787.27,4976.36,0.9,PENDING,BANK_TRANSFER,,,SIMULATED
391085,Raven Point Ventures,ENTERPRISE BUSINESS,202602,49395.23999999999,44455.72,4939.52,0.9,PENDING,BANK_TRANSFER,,,SIMULATED
107031,Pearl Park Ventures,ENTERPRISE BUSINESS,202602,49395.21999999999,44455.7,4939.52,0.9,PENDING,BANK_TRANSFER,,,SIMULATED
19845,Willow Horizon Networks,CONNECT STORES,202602,49345.05999999998,44410.55,4934.51,0.9,PENDING,MTN_INTERNAL_SETTLEMENT,,,SIMULATED
65030,Ivory Brook Communications,DATA PARTNERS,202602,49238.97,44315.07,4923.9,0.9,PENDING,BANK_TRANSFER,,,SIMULATED
19921,Sunset Path Trading,CONNECT STORES,202602,48613.909999999996,29168.35,19445.56,0.6,PARTIALLY_PAID,MTN_INTERNAL_SETTLEMENT,2026-03-30,HIGH_UNQUALIFIED_RATE,SIMULATED
19740,Indigo Crown Networks,CONNECT STORES,202602,48558.07999999999,43702.27,4855.81,0.9,PENDING,MTN_INTERNAL_SETTLEMENT,,,SIMULATED
206069,Willow Lake Communications,ENTERPRISE BUSINESS,202602,48557.999999999985,43702.2,4855.8,0.9,PENDING,BANK_TRANSFER,,,SIMULATED
19646,Rowan Wind Trading,DEALER,202602,47670.65999999999,28602.4,19068.26,0.6,PARTIALLY_PAID,BANK_TRANSFER,2026-03-30,HIGH_UNQUALIFIED_RATE,SIMULATED
19642,Birch Meadow Communications,CONNECT STORES,202602,47252.009999999995,28351.21,18900.8,0.6,PARTIALLY_PAID,MTN_INTERNAL_SETTLEMENT,2026-03-30,HIGH_UNQUALIFIED_RATE,SIMULATED
329066,Jade Star Ventures,PENTAGON FRANCHISE,202602,46883.57999999999,42195.22,4688.36,0.9,PENDING,BANK_TRANSFER,,,SIMULATED
19901,Linden Valley Ventures,CONNECT STORES,202602,46727.329999999994,42054.6,4672.73,0.9,PENDING,MTN_INTERNAL_SETTLEMENT,,,SIMULATED
19408,Sunset Wood Networks,DEALER,202602,46520.899999999994,41868.81,4652.09,0.9,PENDING,BANK_TRANSFER,,,SIMULATED
160046,Aspen Sky Trading,CONNECT HUB,202602,46308.84,41677.96,4630.88,0.9,PENDING,MTN_INTERNAL_SETTLEMENT,,,SIMULATED
19425,Hazel View Trading,DATA PARTNERS,202602,46258.55999999998,41632.7,4625.86,0.9,PENDING,BANK_TRANSFER,,,SIMULATED
441144,Teal Field Ventures,PENTAGON FRANCHISE,202602,46102.31,41492.08,4610.23,0.9,PENDING,BANK_TRANSFER,,,SIMULATED
21256,Oak Crest Networks,CONNECT STORES,202602,45627.88999999999,41065.1,4562.79,0.9,PENDING,MTN_INTERNAL_SETTLEMENT,,,SIMULATED
19590,Spruce Brook Trading,DATA PARTNERS,202602,45627.81,41065.03,4562.78,0.9,PENDING,BANK_TRANSFER,,,SIMULATED
19795,Jade Lake Communications,CONNECT STORES,202602,45627.78999999999,41065.01,4562.78,0.9,PENDING,MTN_INTERNAL_SETTLEMENT,,,SIMULATED
162044,Jade Lake Communications,CONNECT HUB,202602,45627.76999999999,41064.99,4562.78,0.9,PENDING,MTN_INTERNAL_SETTLEMENT,,,SIMULATED
255051,Hazel Leaf Trading,PENTAGON FRANCHISE,202602,45209.2,40688.28,4520.92,0.9,PENDING,BANK_TRANSFER,,,SIMULATED
71031,Forest Bridge Networks,DATA PARTNERS,202602,44896.67999999998,40407.01,4489.67,0.9,PENDING,BANK_TRANSFER,,,SIMULATED
84621,Cedar Haven Trading,FIXED BROADBAND,202602,44896.67999999998,40407.01,4489.67,0.9,PENDING,BANK_TRANSFER,,,SIMULATED
206053,Raven Arc Ventures,ENTERPRISE BUSINESS,202602,44790.68999999999,40311.62,4479.07,0.9,PENDING,BANK_TRANSFER,,,SIMULATED
19406,Ocean Leaf Networks,DATA PARTNERS,202602,44215.72999999998,39794.16,4421.57,0.9,PENDING,BANK_TRANSFER,,,SIMULATED
19919,Sunset Path Trading,CONNECT STORES,202602,44165.53,39748.98,4416.55,0.9,PENDING,MTN_INTERNAL_SETTLEMENT,,,SIMULATED
19834,Flint Port Ventures,CONNECT STORES,202602,43953.42999999999,39558.09,4395.34,0.9,PENDING,MTN_INTERNAL_SETTLEMENT,,,SIMULATED
19332,Ruby Brook Communications,DATA PARTNERS,202602,43534.759999999995,39181.28,4353.48,0.9,PENDING,BANK_TRANSFER,,,SIMULATED
357062,Golden Vale Trading,ENTERPRISE BUSINESS,202602,43484.57999999999,39136.12,4348.46,0.9,PENDING,BANK_TRANSFER,,,SIMULATED
19675,Dawn Path Ventures,DATA PARTNERS,202602,42697.56,38427.8,4269.76,0.9,PENDING,BANK_TRANSFER,,,SIMULATED
265053,Pearl Park Ventures,FIXED BROADBAND,202602,42697.539999999986,38427.79,4269.75,0.9,PENDING,BANK_TRANSFER,,,SIMULATED
19913,Forest Lake Ventures,DEALER,202602,42541.38999999999,38287.25,4254.14,0.9,PENDING,BANK_TRANSFER,,,SIMULATED
19488,Crystal Summit Networks,DATA PARTNERS,202602,42122.779999999984,37910.5,4212.28,0.9,PENDING,BANK_TRANSFER,,,SIMULATED
19495,Teal Isle Trading,CONNECT STORES,202602,41860.380000000005,37674.34,4186.04,0.9,PENDING,MTN_INTERNAL_SETTLEMENT,,,SIMULATED
19732,Hazel Wood Communications,DATA PARTNERS,202602,41704.11,37533.7,4170.41,0.9,PENDING,BANK_TRANSFER,,,SIMULATED
19434,Crystal Leaf Ventures,DATA PARTNERS,202602,41547.87999999999,37393.09,4154.79,0.9,PENDING,BANK_TRANSFER,,,SIMULATED
379092,Azure Trail Networks,PENTAGON FRANCHISE,202602,41547.81999999999,37393.04,4154.78,0.9,PENDING,BANK_TRANSFER,,,SIMULATED
19330,Golden Crown Trading,DATA PARTNERS,202602,41441.77,37297.59,4144.18,0.9,PENDING,BANK_TRANSFER,,,SIMULATED
310067,Aspen Sky Communications,PENTAGON FRANCHISE,202602,41441.75,37297.58,4144.17,0.9,PENDING,BANK_TRANSFER,,,SIMULATED
19368,Jade Point Trading,CONNECT STORES,202602,41441.729999999996,24865.04,16576.69,0.6,PARTIALLY_PAID,MTN_INTERNAL_SETTLEMENT,2026-03-30,HIGH_UNQUALIFIED_RATE,SIMULATED
342077,Teal Stream Networks,PENTAGON FRANCHISE,202602,41285.5,37156.95,4128.55,0.9,PENDING,BANK_TRANSFER,,,SIMULATED
197043,Forest Delta Ventures,FIXED BROADBAND,202602,40972.979999999996,36875.68,4097.3,0.9,PENDING,BANK_TRANSFER,,,SIMULATED
19619,Golden Moon Communications,CONNECT STORES,202602,40972.95999999999,24583.78,16389.18,0.6,PARTIALLY_PAID,MTN_INTERNAL_SETTLEMENT,2026-03-30,HIGH_UNQUALIFIED_RATE,SIMULATED
19579,Topaz Bridge Trading,CONNECT STORES,202602,39717.20999999999,35745.49,3971.72,0.9,PENDING,MTN_INTERNAL_SETTLEMENT,,,SIMULATED
19435,Spruce Moon Trading,DATA PARTNERS,202602,39611.09999999999,35649.99,3961.11,0.9,PENDING,BANK_TRANSFER,,,SIMULATED
20046,Teal Ridge Ventures,DEALER,202602,39454.84999999999,35509.36,3945.49,0.9,PENDING,BANK_TRANSFER,,,SIMULATED
253047,Raven Moon Communications,ENTERPRISE BUSINESS,202602,39454.80999999998,35509.33,3945.48,0.9,PENDING,BANK_TRANSFER,,,SIMULATED
26035,Ember Grove Communications,DATA PARTNERS,202602,39192.53,35273.28,3919.25,0.9,PENDING,BANK_TRANSFER,,,SIMULATED
26037,Crystal Stream Networks,DATA PARTNERS,202602,39192.53,35273.28,3919.25,0.9,PENDING,BANK_TRANSFER,,,SIMULATED
295081,River Moon Networks,PENTAGON FRANCHISE,202602,38930.130000000005,35037.12,3893.01,0.9,PENDING,BANK_TRANSFER,,,SIMULATED
19718,Juniper Brook Ventures,DEALER,202602,38511.57999999999,34660.42,3851.16,0.9,PENDING,BANK_TRANSFER,,,SIMULATED
19461,Orchid View Networks,CONNECT STORES,202602,38511.53999999999,34660.39,3851.15,0.9,PENDING,MTN_INTERNAL_SETTLEMENT,,,SIMULATED
65027,Coral Trail Ventures,DATA PARTNERS,202602,38511.539999999986,34660.39,3851.15,0.9,PENDING,BANK_TRANSFER,,,SIMULATED
19813,Harbor Sky Communications,DATA PARTNERS,202602,38511.51999999999,34660.37,3851.15,0.9,PENDING,BANK_TRANSFER,,,SIMULATED
19347,Jade Arc Trading,CONNECT STORES,202602,38199.02,22919.41,15279.61,0.6,PARTIALLY_PAID,MTN_INTERNAL_SETTLEMENT,2026-03-30,HIGH_UNQUALIFIED_RATE,SIMULATED
365080,Willow Brook Networks,PENTAGON FRANCHISE,202602,37780.42999999999,34002.39,3778.04,0.9,PENDING,BANK_TRANSFER,,,SIMULATED
393086,Swift Wave Communications,PENTAGON FRANCHISE,202602,37780.42999999999,34002.39,3778.04,0.9,PENDING,BANK_TRANSFER,,,SIMULATED
19893,Juniper Path Ventures,DATA PARTNERS,202602,37780.409999999996,34002.37,3778.04,0.9,PENDING,BANK_TRANSFER,,,SIMULATED
332062,Laurel Coast Communications,PENTAGON FRANCHISE,202602,36837.09999999999,33153.39,3683.71,0.9,PENDING,BANK_TRANSFER,,,SIMULATED
400090,Rowan Port Trading,PENTAGON FRANCHISE,202602,36680.85,33012.76,3668.09,0.9,PENDING,BANK_TRANSFER,,,SIMULATED
74055,Sunset Path Trading,CONNECT STORES,202602,36630.67,32967.6,3663.07,0.9,PENDING,MTN_INTERNAL_SETTLEMENT,,,SIMULATED
19436,Birch Dale Communications,CONNECT STORES,202602,36418.49,21851.09,14567.4,0.6,PARTIALLY_PAID,MTN_INTERNAL_SETTLEMENT,2026-03-30,HIGH_UNQUALIFIED_RATE,SIMULATED
19484,Coral Wood Communications,DATA PARTNERS,202602,36262.31999999999,32636.09,3626.23,0.9,PENDING,BANK_TRANSFER,,,SIMULATED
65032,Orchid View Networks,CONNECT HUB,202602,36212.08,32590.87,3621.21,0.9,PENDING,MTN_INTERNAL_SETTLEMENT,,,SIMULATED
21240,Harbor Meadow Networks,DATA PARTNERS,202602,36106.04999999999,32495.44,3610.61,0.9,PENDING,BANK_TRANSFER,,,SIMULATED
19912,Fern Brook Ventures,DATA PARTNERS,202602,36105.98999999999,32495.39,3610.6,0.9,PENDING,BANK_TRANSFER,,,SIMULATED
19815,Willow Lake Communications,DEALER,202602,35999.92,32399.93,3599.99,0.9,PENDING,BANK_TRANSFER,,,SIMULATED
393087,Crystal Park Ventures,PENTAGON FRANCHISE,202602,35687.4,32118.66,3568.74,0.9,PENDING,BANK_TRANSFER,,,SIMULATED
310068,Crystal Grove Trading,PENTAGON FRANCHISE,202602,35531.12999999999,31978.02,3553.11,0.9,PENDING,BANK_TRANSFER,,,SIMULATED
19640,Teal Haven Trading,DATA PARTNERS,202602,35162.73999999999,31646.47,3516.27,0.9,PENDING,BANK_TRANSFER,,,SIMULATED
19994,Teal Port Networks,ENTERPRISE BUSINESS,202602,35162.7,31646.43,3516.27,0.9,PENDING,BANK_TRANSFER,,,SIMULATED
19503,Linden Path Networks,DATA PARTNERS,202602,34325.49999999999,30892.95,3432.55,0.9,PENDING,BANK_TRANSFER,,,SIMULATED
180043,Orchid View Networks,CONNECT HUB,202602,33750.619999999995,30375.56,3375.06,0.9,PENDING,MTN_INTERNAL_SETTLEMENT,,,SIMULATED
19782,Raven Isle Communications,DEALER,202602,33175.76,29858.18,3317.58,0.9,PENDING,BANK_TRANSFER,,,SIMULATED
19695,Jade Park Ventures,DEALER,202602,33069.729999999996,29762.76,3306.97,0.9,PENDING,BANK_TRANSFER,,,SIMULATED
325070,Birch Wave Ventures,PENTAGON FRANCHISE,202602,33069.69,29762.72,3306.97,0.9,PENDING,BANK_TRANSFER,,,SIMULATED
19508,River Stream Networks,DATA PARTNERS,202602,33069.69,29762.72,3306.97,0.9,PENDING,BANK_TRANSFER,,,SIMULATED
361063,Pine Delta Communications,PENTAGON FRANCHISE,202602,33019.509999999995,29717.56,3301.95,0.9,PENDING,BANK_TRANSFER,,,SIMULATED
379094,Indigo Wind Trading,ENTERPRISE BUSINESS,202602,32863.24,19717.94,13145.3,0.6,PARTIALLY_PAID,BANK_TRANSFER,2026-03-30,HIGH_UNQUALIFIED_RATE,SIMULATED
365127,Ivory Peak Networks,PENTAGON FRANCHISE,202602,32863.24,29576.92,3286.32,0.9,PENDING,BANK_TRANSFER,,,SIMULATED
319059,Dawn Wind Trading,PENTAGON FRANCHISE,202602,32863.24,29576.92,3286.32,0.9,PENDING,BANK_TRANSFER,,,SIMULATED
295084,Stone Leaf Networks,PENTAGON FRANCHISE,202602,32651.120000000003,29386.01,3265.11,0.9,PENDING,BANK_TRANSFER,,,SIMULATED
349076,Hazel Coast Trading,PENTAGON FRANCHISE,202602,32651.08,29385.97,3265.11,0.9,PENDING,BANK_TRANSFER,,,SIMULATED
334059,Harbor Moon Ventures,PENTAGON FRANCHISE,202602,32494.809999999998,29245.33,3249.48,0.9,PENDING,BANK_TRANSFER,,,SIMULATED
311059,Winter Horizon Trading,PENTAGON FRANCHISE,202602,32232.549999999996,29009.29,3223.26,0.9,PENDING,BANK_TRANSFER,,,SIMULATED
19753,Dawn Dale Networks,DATA PARTNERS,202602,32232.53000000001,29009.28,3223.25,0.9,PENDING,BANK_TRANSFER,,,SIMULATED
296075,Amber Isle Networks,PENTAGON FRANCHISE,202602,32232.489999999998,29009.24,3223.25,0.9,PENDING,BANK_TRANSFER,,,SIMULATED
113032,Amber Beacon Trading,CONNECT HUB,202602,32076.24,28868.62,3207.62,0.9,PENDING,MTN_INTERNAL_SETTLEMENT,,,SIMULATED
19450,Quartz Isle Networks,CONNECT STORES,202602,31919.950000000004,28727.96,3191.99,0.9,PENDING,MTN_INTERNAL_SETTLEMENT,,,SIMULATED
19337,Sunset Stone Networks,CONNECT STORES,202602,31813.920000000002,28632.53,3181.39,0.9,PENDING,MTN_INTERNAL_SETTLEMENT,,,SIMULATED
19544,Aspen View Networks,DATA PARTNERS,202602,31657.63,12663.05,18994.58,0.4,DISPUTED,BANK_TRANSFER,,CONFIRMED_MISMATCH,SIMULATED
26036,Hazel Ridge Networks,DATA PARTNERS,202602,31239.04,28115.14,3123.9,0.9,PENDING,BANK_TRANSFER,,,SIMULATED
19353,Stone Dale Networks,DATA PARTNERS,202602,31239.019999999997,28115.12,3123.9,0.9,PENDING,BANK_TRANSFER,,,SIMULATED
19639,Coral Shore Communications,DATA PARTNERS,202602,30820.390000000003,27738.35,3082.04,0.9,PENDING,BANK_TRANSFER,,,SIMULATED
21247,Linden Hill Communications,DATA PARTNERS,202602,30558.070000000007,27502.26,3055.81,0.9,PENDING,BANK_TRANSFER,,,SIMULATED
19386,Pearl Park Trading,DEALER,202602,30558.070000000003,27502.26,3055.81,0.9,PENDING,BANK_TRANSFER,,,SIMULATED
353069,Opal Brook Networks,PENTAGON FRANCHISE,202602,30558.050000000003,27502.25,3055.8,0.9,PENDING,BANK_TRANSFER,,,SIMULATED
19399,Harbor Moon Communications,CONNECT STORES,202602,30245.569999999996,27221.01,3024.56,0.9,PENDING,MTN_INTERNAL_SETTLEMENT,,,SIMULATED
19803,Harbor Shore Ventures,DEALER,202602,30245.55,27220.99,3024.56,0.9,PENDING,BANK_TRANSFER,,,SIMULATED
19631,Coral Point Ventures,CONNECT STORES,202602,30245.53000000001,27220.98,3024.55,0.9,PENDING,MTN_INTERNAL_SETTLEMENT,,,SIMULATED
373071,Meadow Hill Ventures,PENTAGON FRANCHISE,202602,30245.53,27220.98,3024.55,0.9,PENDING,BANK_TRANSFER,,,SIMULATED
19941,Olive Point Ventures,DEALER,202602,30139.46,27125.51,3013.95,0.9,PENDING,BANK_TRANSFER,,,SIMULATED
287073,Pine Bay Networks,PENTAGON FRANCHISE,202602,29983.210000000003,26984.89,2998.32,0.9,PENDING,BANK_TRANSFER,,,SIMULATED
19385,Pearl Park Trading,DEALER,202602,29720.87000000001,26748.78,2972.09,0.9,PENDING,BANK_TRANSFER,,,SIMULATED
113047,Quartz Crown Networks,CONNECT HUB,202602,29670.67,26703.6,2967.07,0.9,PENDING,MTN_INTERNAL_SETTLEMENT,,,SIMULATED
19389,Sage Crown Communications,DATA PARTNERS,202602,29564.620000000003,26608.16,2956.46,0.9,PENDING,BANK_TRANSFER,,,SIMULATED
19502,Swift Stone Ventures,DATA PARTNERS,202602,29564.600000000006,26608.14,2956.46,0.9,PENDING,BANK_TRANSFER,,,SIMULATED
325062,Indigo Lake Trading,PENTAGON FRANCHISE,202602,29564.579999999998,26608.12,2956.46,0.9,PENDING,BANK_TRANSFER,,,SIMULATED
19950,Jade Brook Communications,DATA PARTNERS,202602,29302.260000000002,26372.03,2930.23,0.9,PENDING,BANK_TRANSFER,,,SIMULATED
19775,Fern Valley Ventures,DATA PARTNERS,202602,28989.719999999998,26090.75,2898.97,0.9,PENDING,BANK_TRANSFER,,,SIMULATED
351060,Amber Meadow Ventures,ENTERPRISE BUSINESS,202602,28883.650000000005,25995.29,2888.36,0.9,PENDING,BANK_TRANSFER,,,SIMULATED
430145,Amber Leaf Networks,PENTAGON FRANCHISE,202602,28883.63000000001,25995.27,2888.36,0.9,PENDING,BANK_TRANSFER,,,SIMULATED
294094,Meadow Dale Trading,PENTAGON FRANCHISE,202602,28883.629999999997,25995.27,2888.36,0.9,PENDING,BANK_TRANSFER,,,SIMULATED
19780,Ivory Vale Ventures,DATA PARTNERS,202602,28046.43,25241.79,2804.64,0.9,PENDING,BANK_TRANSFER,,,SIMULATED
21280,Maple Meadow Trading,DEALER,202602,27890.179999999997,25101.16,2789.02,0.9,PENDING,BANK_TRANSFER,,,SIMULATED
21257,Oak Crest Networks,CONNECT STORES,202602,27627.899999999998,24865.11,2762.79,0.9,PENDING,MTN_INTERNAL_SETTLEMENT,,,SIMULATED
19530,Silver Dale Ventures,DATA PARTNERS,202602,27627.840000000004,24865.06,2762.78,0.9,PENDING,BANK_TRANSFER,,,SIMULATED
344068,River Wood Ventures,PENTAGON FRANCHISE,202602,27627.820000000007,24865.04,2762.78,0.9,PENDING,BANK_TRANSFER,,,SIMULATED
328064,Orchid Dale Communications,PENTAGON FRANCHISE,202602,27627.820000000003,24865.04,2762.78,0.9,PENDING,BANK_TRANSFER,,,SIMULATED
19496,Teal Isle Trading,CONNECT STORES,202602,27471.569999999996,24724.41,2747.16,0.9,PENDING,MTN_INTERNAL_SETTLEMENT,,,SIMULATED
311073,Pine Bridge Trading,PENTAGON FRANCHISE,202602,27315.32,24583.79,2731.53,0.9,PENDING,BANK_TRANSFER,,,SIMULATED
19713,Aspen Delta Networks,DATA PARTNERS,202602,27052.960000000003,24347.66,2705.3,0.9,PENDING,BANK_TRANSFER,,,SIMULATED
19567,Teal Ridge Trading,DATA PARTNERS,202602,26790.72,24111.65,2679.07,0.9,PENDING,BANK_TRANSFER,,,SIMULATED
290072,Linden Light Ventures,PENTAGON FRANCHISE,202602,26790.640000000007,24111.58,2679.06,0.9,PENDING,BANK_TRANSFER,,,SIMULATED
19674,Laurel Trail Trading,DATA PARTNERS,202602,26790.640000000007,24111.58,2679.06,0.9,PENDING,BANK_TRANSFER,,,SIMULATED
296060,Opal Ridge Communications,PENTAGON FRANCHISE,202602,26790.620000000003,24111.56,2679.06,0.9,PENDING,BANK_TRANSFER,,,SIMULATED
19438,Birch Dale Communications,CONNECT STORES,202602,26790.620000000003,16074.37,10716.25,0.6,PARTIALLY_PAID,MTN_INTERNAL_SETTLEMENT,2026-03-30,HIGH_UNQUALIFIED_RATE,SIMULATED
19527,Hazel Sky Trading,CONNECT STORES,202602,26790.62,24111.56,2679.06,0.9,PENDING,MTN_INTERNAL_SETTLEMENT,,,SIMULATED
26034,Forest Sky Trading,DATA PARTNERS,202602,26634.370000000003,23970.93,2663.44,0.9,PENDING,BANK_TRANSFER,,,SIMULATED
360059,Crystal Arc Ventures,PENTAGON FRANCHISE,202602,26478.12,23830.31,2647.81,0.9,PENDING,BANK_TRANSFER,,,SIMULATED
19923,Sunset Path Trading,CONNECT STORES,202602,26372.07,23734.86,2637.21,0.9,PENDING,MTN_INTERNAL_SETTLEMENT,,,SIMULATED
19659,Cedar Point Trading,DATA PARTNERS,202602,26372.010000000006,23734.81,2637.2,0.9,PENDING,BANK_TRANSFER,,,SIMULATED
342073,Ember Reach Ventures,PENTAGON FRANCHISE,202602,26372.010000000002,23734.81,2637.2,0.9,PENDING,BANK_TRANSFER,,,SIMULATED
205043,Sage Arc Ventures,CONNECT STORES,202602,26372.01,15823.21,10548.8,0.6,PARTIALLY_PAID,MTN_INTERNAL_SETTLEMENT,2026-03-30,HIGH_UNQUALIFIED_RATE,SIMULATED
19394,Pine Lake Ventures,CONNECT STORES,202602,26321.85,15793.11,10528.74,0.6,PARTIALLY_PAID,MTN_INTERNAL_SETTLEMENT,2026-03-30,HIGH_UNQUALIFIED_RATE,SIMULATED
295092,Linden Star Communications,PENTAGON FRANCHISE,202602,25953.420000000006,23358.08,2595.34,0.9,PENDING,BANK_TRANSFER,,,SIMULATED
19831,Pearl Horizon Communications,DATA PARTNERS,202602,25797.189999999995,23217.47,2579.72,0.9,PENDING,BANK_TRANSFER,,,SIMULATED
294064,River Star Communications,PENTAGON FRANCHISE,202602,25797.15,23217.44,2579.71,0.9,PENDING,BANK_TRANSFER,,,SIMULATED
345066,Oak Star Ventures,PENTAGON FRANCHISE,202602,25797.149999999998,23217.43,2579.72,0.9,PENDING,BANK_TRANSFER,,,SIMULATED
350060,Amber Hill Trading,PENTAGON FRANCHISE,202602,25640.899999999998,23076.81,2564.09,0.9,PENDING,BANK_TRANSFER,,,SIMULATED
19672,Maple Beacon Trading,DATA PARTNERS,202602,25534.830000000005,22981.35,2553.48,0.9,PENDING,BANK_TRANSFER,,,SIMULATED
19410,Opal Grove Ventures,DATA PARTNERS,202602,25534.810000000005,22981.33,2553.48,0.9,PENDING,BANK_TRANSFER,,,SIMULATED
19524,Flint Isle Trading,DATA PARTNERS,202602,25378.56,22840.7,2537.86,0.9,PENDING,BANK_TRANSFER,,,SIMULATED
19472,Laurel Horizon Communications,DATA PARTNERS,202602,25116.26,22604.63,2511.63,0.9,PENDING,BANK_TRANSFER,,,SIMULATED
310071,Sage Glen Trading,PENTAGON FRANCHISE,202602,25116.200000000004,22604.58,2511.62,0.9,PENDING,BANK_TRANSFER,,,SIMULATED
113033,Pearl Beacon Communications,CONNECT HUB,202602,25116.200000000004,22604.58,2511.62,0.9,PENDING,MTN_INTERNAL_SETTLEMENT,,,SIMULATED
351059,Flint Leaf Trading,PENTAGON FRANCHISE,202602,24803.699999999997,22323.33,2480.37,0.9,PENDING,BANK_TRANSFER,,,SIMULATED
19804,Harbor Shore Ventures,DEALER,202602,24697.65,22227.89,2469.76,0.9,PENDING,BANK_TRANSFER,,,SIMULATED
19591,Golden Spring Communications,CONNECT STORES,202602,24647.43,14788.46,9858.97,0.6,PARTIALLY_PAID,MTN_INTERNAL_SETTLEMENT,2026-03-30,HIGH_UNQUALIFIED_RATE,SIMULATED
19541,Aspen Dale Ventures,CONNECT STORES,202602,24647.43,22182.69,2464.74,0.9,PENDING,MTN_INTERNAL_SETTLEMENT,,,SIMULATED
357096,Crystal Leaf Trading,PENTAGON FRANCHISE,202602,24541.379999999997,22087.24,2454.14,0.9,PENDING,BANK_TRANSFER,,,SIMULATED
95038,Spruce Point Communications,FIXED BROADBAND,202602,24541.34,22087.21,2454.13,0.9,PENDING,BANK_TRANSFER,,,SIMULATED
19686,Ivory Stone Communications,CONNECT STORES,202602,24279.04,21851.14,2427.9,0.9,PENDING,MTN_INTERNAL_SETTLEMENT,,,SIMULATED
19866,Willow Beacon Ventures,DATA PARTNERS,202602,24279.02,21851.12,2427.9,0.9,PENDING,BANK_TRANSFER,,,SIMULATED
115041,Flint Stone Ventures,ENTERPRISE BUSINESS,202602,24279.000000000004,21851.1,2427.9,0.9,PENDING,BANK_TRANSFER,,,SIMULATED
19483,Pine Ridge Ventures,DATA PARTNERS,202602,24279.0,21851.1,2427.9,0.9,PENDING,BANK_TRANSFER,,,SIMULATED
20041,Olive Stream Ventures,DATA PARTNERS,202602,23966.479999999996,21569.83,2396.65,0.9,PENDING,BANK_TRANSFER,,,SIMULATED
19424,Fern Park Communications,DATA PARTNERS,202602,23860.430000000004,9544.17,14316.26,0.4,DISPUTED,BANK_TRANSFER,,CONFIRMED_MISMATCH,SIMULATED
19847,Forest Ridge Communications,DATA PARTNERS,202602,23860.390000000007,21474.35,2386.04,0.9,PENDING,BANK_TRANSFER,,,SIMULATED
19578,Topaz Bridge Trading,CONNECT STORES,202602,23860.39,21474.35,2386.04,0.9,PENDING,MTN_INTERNAL_SETTLEMENT,,,SIMULATED
19692,Laurel Grove Trading,DATA PARTNERS,202602,23704.160000000003,21333.74,2370.42,0.9,PENDING,BANK_TRANSFER,,,SIMULATED
325064,Opal Ridge Communications,ENTERPRISE BUSINESS,202602,23547.89,21193.1,2354.79,0.9,PENDING,BANK_TRANSFER,,,SIMULATED
19322,Ember Coast Trading,DEALER,202602,23547.889999999996,21193.1,2354.79,0.9,PENDING,BANK_TRANSFER,,,SIMULATED
347066,Aspen Glen Communications,FIXED BROADBAND,202602,23441.82,21097.64,2344.18,0.9,PENDING,BANK_TRANSFER,,,SIMULATED
19469,Jade Spring Ventures,DATA PARTNERS,202602,23129.280000000006,20816.35,2312.93,0.9,PENDING,BANK_TRANSFER,,,SIMULATED
19568,Rowan Light Communications,CONNECT STORES,202602,23023.19,13813.91,9209.28,0.6,PARTIALLY_PAID,MTN_INTERNAL_SETTLEMENT,2026-03-30,HIGH_UNQUALIFIED_RATE,SIMULATED
19407,Sunset Wood Networks,DEALER,202602,22710.67,20439.6,2271.07,0.9,PENDING,BANK_TRANSFER,,,SIMULATED
284087,Fern Meadow Ventures,PENTAGON FRANCHISE,202602,22604.600000000002,20344.14,2260.46,0.9,PENDING,BANK_TRANSFER,,,SIMULATED
311064,Cedar Stone Communications,PENTAGON FRANCHISE,202602,22604.600000000002,20344.14,2260.46,0.9,PENDING,BANK_TRANSFER,,,SIMULATED
21217,Silver Grove Communications,ENTERPRISE BUSINESS,202602,22604.6,20344.14,2260.46,0.9,PENDING,BANK_TRANSFER,,,SIMULATED
239047,Aspen Wind Networks,FIXED BROADBAND,202602,22604.6,9041.84,13562.76,0.4,DISPUTED,BANK_TRANSFER,,CONFIRMED_MISMATCH,SIMULATED
19627,Coral Point Ventures,CONNECT STORES,202602,22604.580000000005,13562.75,9041.83,0.6,PARTIALLY_PAID,MTN_INTERNAL_SETTLEMENT,2026-03-30,HIGH_UNQUALIFIED_RATE,SIMULATED
347062,Harbor Field Networks,ENTERPRISE BUSINESS,202602,22604.580000000005,20344.12,2260.46,0.9,PENDING,BANK_TRANSFER,,,SIMULATED
255072,Olive Wave Ventures,CONNECT HUB,202602,22448.329999999998,20203.5,2244.83,0.9,PENDING,MTN_INTERNAL_SETTLEMENT,,,SIMULATED
19716,Topaz Hill Communications,DATA PARTNERS,202602,22186.030000000002,19967.43,2218.6,0.9,PENDING,BANK_TRANSFER,,,SIMULATED
19814,Winter Stone Trading,DATA PARTNERS,202602,22029.739999999998,19826.77,2202.97,0.9,PENDING,BANK_TRANSFER,,,SIMULATED
19905,Linden Valley Ventures,CONNECT STORES,202602,21767.420000000002,19590.68,2176.74,0.9,PENDING,MTN_INTERNAL_SETTLEMENT,,,SIMULATED
296078,Juniper Light Networks,PENTAGON FRANCHISE,202602,21767.380000000005,19590.64,2176.74,0.9,PENDING,BANK_TRANSFER,,,SIMULATED
350061,Olive Stream Ventures,PENTAGON FRANCHISE,202602,21767.38,19590.64,2176.74,0.9,PENDING,BANK_TRANSFER,,,SIMULATED
129045,Orchid Glen Networks,ENTERPRISE BUSINESS,202602,21454.859999999997,19309.37,2145.49,0.9,PENDING,BANK_TRANSFER,,,SIMULATED
20020,Maple Wave Trading,DATA PARTNERS,202602,21348.81,19213.93,2134.88,0.9,PENDING,BANK_TRANSFER,,,SIMULATED
19679,Olive Stone Communications,DATA PARTNERS,202602,21348.79,19213.91,2134.88,0.9,PENDING,BANK_TRANSFER,,,SIMULATED
19464,Orchid View Networks,CONNECT STORES,202602,21348.770000000004,19213.89,2134.88,0.9,PENDING,MTN_INTERNAL_SETTLEMENT,,,SIMULATED
423159,Raven Moon Communications,PENTAGON FRANCHISE,202602,21348.77,19213.89,2134.88,0.9,PENDING,BANK_TRANSFER,,,SIMULATED
19595,Olive Wave Ventures,CONNECT STORES,202602,21348.77,12809.26,8539.51,0.6,PARTIALLY_PAID,MTN_INTERNAL_SETTLEMENT,2026-03-30,HIGH_UNQUALIFIED_RATE,SIMULATED
310070,Silver Path Trading,PENTAGON FRANCHISE,202602,21348.77,19213.89,2134.88,0.9,PENDING,BANK_TRANSFER,,,SIMULATED
349067,Winter Arc Networks,PENTAGON FRANCHISE,202602,21348.77,19213.89,2134.88,0.9,PENDING,BANK_TRANSFER,,,SIMULATED
379096,Meadow Path Ventures,PENTAGON FRANCHISE,202602,21036.269999999997,18932.64,2103.63,0.9,PENDING,BANK_TRANSFER,,,SIMULATED
295079,Maple Grove Networks,PENTAGON FRANCHISE,202602,20930.18,18837.16,2093.02,0.9,PENDING,BANK_TRANSFER,,,SIMULATED
240047,Jade View Ventures,ENTERPRISE BUSINESS,202602,20773.93,18696.54,2077.39,0.9,PENDING,BANK_TRANSFER,,,SIMULATED
357091,Willow Delta Communications,PENTAGON FRANCHISE,202602,20773.910000000003,18696.52,2077.39,0.9,PENDING,BANK_TRANSFER,,,SIMULATED
45025,Sage Sky Trading,DATA PARTNERS,202602,20511.59,18460.43,2051.16,0.9,PENDING,BANK_TRANSFER,,,SIMULATED
19833,Flint Port Ventures,CONNECT STORES,202602,20511.59,12306.95,8204.64,0.6,PARTIALLY_PAID,MTN_INTERNAL_SETTLEMENT,2026-03-30,HIGH_UNQUALIFIED_RATE,SIMULATED
19518,Harbor Lake Networks,DATA PARTNERS,202602,20511.570000000003,18460.41,2051.16,0.9,PENDING,BANK_TRANSFER,,,SIMULATED
19867,Azure Isle Trading,DATA PARTNERS,202602,20511.57,18460.41,2051.16,0.9,PENDING,BANK_TRANSFER,,,SIMULATED
357069,Dawn Lake Networks,PENTAGON FRANCHISE,202602,20355.32,18319.79,2035.53,0.9,PENDING,BANK_TRANSFER,,,SIMULATED
19697,Birch Bay Communications,DATA PARTNERS,202602,20093.0,8037.2,12055.8,0.4,DISPUTED,BANK_TRANSFER,,CONFIRMED_MISMATCH,SIMULATED
19540,Aspen Dale Ventures,CONNECT STORES,202602,20092.980000000003,18083.68,2009.3,0.9,PENDING,MTN_INTERNAL_SETTLEMENT,,,SIMULATED
313064,Golden Meadow Communications,PENTAGON FRANCHISE,202602,20092.98,18083.68,2009.3,0.9,PENDING,BANK_TRANSFER,,,SIMULATED
79042,Harbor Grove Networks,FIXED BROADBAND,202602,19674.370000000003,17706.93,1967.44,0.9,PENDING,BANK_TRANSFER,,,SIMULATED
19486,Flint Brook Communications,DATA PARTNERS,202602,19674.37,17706.93,1967.44,0.9,PENDING,BANK_TRANSFER,,,SIMULATED
20044,Teal Ridge Ventures,DEALER,202602,19674.369999999995,17706.93,1967.44,0.9,PENDING,BANK_TRANSFER,,,SIMULATED
19416,Harbor Ridge Trading,DATA PARTNERS,202602,19518.12,17566.31,1951.81,0.9,PENDING,BANK_TRANSFER,,,SIMULATED
353066,Crystal Stream Networks,PENTAGON FRANCHISE,202602,19518.100000000002,17566.29,1951.81,0.9,PENDING,BANK_TRANSFER,,,SIMULATED
344061,Swift Isle Ventures,PENTAGON FRANCHISE,202602,19518.1,17566.29,1951.81,0.9,PENDING,BANK_TRANSFER,,,SIMULATED
306062,Silver Peak Trading,PENTAGON FRANCHISE,202602,19255.780000000002,17330.2,1925.58,0.9,PENDING,BANK_TRANSFER,,,SIMULATED
356071,Jade Light Networks,PENTAGON FRANCHISE,202602,19255.760000000002,17330.18,1925.58,0.9,PENDING,BANK_TRANSFER,,,SIMULATED
323083,Linden Wood Communications,PENTAGON FRANCHISE,202602,19099.51,17189.56,1909.95,0.9,PENDING,BANK_TRANSFER,,,SIMULATED
355060,Silver Wave Networks,PENTAGON FRANCHISE,202602,19099.509999999995,17189.56,1909.95,0.9,PENDING,BANK_TRANSFER,,,SIMULATED
19677,Oak Stream Communications,DATA PARTNERS,202602,18837.190000000002,16953.47,1883.72,0.9,PENDING,BANK_TRANSFER,,,SIMULATED
19510,Winter Horizon Networks,DATA PARTNERS,202602,18837.170000000002,16953.45,1883.72,0.9,PENDING,BANK_TRANSFER,,,SIMULATED
19482,Olive Light Trading,DATA PARTNERS,202602,18837.17,16953.45,1883.72,0.9,PENDING,BANK_TRANSFER,,,SIMULATED
19656,Ivory Hill Communications,DATA PARTNERS,202602,18837.17,16953.45,1883.72,0.9,PENDING,BANK_TRANSFER,,,SIMULATED
53023,Ivory Moon Ventures,DATA PARTNERS,202602,18837.15,16953.44,1883.71,0.9,PENDING,BANK_TRANSFER,,,SIMULATED
63048,Maple Beacon Ventures,DATA PARTNERS,202602,18837.149999999998,16953.43,1883.72,0.9,PENDING,BANK_TRANSFER,,,SIMULATED
19757,Amber View Ventures,DATA PARTNERS,202602,18418.58,16576.72,1841.86,0.9,PENDING,BANK_TRANSFER,,,SIMULATED
19685,Ivory Stone Communications,DEALER,202602,18262.309999999998,10957.39,7304.92,0.6,PARTIALLY_PAID,BANK_TRANSFER,2026-03-30,HIGH_UNQUALIFIED_RATE,SIMULATED
280069,Sage Isle Ventures,PENTAGON FRANCHISE,202602,17999.99,16199.99,1800.0,0.9,PENDING,BANK_TRANSFER,,,SIMULATED
19616,Flint Field Networks,DATA PARTNERS,202602,17999.95,16199.96,1799.99,0.9,PENDING,BANK_TRANSFER,,,SIMULATED
290073,Indigo Wind Communications,PENTAGON FRANCHISE,202602,17999.95,16199.96,1799.99,0.9,PENDING,BANK_TRANSFER,,,SIMULATED
388084,Laurel Field Networks,ENTERPRISE BUSINESS,202602,17843.72,16059.35,1784.37,0.9,PENDING,BANK_TRANSFER,,,SIMULATED
176057,Fern Shore Ventures,DEALER,202602,17687.43,15918.69,1768.74,0.9,PENDING,BANK_TRANSFER,,,SIMULATED
19422,Amber Lake Trading,DEALER,202602,17581.38,15823.24,1758.14,0.9,PENDING,BANK_TRANSFER,,,SIMULATED
19894,Pine Coast Ventures,DEALER,202602,17581.38,15823.24,1758.14,0.9,PENDING,BANK_TRANSFER,,,SIMULATED
19321,Ember Coast Trading,DEALER,202602,17581.379999999997,15823.24,1758.14,0.9,PENDING,BANK_TRANSFER,,,SIMULATED
21238,Rowan Vale Trading,DATA PARTNERS,202602,17581.379999999997,15823.24,1758.14,0.9,PENDING,BANK_TRANSFER,,,SIMULATED
294091,Silver Path Trading,ENTERPRISE BUSINESS,202602,17581.34,15823.21,1758.13,0.9,PENDING,BANK_TRANSFER,,,SIMULATED
314063,Coral Meadow Ventures,PENTAGON FRANCHISE,202602,17581.339999999997,15823.21,1758.13,0.9,PENDING,BANK_TRANSFER,,,SIMULATED
21251,Dawn Delta Networks,DATA PARTNERS,202602,17581.339999999997,15823.21,1758.13,0.9,PENDING,BANK_TRANSFER,,,SIMULATED
332068,Jade Trail Networks,FIXED BROADBAND,202602,17581.339999999997,15823.21,1758.13,0.9,PENDING,BANK_TRANSFER,,,SIMULATED
19849,Topaz Meadow Ventures,DATA PARTNERS,202602,17425.089999999997,15682.58,1742.51,0.9,PENDING,BANK_TRANSFER,,,SIMULATED
357092,Maple Stream Communications,PENTAGON FRANCHISE,202602,17425.089999999997,15682.58,1742.51,0.9,PENDING,BANK_TRANSFER,,,SIMULATED
19956,Golden Port Ventures,DATA PARTNERS,202602,17162.77,15446.49,1716.28,0.9,PENDING,BANK_TRANSFER,,,SIMULATED
19429,Raven Valley Networks,DATA PARTNERS,202602,17162.75,15446.48,1716.27,0.9,PENDING,BANK_TRANSFER,,,SIMULATED
19981,Oak Hill Communications,DATA PARTNERS,202602,17006.5,15305.85,1700.65,0.9,PENDING,BANK_TRANSFER,,,SIMULATED
19517,Laurel Shore Networks,DATA PARTNERS,202602,16744.16,15069.74,1674.42,0.9,PENDING,BANK_TRANSFER,,,SIMULATED
19362,Fern Wood Ventures,DATA PARTNERS,202602,16744.16,15069.74,1674.42,0.9,PENDING,BANK_TRANSFER,,,SIMULATED
365100,Forest Peak Networks,PENTAGON FRANCHISE,202602,16744.14,15069.73,1674.41,0.9,PENDING,BANK_TRANSFER,,,SIMULATED
294086,Spruce Brook Trading,PENTAGON FRANCHISE,202602,16744.14,15069.73,1674.41,0.9,PENDING,BANK_TRANSFER,,,SIMULATED
19581,Topaz Bridge Trading,CONNECT STORES,202602,16431.62,9858.97,6572.65,0.6,PARTIALLY_PAID,MTN_INTERNAL_SETTLEMENT,2026-03-30,HIGH_UNQUALIFIED_RATE,SIMULATED
372071,Birch Ridge Communications,PENTAGON FRANCHISE,202602,16431.62,14788.46,1643.16,0.9,PENDING,BANK_TRANSFER,,,SIMULATED
19910,Jade Light Networks,DATA PARTNERS,202602,16325.569999999998,14693.01,1632.56,0.9,PENDING,BANK_TRANSFER,,,SIMULATED
63049,Sunset Reach Trading,DATA PARTNERS,202602,16325.55,14692.99,1632.56,0.9,PENDING,BANK_TRANSFER,,,SIMULATED
219047,Amber View Ventures,ENTERPRISE BUSINESS,202602,16325.55,14692.99,1632.56,0.9,PENDING,BANK_TRANSFER,,,SIMULATED
19427,Flint Vale Ventures,CONNECT STORES,202602,16325.529999999997,9795.32,6530.21,0.6,PARTIALLY_PAID,MTN_INTERNAL_SETTLEMENT,2026-03-30,HIGH_UNQUALIFIED_RATE,SIMULATED
280061,Juniper Bridge Trading,PENTAGON FRANCHISE,202602,16169.28,14552.35,1616.93,0.9,PENDING,BANK_TRANSFER,,,SIMULATED
203045,Sage Arc Ventures,CONNECT STORES,202602,16169.279999999999,9701.57,6467.71,0.6,PARTIALLY_PAID,MTN_INTERNAL_SETTLEMENT,2026-03-30,HIGH_UNQUALIFIED_RATE,SIMULATED
329064,Willow Stone Trading,PENTAGON FRANCHISE,202602,16169.279999999997,14552.35,1616.93,0.9,PENDING,BANK_TRANSFER,,,SIMULATED
332064,Silver Sky Trading,PENTAGON FRANCHISE,202602,15906.960000000001,14316.26,1590.7,0.9,PENDING,BANK_TRANSFER,,,SIMULATED
342068,Teal Light Ventures,PENTAGON FRANCHISE,202602,15750.669999999998,14175.6,1575.07,0.9,PENDING,BANK_TRANSFER,,,SIMULATED
337071,Jade View Ventures,PENTAGON FRANCHISE,202602,15750.669999999998,14175.6,1575.07,0.9,PENDING,BANK_TRANSFER,,,SIMULATED
19641,Birch Meadow Communications,DATA PARTNERS,202602,15488.349999999999,13939.51,1548.84,0.9,PENDING,BANK_TRANSFER,,,SIMULATED
349087,Golden Point Networks,ENTERPRISE BUSINESS,202602,15069.72,13562.75,1506.97,0.9,PENDING,BANK_TRANSFER,,,SIMULATED
365078,Oak Dale Ventures,PENTAGON FRANCHISE,202602,15069.719999999998,13562.75,1506.97,0.9,PENDING,BANK_TRANSFER,,,SIMULATED
19411,Jade Lake Ventures,DEALER,202602,15069.719999999998,13562.75,1506.97,0.9,PENDING,BANK_TRANSFER,,,SIMULATED
19694,Maple Meadow Trading,DEALER,202602,14913.47,13422.12,1491.35,0.9,PENDING,BANK_TRANSFER,,,SIMULATED
19481,Orchid Point Networks,DATA PARTNERS,202602,14913.469999999998,13422.12,1491.35,0.9,PENDING,BANK_TRANSFER,,,SIMULATED
19949,Forest Light Trading,DATA PARTNERS,202602,14651.15,13186.03,1465.12,0.9,PENDING,BANK_TRANSFER,,,SIMULATED
349081,Harbor Stream Networks,PENTAGON FRANCHISE,202602,14494.859999999999,13045.37,1449.49,0.9,PENDING,BANK_TRANSFER,,,SIMULATED
355063,Quartz Park Trading,PENTAGON FRANCHISE,202602,14494.859999999997,13045.37,1449.49,0.9,PENDING,BANK_TRANSFER,,,SIMULATED
19763,Juniper Moon Networks,DATA PARTNERS,202602,14232.56,12809.3,1423.26,0.9,PENDING,BANK_TRANSFER,,,SIMULATED
291068,Forest Glen Trading,PENTAGON FRANCHISE,202602,14232.56,12809.3,1423.26,0.9,PENDING,BANK_TRANSFER,,,SIMULATED
61028,Oak Leaf Communications,DATA PARTNERS,202602,14232.54,12809.29,1423.25,0.9,PENDING,BANK_TRANSFER,,,SIMULATED
294062,River Brook Trading,PENTAGON FRANCHISE,202602,14232.519999999999,12809.27,1423.25,0.9,PENDING,BANK_TRANSFER,,,SIMULATED
360064,Flint Crest Trading,PENTAGON FRANCHISE,202602,14232.519999999999,12809.27,1423.25,0.9,PENDING,BANK_TRANSFER,,,SIMULATED
19323,Ember Coast Trading,DEALER,202602,14232.519999999999,12809.27,1423.25,0.9,PENDING,BANK_TRANSFER,,,SIMULATED
19879,Laurel Crown Networks,CONNECT STORES,202602,14232.519999999999,8539.51,5693.01,0.6,PARTIALLY_PAID,MTN_INTERNAL_SETTLEMENT,2026-03-30,HIGH_UNQUALIFIED_RATE,SIMULATED
19918,Sunset Path Trading,CONNECT STORES,202602,14232.519999999999,12809.27,1423.25,0.9,PENDING,MTN_INTERNAL_SETTLEMENT,,,SIMULATED
19668,Fern Horizon Ventures,DATA PARTNERS,202602,14232.519999999997,12809.27,1423.25,0.9,PENDING,BANK_TRANSFER,,,SIMULATED
365116,Meadow Peak Ventures,PENTAGON FRANCHISE,202602,14076.27,12668.64,1407.63,0.9,PENDING,BANK_TRANSFER,,,SIMULATED
358069,Ivory Bridge Networks,PENTAGON FRANCHISE,202602,14076.269999999999,12668.64,1407.63,0.9,PENDING,BANK_TRANSFER,,,SIMULATED
345068,Ocean Coast Communications,PENTAGON FRANCHISE,202602,13813.93,12432.54,1381.39,0.9,PENDING,BANK_TRANSFER,,,SIMULATED
206054,Orchid Crown Communications,FIXED BROADBAND,202602,13813.91,12432.52,1381.39,0.9,PENDING,BANK_TRANSFER,,,SIMULATED
21252,Dawn Delta Networks,ENTERPRISE BUSINESS,202602,13813.909999999998,12432.52,1381.39,0.9,PENDING,BANK_TRANSFER,,,SIMULATED
311074,Linden Park Communications,PENTAGON FRANCHISE,202602,13813.909999999998,12432.52,1381.39,0.9,PENDING,BANK_TRANSFER,,,SIMULATED
344060,Pearl Grove Trading,PENTAGON FRANCHISE,202602,13813.909999999998,12432.52,1381.39,0.9,PENDING,BANK_TRANSFER,,,SIMULATED
365083,Meadow Wood Ventures,PENTAGON FRANCHISE,202602,13813.909999999998,12432.52,1381.39,0.9,PENDING,BANK_TRANSFER,,,SIMULATED
19772,Quartz Stone Networks,DATA PARTNERS,202602,13813.909999999998,12432.52,1381.39,0.9,PENDING,BANK_TRANSFER,,,SIMULATED
19463,Orchid View Networks,CONNECT STORES,202602,13657.659999999998,8194.6,5463.06,0.6,PARTIALLY_PAID,MTN_INTERNAL_SETTLEMENT,2026-03-30,HIGH_UNQUALIFIED_RATE,SIMULATED
115058,Juniper Bridge Trading,CONNECT HUB,202602,13395.34,12055.81,1339.53,0.9,PENDING,MTN_INTERNAL_SETTLEMENT,,,SIMULATED
365110,Golden Star Ventures,PENTAGON FRANCHISE,202602,13395.32,12055.79,1339.53,0.9,PENDING,BANK_TRANSFER,,,SIMULATED
281061,Linden Field Communications,PENTAGON FRANCHISE,202602,13395.32,12055.79,1339.53,0.9,PENDING,BANK_TRANSFER,,,SIMULATED
115034,Flint Grove Trading,CONNECT HUB,202602,13239.07,11915.16,1323.91,0.9,PENDING,MTN_INTERNAL_SETTLEMENT,,,SIMULATED
337058,Oak Reach Trading,PENTAGON FRANCHISE,202602,13239.07,11915.16,1323.91,0.9,PENDING,BANK_TRANSFER,,,SIMULATED
311066,Meadow Grove Networks,PENTAGON FRANCHISE,202602,13239.05,11915.15,1323.9,0.9,PENDING,BANK_TRANSFER,,,SIMULATED
107035,Spruce Point Communications,ENTERPRISE BUSINESS,202602,13239.05,11915.15,1323.9,0.9,PENDING,BANK_TRANSFER,,,SIMULATED
19917,Sunset Path Trading,CONNECT STORES,202602,13239.05,7943.43,5295.62,0.6,PARTIALLY_PAID,MTN_INTERNAL_SETTLEMENT,2026-03-30,HIGH_UNQUALIFIED_RATE,SIMULATED
337075,Sage Crown Ventures,PENTAGON FRANCHISE,202602,13239.049999999997,11915.14,1323.91,0.9,PENDING,BANK_TRANSFER,,,SIMULATED
365089,Azure Valley Networks,PENTAGON FRANCHISE,202602,12976.75,11679.08,1297.67,0.9,PENDING,BANK_TRANSFER,,,SIMULATED
19485,Topaz Shore Ventures,DATA PARTNERS,202602,12976.71,11679.04,1297.67,0.9,PENDING,BANK_TRANSFER,,,SIMULATED
282053,Swift Moon Communications,ENTERPRISE BUSINESS,202602,12976.71,11679.04,1297.67,0.9,PENDING,BANK_TRANSFER,,,SIMULATED
19391,Olive Gate Trading,DATA PARTNERS,202602,12976.71,11679.04,1297.67,0.9,PENDING,BANK_TRANSFER,,,SIMULATED
392087,Fern Point Networks,PENTAGON FRANCHISE,202602,12820.46,11538.41,1282.05,0.9,PENDING,BANK_TRANSFER,,,SIMULATED
280063,Jade Point Ventures,PENTAGON FRANCHISE,202602,12558.14,11302.33,1255.81,0.9,PENDING,BANK_TRANSFER,,,SIMULATED
73036,River Field Trading,DATA PARTNERS,202602,12558.14,11302.33,1255.81,0.9,PENDING,BANK_TRANSFER,,,SIMULATED
50046,Maple Wind Communications,DATA PARTNERS,202602,12558.14,11302.33,1255.81,0.9,PENDING,BANK_TRANSFER,,,SIMULATED
20031,Dawn Spring Communications,DATA PARTNERS,202602,12558.119999999999,11302.31,1255.81,0.9,PENDING,BANK_TRANSFER,,,SIMULATED
19807,Winter Wave Trading,DATA PARTNERS,202602,12558.119999999999,11302.31,1255.81,0.9,PENDING,BANK_TRANSFER,,,SIMULATED
19497,Teal Isle Trading,CONNECT STORES,202602,12558.119999999999,11302.31,1255.81,0.9,PENDING,MTN_INTERNAL_SETTLEMENT,,,SIMULATED
19787,Maple Wave Networks,CONNECT STORES,202602,12558.119999999999,11302.31,1255.81,0.9,PENDING,MTN_INTERNAL_SETTLEMENT,,,SIMULATED
332065,Coral Crest Communications,PENTAGON FRANCHISE,202602,12558.099999999999,11302.29,1255.81,0.9,PENDING,BANK_TRANSFER,,,SIMULATED
338060,Indigo Bridge Communications,PENTAGON FRANCHISE,202602,12558.099999999999,11302.29,1255.81,0.9,PENDING,BANK_TRANSFER,,,SIMULATED
319063,Willow Shore Communications,PENTAGON FRANCHISE,202602,12558.099999999999,11302.29,1255.81,0.9,PENDING,BANK_TRANSFER,,,SIMULATED
416142,Orchid Sky Communications,ENTERPRISE BUSINESS,202602,12558.099999999999,11302.29,1255.81,0.9,PENDING,BANK_TRANSFER,,,SIMULATED
19365,Jade Point Trading,CONNECT STORES,202602,12558.099999999999,7534.86,5023.24,0.6,PARTIALLY_PAID,MTN_INTERNAL_SETTLEMENT,2026-03-30,HIGH_UNQUALIFIED_RATE,SIMULATED
19393,Pine Lake Ventures,CONNECT STORES,202602,12558.099999999999,11302.29,1255.81,0.9,PENDING,MTN_INTERNAL_SETTLEMENT,,,SIMULATED
19663,Jade View Trading,DATA PARTNERS,202602,12558.099999999999,11302.29,1255.81,0.9,PENDING,BANK_TRANSFER,,,SIMULATED
19625,Topaz Coast Communications,CONNECT STORES,202602,12558.099999999999,11302.29,1255.81,0.9,PENDING,MTN_INTERNAL_SETTLEMENT,,,SIMULATED
295082,Harbor Grove Networks,PENTAGON FRANCHISE,202602,12558.099999999999,11302.29,1255.81,0.9,PENDING,BANK_TRANSFER,,,SIMULATED
388070,Pearl Star Trading,PENTAGON FRANCHISE,202602,12401.85,11161.67,1240.18,0.9,PENDING,BANK_TRANSFER,,,SIMULATED
365122,Laurel Isle Communications,PENTAGON FRANCHISE,202602,12401.849999999999,11161.66,1240.19,0.9,PENDING,BANK_TRANSFER,,,SIMULATED
45024,Crystal Wind Ventures,DATA PARTNERS,202602,12139.529999999999,10925.58,1213.95,0.9,PENDING,BANK_TRANSFER,,,SIMULATED
396095,Ivory Stone Ventures,FIXED BROADBAND,202602,12139.51,7283.71,4855.8,0.6,PARTIALLY_PAID,BANK_TRANSFER,2026-03-30,HIGH_UNQUALIFIED_RATE,SIMULATED
19417,Indigo Path Ventures,DATA PARTNERS,202602,12139.509999999998,10925.56,1213.95,0.9,PENDING,BANK_TRANSFER,,,SIMULATED
380078,Meadow Haven Networks,PENTAGON FRANCHISE,202602,11983.24,10784.92,1198.32,0.9,PENDING,BANK_TRANSFER,,,SIMULATED
360060,Oak Horizon Trading,PENTAGON FRANCHISE,202602,11983.239999999998,10784.92,1198.32,0.9,PENDING,BANK_TRANSFER,,,SIMULATED
365075,Swift Ridge Ventures,PENTAGON FRANCHISE,202602,11983.239999999998,10784.92,1198.32,0.9,PENDING,BANK_TRANSFER,,,SIMULATED
337072,Meadow Haven Trading,PENTAGON FRANCHISE,202602,11720.92,10548.83,1172.09,0.9,PENDING,BANK_TRANSFER,,,SIMULATED
311075,Maple Port Networks,PENTAGON FRANCHISE,202602,11720.9,10548.81,1172.09,0.9,PENDING,BANK_TRANSFER,,,SIMULATED
19693,Maple Meadow Trading,DEALER,202602,11720.9,10548.81,1172.09,0.9,PENDING,BANK_TRANSFER,,,SIMULATED
379086,Fern Dale Ventures,PENTAGON FRANCHISE,202602,11564.65,10408.18,1156.47,0.9,PENDING,BANK_TRANSFER,,,SIMULATED
412111,Topaz Isle Networks,PENTAGON FRANCHISE,202602,11564.65,10408.18,1156.47,0.9,PENDING,BANK_TRANSFER,,,SIMULATED
19920,Sunset Path Trading,CONNECT STORES,202602,11302.33,10172.1,1130.23,0.9,PENDING,MTN_INTERNAL_SETTLEMENT,,,SIMULATED
19551,Stone Peak Networks,DATA PARTNERS,202602,11302.33,10172.1,1130.23,0.9,PENDING,BANK_TRANSFER,,,SIMULATED
19680,Indigo Wave Ventures,DATA PARTNERS,202602,11302.310000000001,10172.08,1130.23,0.9,PENDING,BANK_TRANSFER,,,SIMULATED
19629,Coral Point Ventures,CONNECT STORES,202602,11302.31,6781.39,4520.92,0.6,PARTIALLY_PAID,MTN_INTERNAL_SETTLEMENT,2026-03-30,HIGH_UNQUALIFIED_RATE,SIMULATED
349085,Cedar Bay Trading,ENTERPRISE BUSINESS,202602,11302.31,10172.08,1130.23,0.9,PENDING,BANK_TRANSFER,,,SIMULATED
19515,Hazel Moon Networks,DATA PARTNERS,202602,11302.309999999998,10172.08,1130.23,0.9,PENDING,BANK_TRANSFER,,,SIMULATED
19351,Sage Glen Ventures,CONNECT STORES,202602,11302.289999999999,10172.06,1130.23,0.9,PENDING,MTN_INTERNAL_SETTLEMENT,,,SIMULATED
411126,Teal Crown Communications,PENTAGON FRANCHISE,202602,11302.289999999999,10172.06,1130.23,0.9,PENDING,BANK_TRANSFER,,,SIMULATED
159043,Aspen Sky Trading,CONNECT HUB,202602,11302.289999999999,10172.06,1130.23,0.9,PENDING,MTN_INTERNAL_SETTLEMENT,,,SIMULATED
322074,Crystal Stone Networks,PENTAGON FRANCHISE,202602,11302.289999999999,10172.06,1130.23,0.9,PENDING,BANK_TRANSFER,,,SIMULATED
19525,Maple Isle Ventures,DATA PARTNERS,202602,11302.289999999999,10172.06,1130.23,0.9,PENDING,BANK_TRANSFER,,,SIMULATED
393085,Laurel Lake Trading,PENTAGON FRANCHISE,202602,11146.039999999999,10031.44,1114.6,0.9,PENDING,BANK_TRANSFER,,,SIMULATED
19339,Sunset Stone Networks,DATA PARTNERS,202602,10883.72,9795.35,1088.37,0.9,PENDING,BANK_TRANSFER,,,SIMULATED
365103,Pine Valley Ventures,PENTAGON FRANCHISE,202602,10883.72,9795.35,1088.37,0.9,PENDING,BANK_TRANSFER,,,SIMULATED
295093,Rowan Bridge Networks,PENTAGON FRANCHISE,202602,10883.7,9795.33,1088.37,0.9,PENDING,BANK_TRANSFER,,,SIMULATED
323081,Flint Horizon Ventures,PENTAGON FRANCHISE,202602,10727.429999999998,9654.69,1072.74,0.9,PENDING,BANK_TRANSFER,,,SIMULATED
357098,Fern Meadow Ventures,PENTAGON FRANCHISE,202602,10465.11,9418.6,1046.51,0.9,PENDING,BANK_TRANSFER,,,SIMULATED
19960,Meadow Wind Networks,CONNECT STORES,202602,10465.11,9418.6,1046.51,0.9,PENDING,MTN_INTERNAL_SETTLEMENT,,,SIMULATED
294092,Linden Lake Ventures,PENTAGON FRANCHISE,202602,10465.109999999999,9418.6,1046.51,0.9,PENDING,BANK_TRANSFER,,,SIMULATED
19328,Golden Dale Communications,DEALER,202602,10465.09,9418.58,1046.51,0.9,PENDING,BANK_TRANSFER,,,SIMULATED
294132,Willow Isle Ventures,PENTAGON FRANCHISE,202602,10465.09,9418.58,1046.51,0.9,PENDING,BANK_TRANSFER,,,SIMULATED
255048,Quartz Delta Ventures,PENTAGON FRANCHISE,202602,10465.09,9418.58,1046.51,0.9,PENDING,BANK_TRANSFER,,,SIMULATED
345069,Linden Leaf Networks,PENTAGON FRANCHISE,202602,10465.089999999998,9418.58,1046.51,0.9,PENDING,BANK_TRANSFER,,,SIMULATED
311072,Coral View Communications,PENTAGON FRANCHISE,202602,10046.5,9041.85,1004.65,0.9,PENDING,BANK_TRANSFER,,,SIMULATED
19630,Coral Point Ventures,CONNECT STORES,202602,10046.5,6027.9,4018.6,0.6,PARTIALLY_PAID,MTN_INTERNAL_SETTLEMENT,2026-03-30,HIGH_UNQUALIFIED_RATE,SIMULATED
71045,Ivory Bay Ventures,DATA PARTNERS,202602,10046.499999999998,9041.85,1004.65,0.9,PENDING,BANK_TRANSFER,,,SIMULATED
294129,River Isle Ventures,PENTAGON FRANCHISE,202602,10046.48,9041.83,1004.65,0.9,PENDING,BANK_TRANSFER,,,SIMULATED
335061,Teal Vale Trading,PENTAGON FRANCHISE,202602,10046.48,9041.83,1004.65,0.9,PENDING,BANK_TRANSFER,,,SIMULATED
413171,Jade Lake Communications,CONNECT HUB,202602,10046.48,9041.83,1004.65,0.9,PENDING,MTN_INTERNAL_SETTLEMENT,,,SIMULATED
357058,Willow Wave Communications,PENTAGON FRANCHISE,202602,10046.48,6027.89,4018.59,0.6,PARTIALLY_PAID,BANK_TRANSFER,2026-03-30,HIGH_UNQUALIFIED_RATE,SIMULATED
19788,Maple Wave Networks,CONNECT STORES,202602,9890.23,8901.21,989.02,0.9,PENDING,MTN_INTERNAL_SETTLEMENT,,,SIMULATED
365128,Amber View Ventures,PENTAGON FRANCHISE,202602,9890.23,8901.21,989.02,0.9,PENDING,BANK_TRANSFER,,,SIMULATED
430151,Willow Bridge Trading,PENTAGON FRANCHISE,202602,9890.23,8901.21,989.02,0.9,PENDING,BANK_TRANSFER,,,SIMULATED
27023,Ivory Valley Networks,DATA PARTNERS,202602,9627.89,8665.1,962.79,0.9,PENDING,BANK_TRANSFER,,,SIMULATED
19937,Topaz Wind Ventures,DATA PARTNERS,202602,9627.89,8665.1,962.79,0.9,PENDING,BANK_TRANSFER,,,SIMULATED
19985,Orchid Wood Ventures,DATA PARTNERS,202602,9627.89,8665.1,962.79,0.9,PENDING,BANK_TRANSFER,,,SIMULATED
413181,Teal Dale Networks,ENTERPRISE BUSINESS,202602,9627.89,8665.1,962.79,0.9,PENDING,BANK_TRANSFER,,,SIMULATED
356077,Golden Moon Networks,PENTAGON FRANCHISE,202602,9471.619999999999,8524.46,947.16,0.9,PENDING,BANK_TRANSFER,,,SIMULATED
295083,Sunset Crest Communications,PENTAGON FRANCHISE,202602,9471.619999999999,8524.46,947.16,0.9,PENDING,BANK_TRANSFER,,,SIMULATED
377077,Opal Summit Communications,PENTAGON FRANCHISE,202602,9471.619999999999,8524.46,947.16,0.9,PENDING,BANK_TRANSFER,,,SIMULATED
19441,Olive Path Trading,DATA PARTNERS,202602,9209.3,5525.58,3683.72,0.6,PARTIALLY_PAID,BANK_TRANSFER,2026-03-30,HIGH_UNQUALIFIED_RATE,SIMULATED
109031,Sage Glen Trading,ENTERPRISE BUSINESS,202602,9209.3,8288.37,920.93,0.9,PENDING,BANK_TRANSFER,,,SIMULATED
347058,River Isle Networks,DEALER,202602,9209.279999999999,8288.35,920.93,0.9,PENDING,BANK_TRANSFER,,,SIMULATED
19431,Ivory Delta Ventures,CONNECT STORES,202602,9209.279999999999,5525.57,3683.71,0.6,PARTIALLY_PAID,MTN_INTERNAL_SETTLEMENT,2026-03-30,HIGH_UNQUALIFIED_RATE,SIMULATED
299073,Laurel Shore Trading,PENTAGON FRANCHISE,202602,8790.689999999999,7911.62,879.07,0.9,PENDING,BANK_TRANSFER,,,SIMULATED
19370,Jade Point Trading,CONNECT STORES,202602,8790.67,5274.4,3516.27,0.6,PARTIALLY_PAID,MTN_INTERNAL_SETTLEMENT,2026-03-30,HIGH_UNQUALIFIED_RATE,SIMULATED
322061,Hazel Wood Communications,PENTAGON FRANCHISE,202602,8790.669999999998,7911.6,879.07,0.9,PENDING,BANK_TRANSFER,,,SIMULATED
287072,Aspen Glen Communications,PENTAGON FRANCHISE,202602,8790.669999999998,7911.6,879.07,0.9,PENDING,BANK_TRANSFER,,,SIMULATED
327087,Meadow Bay Communications,PENTAGON FRANCHISE,202602,8790.669999999998,7911.6,879.07,0.9,PENDING,BANK_TRANSFER,,,SIMULATED
357073,Harbor Shore Communications,PENTAGON FRANCHISE,202602,8790.669999999998,7911.6,879.07,0.9,PENDING,BANK_TRANSFER,,,SIMULATED
19454,Hazel Hill Ventures,DATA PARTNERS,202602,8790.669999999998,7911.6,879.07,0.9,PENDING,BANK_TRANSFER,,,SIMULATED
294075,Fern Meadow Ventures,ENTERPRISE BUSINESS,202602,8372.08,7534.87,837.21,0.9,PENDING,BANK_TRANSFER,,,SIMULATED
19678,Quartz Dale Ventures,DATA PARTNERS,202602,8372.08,7534.87,837.21,0.9,PENDING,BANK_TRANSFER,,,SIMULATED
19384,Pearl Park Trading,DEALER,202602,8372.079999999998,7534.87,837.21,0.9,PENDING,BANK_TRANSFER,,,SIMULATED
19742,Indigo Crown Networks,CONNECT STORES,202602,8372.079999999998,7534.87,837.21,0.9,PENDING,MTN_INTERNAL_SETTLEMENT,,,SIMULATED
411113,Jade Port Ventures,PENTAGON FRANCHISE,202602,8215.81,7394.23,821.58,0.9,PENDING,BANK_TRANSFER,,,SIMULATED
19830,Birch Meadow Trading,DEALER,202602,8215.81,7394.23,821.58,0.9,PENDING,BANK_TRANSFER,,,SIMULATED
314064,Aspen Peak Ventures,PENTAGON FRANCHISE,202602,8215.81,7394.23,821.58,0.9,PENDING,BANK_TRANSFER,,,SIMULATED
414142,Juniper Valley Communications,ENTERPRISE BUSINESS,202602,8215.81,4929.49,3286.32,0.6,PARTIALLY_PAID,BANK_TRANSFER,2026-03-30,HIGH_UNQUALIFIED_RATE,SIMULATED
409090,Cedar Isle Ventures,PENTAGON FRANCHISE,202602,8215.81,7394.23,821.58,0.9,PENDING,BANK_TRANSFER,,,SIMULATED
361066,Raven Summit Ventures,PENTAGON FRANCHISE,202602,8215.81,7394.23,821.58,0.9,PENDING,BANK_TRANSFER,,,SIMULATED
382116,Raven Meadow Networks,PENTAGON FRANCHISE,202602,8215.81,7394.23,821.58,0.9,PENDING,BANK_TRANSFER,,,SIMULATED
19492,Meadow View Networks,CONNECT STORES,202602,8215.81,7394.23,821.58,0.9,PENDING,MTN_INTERNAL_SETTLEMENT,,,SIMULATED
367073,Aspen Grove Trading,PENTAGON FRANCHISE,202602,8215.81,7394.23,821.58,0.9,PENDING,BANK_TRANSFER,,,SIMULATED
303070,Willow Crown Communications,PENTAGON FRANCHISE,202602,8215.81,4929.49,3286.32,0.6,PARTIALLY_PAID,BANK_TRANSFER,2026-03-30,HIGH_UNQUALIFIED_RATE,SIMULATED
358059,Stone View Ventures,PENTAGON FRANCHISE,202602,8215.81,7394.23,821.58,0.9,PENDING,BANK_TRANSFER,,,SIMULATED
423146,Orchid Bridge Ventures,PENTAGON FRANCHISE,202602,8215.81,7394.23,821.58,0.9,PENDING,BANK_TRANSFER,,,SIMULATED
357068,Ruby Sky Trading,PENTAGON FRANCHISE,202602,7953.49,7158.14,795.35,0.9,PENDING,BANK_TRANSFER,,,SIMULATED
329069,Elm Glen Networks,PENTAGON FRANCHISE,202602,7953.49,7158.14,795.35,0.9,PENDING,BANK_TRANSFER,,,SIMULATED
347060,Willow Bridge Trading,ENTERPRISE BUSINESS,202602,7953.49,7158.14,795.35,0.9,PENDING,BANK_TRANSFER,,,SIMULATED
306060,Orchid Stone Networks,PENTAGON FRANCHISE,202602,7953.469999999999,7158.12,795.35,0.9,PENDING,BANK_TRANSFER,,,SIMULATED
337061,Fern Light Ventures,PENTAGON FRANCHISE,202602,7953.469999999999,7158.12,795.35,0.9,PENDING,BANK_TRANSFER,,,SIMULATED
21284,Ember Coast Trading,DEALER,202602,7953.469999999999,7158.12,795.35,0.9,PENDING,BANK_TRANSFER,,,SIMULATED
365126,Birch Stone Trading,PENTAGON FRANCHISE,202602,7953.469999999999,7158.12,795.35,0.9,PENDING,BANK_TRANSFER,,,SIMULATED
19397,Dawn Delta Ventures,DATA PARTNERS,202602,7953.469999999999,7158.12,795.35,0.9,PENDING,BANK_TRANSFER,,,SIMULATED
240049,Pearl Port Communications,ENTERPRISE BUSINESS,202602,7953.469999999999,7158.12,795.35,0.9,PENDING,BANK_TRANSFER,,,SIMULATED
322066,Winter Shore Trading,PENTAGON FRANCHISE,202602,7953.469999999999,7158.12,795.35,0.9,PENDING,BANK_TRANSFER,,,SIMULATED
146041,Oak Crest Networks,CONNECT HUB,202602,7534.88,6781.39,753.49,0.9,PENDING,MTN_INTERNAL_SETTLEMENT,,,SIMULATED
284086,Stone Brook Communications,PENTAGON FRANCHISE,202602,7534.88,6781.39,753.49,0.9,PENDING,BANK_TRANSFER,,,SIMULATED
365081,Spruce Grove Ventures,PENTAGON FRANCHISE,202602,7534.879999999999,6781.39,753.49,0.9,PENDING,BANK_TRANSFER,,,SIMULATED
19673,Rowan View Ventures,CONNECT STORES,202602,7534.86,4520.92,3013.94,0.6,PARTIALLY_PAID,MTN_INTERNAL_SETTLEMENT,2026-03-30,HIGH_UNQUALIFIED_RATE,SIMULATED
390078,Birch Horizon Ventures,PENTAGON FRANCHISE,202602,7534.86,6781.37,753.49,0.9,PENDING,BANK_TRANSFER,,,SIMULATED
377071,Ivory Wave Networks,PENTAGON FRANCHISE,202602,7534.859999999999,6781.37,753.49,0.9,PENDING,BANK_TRANSFER,,,SIMULATED
284085,Quartz Trail Communications,PENTAGON FRANCHISE,202602,7534.859999999999,6781.37,753.49,0.9,PENDING,BANK_TRANSFER,,,SIMULATED
65034,Topaz Bridge Trading,CONNECT HUB,202602,7534.859999999999,6781.37,753.49,0.9,PENDING,MTN_INTERNAL_SETTLEMENT,,,SIMULATED
19783,Raven Isle Communications,DEALER,202602,7534.859999999999,6781.37,753.49,0.9,PENDING,BANK_TRANSFER,,,SIMULATED
341076,Linden Park Communications,PENTAGON FRANCHISE,202602,7534.859999999999,6781.37,753.49,0.9,PENDING,BANK_TRANSFER,,,SIMULATED
269055,Linden Star Ventures,PENTAGON FRANCHISE,202602,7534.859999999999,6781.37,753.49,0.9,PENDING,BANK_TRANSFER,,,SIMULATED
327084,Orchid Grove Communications,PENTAGON FRANCHISE,202602,7534.859999999999,6781.37,753.49,0.9,PENDING,BANK_TRANSFER,,,SIMULATED
344064,Silver Shore Networks,PENTAGON FRANCHISE,202602,7534.859999999999,6781.37,753.49,0.9,PENDING,BANK_TRANSFER,,,SIMULATED
392085,Ocean Crest Communications,PENTAGON FRANCHISE,202602,7534.859999999999,6781.37,753.49,0.9,PENDING,BANK_TRANSFER,,,SIMULATED
287074,Raven Point Ventures,PENTAGON FRANCHISE,202602,7534.859999999999,6781.37,753.49,0.9,PENDING,BANK_TRANSFER,,,SIMULATED
406084,Hazel Point Ventures,PENTAGON FRANCHISE,202602,7534.859999999999,6781.37,753.49,0.9,PENDING,BANK_TRANSFER,,,SIMULATED
19681,Forest Vale Communications,CONNECT STORES,202602,7534.859999999999,4520.92,3013.94,0.6,PARTIALLY_PAID,MTN_INTERNAL_SETTLEMENT,2026-03-30,HIGH_UNQUALIFIED_RATE,SIMULATED
345065,Aspen Moon Communications,PENTAGON FRANCHISE,202602,7534.859999999999,6781.37,753.49,0.9,PENDING,BANK_TRANSFER,,,SIMULATED
409089,Quartz Leaf Communications,PENTAGON FRANCHISE,202602,7534.859999999999,6781.37,753.49,0.9,PENDING,BANK_TRANSFER,,,SIMULATED
19341,Stone Wind Communications,CONNECT STORES,202602,7534.859999999999,6781.37,753.49,0.9,PENDING,MTN_INTERNAL_SETTLEMENT,,,SIMULATED
19963,River Star Communications,DATA PARTNERS,202602,7116.27,6404.64,711.63,0.9,PENDING,BANK_TRANSFER,,,SIMULATED
357066,Winter Point Trading,PENTAGON FRANCHISE,202602,7116.269999999999,4269.76,2846.51,0.6,PARTIALLY_PAID,BANK_TRANSFER,2026-03-30,HIGH_UNQUALIFIED_RATE,SIMULATED
334061,Juniper Moon Networks,PENTAGON FRANCHISE,202602,6697.68,6027.91,669.77,0.9,PENDING,BANK_TRANSFER,,,SIMULATED
353065,Azure Spring Trading,PENTAGON FRANCHISE,202602,6697.68,6027.91,669.77,0.9,PENDING,BANK_TRANSFER,,,SIMULATED
294090,Coral Summit Networks,PENTAGON FRANCHISE,202602,6697.66,6027.89,669.77,0.9,PENDING,BANK_TRANSFER,,,SIMULATED
19755,Amber View Ventures,DEALER,202602,6697.66,6027.89,669.77,0.9,PENDING,BANK_TRANSFER,,,SIMULATED
126031,Meadow Bay Communications,ENTERPRISE BUSINESS,202602,6697.66,6027.89,669.77,0.9,PENDING,BANK_TRANSFER,,,SIMULATED
357071,Spruce Light Communications,PENTAGON FRANCHISE,202602,6697.66,6027.89,669.77,0.9,PENDING,BANK_TRANSFER,,,SIMULATED
19471,Harbor Grove Networks,DEALER,202602,6697.66,6027.89,669.77,0.9,PENDING,BANK_TRANSFER,,,SIMULATED
240048,Maple Port Ventures,ENTERPRISE BUSINESS,202602,6697.66,6027.89,669.77,0.9,PENDING,BANK_TRANSFER,,,SIMULATED
19475,Fern Coast Trading,DEALER,202602,6697.66,6027.89,669.77,0.9,PENDING,BANK_TRANSFER,,,SIMULATED
346061,Winter Ridge Ventures,PENTAGON FRANCHISE,202602,6697.66,6027.89,669.77,0.9,PENDING,BANK_TRANSFER,,,SIMULATED
19862,Olive Moon Ventures,CONNECT STORES,202602,6279.07,5651.16,627.91,0.9,PENDING,MTN_INTERNAL_SETTLEMENT,,,SIMULATED
174046,Indigo Crown Networks,ENTERPRISE BUSINESS,202602,6279.07,5651.16,627.91,0.9,PENDING,BANK_TRANSFER,,,SIMULATED
408090,Amber Dale Communications,PENTAGON FRANCHISE,202602,6279.07,5651.16,627.91,0.9,PENDING,BANK_TRANSFER,,,SIMULATED
126032,Rowan Hill Trading,CONNECT HUB,202602,6279.07,3767.44,2511.63,0.6,PARTIALLY_PAID,MTN_INTERNAL_SETTLEMENT,2026-03-30,HIGH_UNQUALIFIED_RATE,SIMULATED
52023,Birch Delta Communications,DATA PARTNERS,202602,6279.07,5651.16,627.91,0.9,PENDING,BANK_TRANSFER,,,SIMULATED
19519,Ember Point Trading,CONNECT STORES,202602,6279.049999999999,5651.14,627.91,0.9,PENDING,MTN_INTERNAL_SETTLEMENT,,,SIMULATED
341061,Hazel Park Communications,PENTAGON FRANCHISE,202602,6279.049999999999,5651.14,627.91,0.9,PENDING,BANK_TRANSFER,,,SIMULATED
314062,Crystal Isle Ventures,PENTAGON FRANCHISE,202602,6279.049999999999,5651.14,627.91,0.9,PENDING,BANK_TRANSFER,,,SIMULATED
350072,Meadow Light Networks,PENTAGON FRANCHISE,202602,6279.049999999999,5651.14,627.91,0.9,PENDING,BANK_TRANSFER,,,SIMULATED
349089,Coral Reach Trading,ENTERPRISE BUSINESS,202602,6279.049999999999,5651.14,627.91,0.9,PENDING,BANK_TRANSFER,,,SIMULATED
377072,Crystal Bridge Ventures,PENTAGON FRANCHISE,202602,6279.049999999999,5651.14,627.91,0.9,PENDING,BANK_TRANSFER,,,SIMULATED
319061,Teal Vale Trading,PENTAGON FRANCHISE,202602,6279.049999999999,5651.14,627.91,0.9,PENDING,BANK_TRANSFER,,,SIMULATED
349071,Birch Delta Trading,PENTAGON FRANCHISE,202602,6279.049999999999,5651.14,627.91,0.9,PENDING,BANK_TRANSFER,,,SIMULATED
342075,Ruby Glen Trading,PENTAGON FRANCHISE,202602,6279.049999999999,5651.14,627.91,0.9,PENDING,BANK_TRANSFER,,,SIMULATED
353067,Silver Horizon Networks,PENTAGON FRANCHISE,202602,6279.049999999999,5651.14,627.91,0.9,PENDING,BANK_TRANSFER,,,SIMULATED
319060,Teal Grove Networks,PENTAGON FRANCHISE,202602,6279.049999999999,5651.14,627.91,0.9,PENDING,BANK_TRANSFER,,,SIMULATED
344059,Dawn Wave Ventures,PENTAGON FRANCHISE,202602,6279.049999999999,5651.14,627.91,0.9,PENDING,BANK_TRANSFER,,,SIMULATED
357067,Teal Meadow Networks,PENTAGON FRANCHISE,202602,6279.049999999999,5651.14,627.91,0.9,PENDING,BANK_TRANSFER,,,SIMULATED
19936,Azure Reach Networks,DATA PARTNERS,202602,5860.46,5274.41,586.05,0.9,PENDING,BANK_TRANSFER,,,SIMULATED
280064,Aspen Isle Networks,PENTAGON FRANCHISE,202602,5860.46,5274.41,586.05,0.9,PENDING,BANK_TRANSFER,,,SIMULATED
19560,Spruce Bridge Communications,CONNECT STORES,202602,5860.46,5274.41,586.05,0.9,PENDING,MTN_INTERNAL_SETTLEMENT,,,SIMULATED
327085,Crystal Sky Ventures,PENTAGON FRANCHISE,202602,5860.46,5274.41,586.05,0.9,PENDING,BANK_TRANSFER,,,SIMULATED
294066,Coral Trail Networks,PENTAGON FRANCHISE,202602,5860.459999999999,5274.41,586.05,0.9,PENDING,BANK_TRANSFER,,,SIMULATED
19661,Coral Haven Networks,DEALER,202602,5860.459999999999,3516.28,2344.18,0.6,PARTIALLY_PAID,BANK_TRANSFER,2026-03-30,HIGH_UNQUALIFIED_RATE,SIMULATED
19349,Sage Glen Ventures,CONNECT STORES,202602,5441.85,4897.67,544.18,0.9,PENDING,MTN_INTERNAL_SETTLEMENT,,,SIMULATED
357093,Meadow Crown Communications,PENTAGON FRANCHISE,202602,5441.85,4897.67,544.18,0.9,PENDING,BANK_TRANSFER,,,SIMULATED
19751,Teal Beacon Communications,DATA PARTNERS,202602,5441.85,4897.67,544.18,0.9,PENDING,BANK_TRANSFER,,,SIMULATED
337059,Amber Meadow Networks,PENTAGON FRANCHISE,202602,5441.85,4897.67,544.18,0.9,PENDING,BANK_TRANSFER,,,SIMULATED
360058,Pearl Valley Trading,PENTAGON FRANCHISE,202602,5441.85,4897.67,544.18,0.9,PENDING,BANK_TRANSFER,,,SIMULATED
323080,Hazel Crown Networks,PENTAGON FRANCHISE,202602,5441.85,4897.67,544.18,0.9,PENDING,BANK_TRANSFER,,,SIMULATED
19871,Meadow Horizon Trading,DEALER,202602,5441.85,4897.67,544.18,0.9,PENDING,BANK_TRANSFER,,,SIMULATED
355066,Elm Shore Networks,PENTAGON FRANCHISE,202602,5441.85,4897.67,544.18,0.9,PENDING,BANK_TRANSFER,,,SIMULATED
356066,Laurel Point Networks,PENTAGON FRANCHISE,202602,5023.26,4520.93,502.33,0.9,PENDING,BANK_TRANSFER,,,SIMULATED
344062,Spruce Field Communications,PENTAGON FRANCHISE,202602,5023.26,4520.93,502.33,0.9,PENDING,BANK_TRANSFER,,,SIMULATED
366072,Spruce Reach Ventures,PENTAGON FRANCHISE,202602,5023.26,4520.93,502.33,0.9,PENDING,BANK_TRANSFER,,,SIMULATED
365108,Laurel Glen Trading,PENTAGON FRANCHISE,202602,5023.26,4520.93,502.33,0.9,PENDING,BANK_TRANSFER,,,SIMULATED
400088,River Lake Trading,PENTAGON FRANCHISE,202602,5023.24,4520.92,502.32,0.9,PENDING,BANK_TRANSFER,,,SIMULATED
311058,Quartz Star Ventures,PENTAGON FRANCHISE,202602,5023.24,4520.92,502.32,0.9,PENDING,BANK_TRANSFER,,,SIMULATED
353072,River Isle Ventures,PENTAGON FRANCHISE,202602,5023.24,4520.92,502.32,0.9,PENDING,BANK_TRANSFER,,,SIMULATED
413175,Ruby Hill Ventures,PENTAGON FRANCHISE,202602,5023.24,4520.92,502.32,0.9,PENDING,BANK_TRANSFER,,,SIMULATED
337060,Rowan Lake Communications,PENTAGON FRANCHISE,202602,5023.24,4520.92,502.32,0.9,PENDING,BANK_TRANSFER,,,SIMULATED
361068,Golden Crown Trading,PENTAGON FRANCHISE,202602,5023.24,4520.92,502.32,0.9,PENDING,BANK_TRANSFER,,,SIMULATED
379099,Birch Field Ventures,PENTAGON FRANCHISE,202602,5023.24,4520.92,502.32,0.9,PENDING,BANK_TRANSFER,,,SIMULATED
360063,Teal Ridge Ventures,PENTAGON FRANCHISE,202602,5023.24,4520.92,502.32,0.9,PENDING,BANK_TRANSFER,,,SIMULATED
341064,River Park Networks,PENTAGON FRANCHISE,202602,5023.24,4520.92,502.32,0.9,PENDING,BANK_TRANSFER,,,SIMULATED
350059,Raven Ridge Networks,PENTAGON FRANCHISE,202602,5023.24,4520.92,502.32,0.9,PENDING,BANK_TRANSFER,,,SIMULATED
306061,Hazel Leaf Communications,PENTAGON FRANCHISE,202602,5023.24,4520.92,502.32,0.9,PENDING,BANK_TRANSFER,,,SIMULATED
365113,River Summit Networks,PENTAGON FRANCHISE,202602,5023.24,4520.92,502.32,0.9,PENDING,BANK_TRANSFER,,,SIMULATED
368077,Amber Light Networks,PENTAGON FRANCHISE,202602,5023.24,4520.92,502.32,0.9,PENDING,BANK_TRANSFER,,,SIMULATED
353064,Amber Wood Networks,PENTAGON FRANCHISE,202602,5023.24,4520.92,502.32,0.9,PENDING,BANK_TRANSFER,,,SIMULATED
367081,Dawn Dale Networks,PENTAGON FRANCHISE,202602,5023.24,4520.92,502.32,0.9,PENDING,BANK_TRANSFER,,,SIMULATED
19902,Linden Valley Ventures,CONNECT STORES,202602,5023.24,3013.94,2009.3,0.6,PARTIALLY_PAID,MTN_INTERNAL_SETTLEMENT,2026-03-30,HIGH_UNQUALIFIED_RATE,SIMULATED
368076,Ivory Wood Trading,PENTAGON FRANCHISE,202602,5023.24,4520.92,502.32,0.9,PENDING,BANK_TRANSFER,,,SIMULATED
296077,River Star Communications,PENTAGON FRANCHISE,202602,5023.24,4520.92,502.32,0.9,PENDING,BANK_TRANSFER,,,SIMULATED
349080,Topaz Glen Communications,PENTAGON FRANCHISE,202602,5023.24,4520.92,502.32,0.9,PENDING,BANK_TRANSFER,,,SIMULATED
349069,Indigo Wind Trading,PENTAGON FRANCHISE,202602,5023.24,3013.94,2009.3,0.6,PARTIALLY_PAID,BANK_TRANSFER,2026-03-30,HIGH_UNQUALIFIED_RATE,SIMULATED
341068,Ruby Meadow Networks,PENTAGON FRANCHISE,202602,5023.24,4520.92,502.32,0.9,PENDING,BANK_TRANSFER,,,SIMULATED
358073,Dawn Path Trading,PENTAGON FRANCHISE,202602,5023.24,4520.92,502.32,0.9,PENDING,BANK_TRANSFER,,,SIMULATED
345062,Fern Park Networks,PENTAGON FRANCHISE,202602,5023.24,4520.92,502.32,0.9,PENDING,BANK_TRANSFER,,,SIMULATED
328065,Willow Port Networks,PENTAGON FRANCHISE,202602,5023.24,4520.92,502.32,0.9,PENDING,BANK_TRANSFER,,,SIMULATED
357072,Birch Hill Trading,PENTAGON FRANCHISE,202602,4604.65,4144.18,460.47,0.9,PENDING,BANK_TRANSFER,,,SIMULATED
358060,Golden Valley Communications,PENTAGON FRANCHISE,202602,4604.65,4144.18,460.47,0.9,PENDING,BANK_TRANSFER,,,SIMULATED
337074,Dawn Haven Trading,PENTAGON FRANCHISE,202602,4604.65,4144.18,460.47,0.9,PENDING,BANK_TRANSFER,,,SIMULATED
339064,Willow Lake Communications,PENTAGON FRANCHISE,202602,4604.65,4144.18,460.47,0.9,PENDING,BANK_TRANSFER,,,SIMULATED
367085,Rowan Horizon Communications,PENTAGON FRANCHISE,202602,4604.65,4144.18,460.47,0.9,PENDING,BANK_TRANSFER,,,SIMULATED
206056,Jade Arc Ventures,CONNECT STORES,202602,4604.65,4144.18,460.47,0.9,PENDING,MTN_INTERNAL_SETTLEMENT,,,SIMULATED
405095,Jade Bay Networks,PENTAGON FRANCHISE,202602,4604.65,4144.18,460.47,0.9,PENDING,BANK_TRANSFER,,,SIMULATED
113031,Golden Dale Communications,CONNECT HUB,202602,4604.65,4144.18,460.47,0.9,PENDING,MTN_INTERNAL_SETTLEMENT,,,SIMULATED
365096,Opal Wood Communications,PENTAGON FRANCHISE,202602,4604.65,4144.18,460.47,0.9,PENDING,BANK_TRANSFER,,,SIMULATED
349077,Jade Peak Trading,PENTAGON FRANCHISE,202602,4186.04,3767.44,418.6,0.9,PENDING,BANK_TRANSFER,,,SIMULATED
351063,Ember Stream Networks,PENTAGON FRANCHISE,202602,4186.04,3767.44,418.6,0.9,PENDING,BANK_TRANSFER,,,SIMULATED
295091,Spruce Point Ventures,PENTAGON FRANCHISE,202602,4186.04,3767.44,418.6,0.9,PENDING,BANK_TRANSFER,,,SIMULATED
294093,Oak Meadow Communications,PENTAGON FRANCHISE,202602,4186.04,3767.44,418.6,0.9,PENDING,BANK_TRANSFER,,,SIMULATED
349068,Linden Point Trading,PENTAGON FRANCHISE,202602,4186.04,3767.44,418.6,0.9,PENDING,BANK_TRANSFER,,,SIMULATED
314061,Linden Bay Trading,PENTAGON FRANCHISE,202602,4186.04,3767.44,418.6,0.9,PENDING,BANK_TRANSFER,,,SIMULATED
19914,Elm Wave Ventures,DATA PARTNERS,202602,4186.04,3767.44,418.6,0.9,PENDING,BANK_TRANSFER,,,SIMULATED
357064,Spruce Leaf Trading,PENTAGON FRANCHISE,202602,4186.04,3767.44,418.6,0.9,PENDING,BANK_TRANSFER,,,SIMULATED
335058,Cedar Bay Trading,PENTAGON FRANCHISE,202602,4186.04,2511.62,1674.42,0.6,PARTIALLY_PAID,BANK_TRANSFER,2026-03-30,HIGH_UNQUALIFIED_RATE,SIMULATED
19662,Cedar Hill Networks,DATA PARTNERS,202602,4186.04,2511.62,1674.42,0.6,PARTIALLY_PAID,BANK_TRANSFER,2026-03-30,HIGH_UNQUALIFIED_RATE,SIMULATED
311060,Pearl Port Communications,PENTAGON FRANCHISE,202602,4186.04,3767.44,418.6,0.9,PENDING,BANK_TRANSFER,,,SIMULATED
356083,Willow Stream Ventures,PENTAGON FRANCHISE,202602,3767.43,3390.69,376.74,0.9,PENDING,BANK_TRANSFER,,,SIMULATED
341059,Spruce Vale Communications,PENTAGON FRANCHISE,202602,3767.43,2260.46,1506.97,0.6,PARTIALLY_PAID,BANK_TRANSFER,2026-03-30,HIGH_UNQUALIFIED_RATE,SIMULATED
337091,Silver Crown Communications,PENTAGON FRANCHISE,202602,3767.43,3390.69,376.74,0.9,PENDING,BANK_TRANSFER,,,SIMULATED
311071,Silver Coast Communications,PENTAGON FRANCHISE,202602,3767.43,3390.69,376.74,0.9,PENDING,BANK_TRANSFER,,,SIMULATED
341075,Flint Wood Communications,PENTAGON FRANCHISE,202602,3767.43,3390.69,376.74,0.9,PENDING,BANK_TRANSFER,,,SIMULATED
339065,Teal Wind Networks,PENTAGON FRANCHISE,202602,3767.43,3390.69,376.74,0.9,PENDING,BANK_TRANSFER,,,SIMULATED
360066,Harbor Sky Communications,PENTAGON FRANCHISE,202602,3767.43,3390.69,376.74,0.9,PENDING,BANK_TRANSFER,,,SIMULATED
349074,Amber Delta Networks,PENTAGON FRANCHISE,202602,3767.43,3390.69,376.74,0.9,PENDING,BANK_TRANSFER,,,SIMULATED
311061,Spruce Meadow Communications,PENTAGON FRANCHISE,202602,3767.43,3390.69,376.74,0.9,PENDING,BANK_TRANSFER,,,SIMULATED
115033,Meadow Wind Networks,CONNECT HUB,202602,3767.43,3390.69,376.74,0.9,PENDING,MTN_INTERNAL_SETTLEMENT,,,SIMULATED
412091,Harbor Wood Ventures,PENTAGON FRANCHISE,202602,3767.43,3390.69,376.74,0.9,PENDING,BANK_TRANSFER,,,SIMULATED
349070,Cedar Vale Ventures,PENTAGON FRANCHISE,202602,3767.43,3390.69,376.74,0.9,PENDING,BANK_TRANSFER,,,SIMULATED
323082,Crystal Vale Communications,PENTAGON FRANCHISE,202602,3767.43,2260.46,1506.97,0.6,PARTIALLY_PAID,BANK_TRANSFER,2026-03-30,HIGH_UNQUALIFIED_RATE,SIMULATED
367075,Opal Delta Trading,PENTAGON FRANCHISE,202602,3767.43,3390.69,376.74,0.9,PENDING,BANK_TRANSFER,,,SIMULATED
337092,Pearl Haven Ventures,PENTAGON FRANCHISE,202602,3767.43,3390.69,376.74,0.9,PENDING,BANK_TRANSFER,,,SIMULATED
65035,Topaz Bridge Trading,CONNECT HUB,202602,3767.43,3390.69,376.74,0.9,PENDING,MTN_INTERNAL_SETTLEMENT,,,SIMULATED
19850,Elm Leaf Networks,DATA PARTNERS,202602,3767.43,3390.69,376.74,0.9,PENDING,BANK_TRANSFER,,,SIMULATED
19786,Maple Wave Networks,CONNECT STORES,202602,3767.43,3390.69,376.74,0.9,PENDING,MTN_INTERNAL_SETTLEMENT,,,SIMULATED
358061,Sunset Gate Communications,PENTAGON FRANCHISE,202602,3767.43,3390.69,376.74,0.9,PENDING,BANK_TRANSFER,,,SIMULATED
365098,Harbor Light Trading,PENTAGON FRANCHISE,202602,3767.43,3390.69,376.74,0.9,PENDING,BANK_TRANSFER,,,SIMULATED
391081,Rowan Grove Trading,PENTAGON FRANCHISE,202602,3348.84,3013.96,334.88,0.9,PENDING,BANK_TRANSFER,,,SIMULATED
19776,Cedar Grove Trading,DEALER,202602,3348.84,3013.96,334.88,0.9,PENDING,BANK_TRANSFER,,,SIMULATED
388072,Rowan Arc Networks,PENTAGON FRANCHISE,202602,3348.84,3013.96,334.88,0.9,PENDING,BANK_TRANSFER,,,SIMULATED
21254,Juniper Summit Communications,DATA PARTNERS,202602,3348.84,3013.96,334.88,0.9,PENDING,BANK_TRANSFER,,,SIMULATED
367089,Quartz Meadow Ventures,PENTAGON FRANCHISE,202602,3348.84,3013.96,334.88,0.9,PENDING,BANK_TRANSFER,,,SIMULATED
404084,Fern Arc Trading,PENTAGON FRANCHISE,202602,3348.84,3013.96,334.88,0.9,PENDING,BANK_TRANSFER,,,SIMULATED
344066,Quartz Park Trading,PENTAGON FRANCHISE,202602,3348.84,3013.96,334.88,0.9,PENDING,BANK_TRANSFER,,,SIMULATED
361064,Rowan View Communications,PENTAGON FRANCHISE,202602,3348.84,3013.96,334.88,0.9,PENDING,BANK_TRANSFER,,,SIMULATED
423154,Rowan Lake Trading,PENTAGON FRANCHISE,202602,3348.84,3013.96,334.88,0.9,PENDING,BANK_TRANSFER,,,SIMULATED
368078,Raven Wave Ventures,PENTAGON FRANCHISE,202602,3348.84,3013.96,334.88,0.9,PENDING,BANK_TRANSFER,,,SIMULATED
379095,Forest Leaf Networks,PENTAGON FRANCHISE,202602,3348.84,3013.96,334.88,0.9,PENDING,BANK_TRANSFER,,,SIMULATED
176051,Maple Point Communications,ENTERPRISE BUSINESS,202602,3348.84,3013.96,334.88,0.9,PENDING,BANK_TRANSFER,,,SIMULATED
19863,Olive Moon Ventures,CONNECT STORES,202602,3348.84,2009.3,1339.54,0.6,PARTIALLY_PAID,MTN_INTERNAL_SETTLEMENT,2026-03-30,HIGH_UNQUALIFIED_RATE,SIMULATED
378071,Meadow Reach Ventures,PENTAGON FRANCHISE,202602,3348.84,3013.96,334.88,0.9,PENDING,BANK_TRANSFER,,,SIMULATED
361067,Fern Isle Trading,PENTAGON FRANCHISE,202602,3348.84,3013.96,334.88,0.9,PENDING,BANK_TRANSFER,,,SIMULATED
311062,Coral Hill Networks,PENTAGON FRANCHISE,202602,2930.23,2637.21,293.02,0.9,PENDING,BANK_TRANSFER,,,SIMULATED
19733,Topaz Light Communications,CONNECT STORES,202602,2930.23,2637.21,293.02,0.9,PENDING,MTN_INTERNAL_SETTLEMENT,,,SIMULATED
19369,Jade Point Trading,CONNECT STORES,202602,2930.23,1758.14,1172.09,0.6,PARTIALLY_PAID,MTN_INTERNAL_SETTLEMENT,2026-03-30,HIGH_UNQUALIFIED_RATE,SIMULATED
223044,Meadow Stone Trading,ENTERPRISE BUSINESS,202602,2930.23,2637.21,293.02,0.9,PENDING,BANK_TRANSFER,,,SIMULATED
327081,Willow Glen Communications,PENTAGON FRANCHISE,202602,2930.23,2637.21,293.02,0.9,PENDING,BANK_TRANSFER,,,SIMULATED
303069,Cedar Lake Networks,PENTAGON FRANCHISE,202602,2930.23,2637.21,293.02,0.9,PENDING,BANK_TRANSFER,,,SIMULATED
332070,Stone Wind Communications,DEALER,202602,2930.23,2637.21,293.02,0.9,PENDING,BANK_TRANSFER,,,SIMULATED
19942,Dawn Spring Ventures,DEALER,202602,2930.23,2637.21,293.02,0.9,PENDING,BANK_TRANSFER,,,SIMULATED
333068,Raven Sky Networks,PENTAGON FRANCHISE,202602,2930.23,2637.21,293.02,0.9,PENDING,BANK_TRANSFER,,,SIMULATED
365112,Teal Vale Networks,PENTAGON FRANCHISE,202602,2930.23,2637.21,293.02,0.9,PENDING,BANK_TRANSFER,,,SIMULATED
344063,Sunset Bay Ventures,PENTAGON FRANCHISE,202602,2930.23,2637.21,293.02,0.9,PENDING,BANK_TRANSFER,,,SIMULATED
19490,Teal Sky Ventures,DEALER,202602,2930.23,2637.21,293.02,0.9,PENDING,BANK_TRANSFER,,,SIMULATED
347063,Azure Beacon Networks,ENTERPRISE BUSINESS,202602,2930.23,2637.21,293.02,0.9,PENDING,BANK_TRANSFER,,,SIMULATED
411112,Raven Crown Ventures,PENTAGON FRANCHISE,202602,2930.23,2637.21,293.02,0.9,PENDING,BANK_TRANSFER,,,SIMULATED
328062,Harbor Lake Networks,PENTAGON FRANCHISE,202602,2930.23,1758.14,1172.09,0.6,PARTIALLY_PAID,BANK_TRANSFER,2026-03-30,HIGH_UNQUALIFIED_RATE,SIMULATED
356067,Birch Wave Communications,PENTAGON FRANCHISE,202602,2930.23,2637.21,293.02,0.9,PENDING,BANK_TRANSFER,,,SIMULATED
379082,Ivory Path Networks,PENTAGON FRANCHISE,202602,2930.23,2637.21,293.02,0.9,PENDING,BANK_TRANSFER,,,SIMULATED
377073,Golden Glen Ventures,PENTAGON FRANCHISE,202602,2930.23,2637.21,293.02,0.9,PENDING,BANK_TRANSFER,,,SIMULATED
298062,Silver Light Communications,PENTAGON FRANCHISE,202602,2511.62,2260.46,251.16,0.9,PENDING,BANK_TRANSFER,,,SIMULATED
449143,Teal Dale Networks,PENTAGON FRANCHISE,202602,2511.62,2260.46,251.16,0.9,PENDING,BANK_TRANSFER,,,SIMULATED
452147,Stone Stone Trading,PENTAGON FRANCHISE,202602,2511.62,2260.46,251.16,0.9,PENDING,BANK_TRANSFER,,,SIMULATED
430143,Topaz Trail Trading,PENTAGON FRANCHISE,202602,2511.62,1506.97,1004.65,0.6,PARTIALLY_PAID,BANK_TRANSFER,2026-03-30,HIGH_UNQUALIFIED_RATE,SIMULATED
337093,Oak Hill Communications,PENTAGON FRANCHISE,202602,2511.62,2260.46,251.16,0.9,PENDING,BANK_TRANSFER,,,SIMULATED
75032,Amber Isle Networks,SIM REG AGENCY,202602,2511.62,2260.46,251.16,0.9,PENDING,BANK_TRANSFER,,,SIMULATED
339066,Forest Peak Trading,PENTAGON FRANCHISE,202602,2511.62,2260.46,251.16,0.9,PENDING,BANK_TRANSFER,,,SIMULATED
280065,Silver Stream Communications,PENTAGON FRANCHISE,202602,2511.62,1506.97,1004.65,0.6,PARTIALLY_PAID,BANK_TRANSFER,2026-03-30,HIGH_UNQUALIFIED_RATE,SIMULATED
423151,Flint Hill Communications,ENTERPRISE BUSINESS,202602,2511.62,2260.46,251.16,0.9,PENDING,BANK_TRANSFER,,,SIMULATED
386077,Ivory Trail Communications,PENTAGON FRANCHISE,202602,2511.62,2260.46,251.16,0.9,PENDING,BANK_TRANSFER,,,SIMULATED
19412,Jade Lake Ventures,DEALER,202602,2511.62,2260.46,251.16,0.9,PENDING,BANK_TRANSFER,,,SIMULATED
355061,Fern Trail Ventures,PENTAGON FRANCHISE,202602,2511.62,2260.46,251.16,0.9,PENDING,BANK_TRANSFER,,,SIMULATED
379087,Jade Glen Ventures,PENTAGON FRANCHISE,202602,2511.62,2260.46,251.16,0.9,PENDING,BANK_TRANSFER,,,SIMULATED
19612,Aspen Sky Trading,DEALER,202602,2511.62,2260.46,251.16,0.9,PENDING,BANK_TRANSFER,,,SIMULATED
332067,Quartz Stone Networks,PENTAGON FRANCHISE,202602,2511.62,2260.46,251.16,0.9,PENDING,BANK_TRANSFER,,,SIMULATED
368075,Orchid Ridge Networks,PENTAGON FRANCHISE,202602,2511.62,2260.46,251.16,0.9,PENDING,BANK_TRANSFER,,,SIMULATED
368080,Hazel Ridge Networks,PENTAGON FRANCHISE,202602,2511.62,2260.46,251.16,0.9,PENDING,BANK_TRANSFER,,,SIMULATED
322059,Golden Haven Networks,PENTAGON FRANCHISE,202602,2511.62,2260.46,251.16,0.9,PENDING,BANK_TRANSFER,,,SIMULATED
19966,River Star Communications,DEALER,202602,2511.62,2260.46,251.16,0.9,PENDING,BANK_TRANSFER,,,SIMULATED
356082,Ivory Vale Ventures,PENTAGON FRANCHISE,202602,2511.62,2260.46,251.16,0.9,PENDING,BANK_TRANSFER,,,SIMULATED
21285,Aspen Sky Trading,DEALER,202602,2511.62,2260.46,251.16,0.9,PENDING,BANK_TRANSFER,,,SIMULATED
342078,Ivory Sky Trading,PENTAGON FRANCHISE,202602,2511.62,2260.46,251.16,0.9,PENDING,BANK_TRANSFER,,,SIMULATED
130061,Spruce Vale Communications,ENTERPRISE BUSINESS,202602,2511.62,2260.46,251.16,0.9,PENDING,BANK_TRANSFER,,,SIMULATED
332059,Swift Star Ventures,PENTAGON FRANCHISE,202602,2511.62,2260.46,251.16,0.9,PENDING,BANK_TRANSFER,,,SIMULATED
342076,Juniper Bridge Trading,PENTAGON FRANCHISE,202602,2511.62,2260.46,251.16,0.9,PENDING,BANK_TRANSFER,,,SIMULATED
391086,Laurel Bridge Communications,ENTERPRISE BUSINESS,202602,2511.62,2260.46,251.16,0.9,PENDING,BANK_TRANSFER,,,SIMULATED
368083,Topaz View Networks,PENTAGON FRANCHISE,202602,2511.62,2260.46,251.16,0.9,PENDING,BANK_TRANSFER,,,SIMULATED
382125,Orchid Port Networks,PENTAGON FRANCHISE,202602,2511.62,1506.97,1004.65,0.6,PARTIALLY_PAID,BANK_TRANSFER,2026-03-30,HIGH_UNQUALIFIED_RATE,SIMULATED
19537,Maple Isle Communications,CONNECT STORES,202602,2511.62,1506.97,1004.65,0.6,PARTIALLY_PAID,MTN_INTERNAL_SETTLEMENT,2026-03-30,HIGH_UNQUALIFIED_RATE,SIMULATED
377075,Winter Summit Trading,PENTAGON FRANCHISE,202602,2511.62,2260.46,251.16,0.9,PENDING,BANK_TRANSFER,,,SIMULATED
410086,Willow Light Ventures,PENTAGON FRANCHISE,202602,2511.62,2260.46,251.16,0.9,PENDING,BANK_TRANSFER,,,SIMULATED
234047,Sage Port Networks,ENTERPRISE BUSINESS,202602,2511.62,2260.46,251.16,0.9,PENDING,BANK_TRANSFER,,,SIMULATED
354066,Forest Beacon Communications,PENTAGON FRANCHISE,202602,2511.62,2260.46,251.16,0.9,PENDING,BANK_TRANSFER,,,SIMULATED
294072,Jade Point Ventures,FIXED BROADBAND,202602,2511.62,2260.46,251.16,0.9,PENDING,BANK_TRANSFER,,,SIMULATED
325080,Ember Isle Networks,PENTAGON FRANCHISE,202602,2511.62,2260.46,251.16,0.9,PENDING,BANK_TRANSFER,,,SIMULATED
132031,Coral Point Ventures,CONNECT HUB,202602,2511.62,2260.46,251.16,0.9,PENDING,MTN_INTERNAL_SETTLEMENT,,,SIMULATED
328067,Sunset Valley Trading,PENTAGON FRANCHISE,202602,2511.62,2260.46,251.16,0.9,PENDING,BANK_TRANSFER,,,SIMULATED
360061,Elm Stone Communications,PENTAGON FRANCHISE,202602,2511.62,2260.46,251.16,0.9,PENDING,BANK_TRANSFER,,,SIMULATED
295076,Dawn Park Communications,PENTAGON FRANCHISE,202602,2511.62,2260.46,251.16,0.9,PENDING,BANK_TRANSFER,,,SIMULATED
327083,Teal Hill Communications,PENTAGON FRANCHISE,202602,2511.62,2260.46,251.16,0.9,PENDING,BANK_TRANSFER,,,SIMULATED
341060,Opal Crest Ventures,PENTAGON FRANCHISE,202602,2511.62,2260.46,251.16,0.9,PENDING,BANK_TRANSFER,,,SIMULATED
311076,Ivory Bay Ventures,PENTAGON FRANCHISE,202602,2511.62,2260.46,251.16,0.9,PENDING,BANK_TRANSFER,,,SIMULATED
413173,Harbor Horizon Ventures,PENTAGON FRANCHISE,202602,2511.62,2260.46,251.16,0.9,PENDING,BANK_TRANSFER,,,SIMULATED
294131,Indigo Coast Networks,PENTAGON FRANCHISE,202602,2511.62,2260.46,251.16,0.9,PENDING,BANK_TRANSFER,,,SIMULATED
413208,Meadow Brook Networks,PENTAGON FRANCHISE,202602,2511.62,2260.46,251.16,0.9,PENDING,BANK_TRANSFER,,,SIMULATED
19784,Raven Isle Communications,DEALER,202602,2511.62,2260.46,251.16,0.9,PENDING,BANK_TRANSFER,,,SIMULATED
332063,Silver Haven Ventures,PENTAGON FRANCHISE,202602,2511.62,2260.46,251.16,0.9,PENDING,BANK_TRANSFER,,,SIMULATED
377076,Spruce Coast Communications,PENTAGON FRANCHISE,202602,2511.62,2260.46,251.16,0.9,PENDING,BANK_TRANSFER,,,SIMULATED
19832,Amber Beacon Trading,DEALER,202602,2511.62,2260.46,251.16,0.9,PENDING,BANK_TRANSFER,,,SIMULATED
333072,Aspen Reach Networks,PENTAGON FRANCHISE,202602,2511.62,2260.46,251.16,0.9,PENDING,BANK_TRANSFER,,,SIMULATED
361069,Forest Reach Communications,PENTAGON FRANCHISE,202602,2511.62,2260.46,251.16,0.9,PENDING,BANK_TRANSFER,,,SIMULATED
358068,Laurel Dale Ventures,PENTAGON FRANCHISE,202602,1674.42,1004.65,669.77,0.6,PARTIALLY_PAID,BANK_TRANSFER,2026-03-30,HIGH_UNQUALIFIED_RATE,SIMULATED
416141,Silver Moon Communications,PENTAGON FRANCHISE,202602,1674.42,1506.98,167.44,0.9,PENDING,BANK_TRANSFER,,,SIMULATED
400091,Olive Vale Trading,PENTAGON FRANCHISE,202602,1674.42,1506.98,167.44,0.9,PENDING,BANK_TRANSFER,,,SIMULATED
411100,Winter Light Communications,PENTAGON FRANCHISE,202602,1674.42,1506.98,167.44,0.9,PENDING,BANK_TRANSFER,,,SIMULATED
380076,Birch Crown Networks,PENTAGON FRANCHISE,202602,1674.42,1506.98,167.44,0.9,PENDING,BANK_TRANSFER,,,SIMULATED
351064,Spruce Peak Communications,PENTAGON FRANCHISE,202602,1674.42,1506.98,167.44,0.9,PENDING,BANK_TRANSFER,,,SIMULATED
423153,Dawn Hill Ventures,PENTAGON FRANCHISE,202602,1674.42,1506.98,167.44,0.9,PENDING,BANK_TRANSFER,,,SIMULATED
382124,Sunset Port Communications,PENTAGON FRANCHISE,202602,1674.42,1506.98,167.44,0.9,PENDING,BANK_TRANSFER,,,SIMULATED
386072,Ivory Gate Ventures,PENTAGON FRANCHISE,202602,1674.42,1506.98,167.44,0.9,PENDING,BANK_TRANSFER,,,SIMULATED
379083,Winter Valley Trading,PENTAGON FRANCHISE,202602,1674.42,1506.98,167.44,0.9,PENDING,BANK_TRANSFER,,,SIMULATED
47026,Forest Hill Trading,ENTERPRISE BUSINESS,202602,1674.42,1506.98,167.44,0.9,PENDING,BANK_TRANSFER,,,SIMULATED
296074,Fern Isle Trading,ENTERPRISE BUSINESS,202602,1674.42,1506.98,167.44,0.9,PENDING,BANK_TRANSFER,,,SIMULATED
329072,Pine Bay Trading,PENTAGON FRANCHISE,202602,1674.42,1506.98,167.44,0.9,PENDING,BANK_TRANSFER,,,SIMULATED
296061,Stone Brook Networks,PENTAGON FRANCHISE,202602,1674.42,1506.98,167.44,0.9,PENDING,BANK_TRANSFER,,,SIMULATED
19400,Harbor Moon Communications,CONNECT STORES,202602,1674.42,1506.98,167.44,0.9,PENDING,MTN_INTERNAL_SETTLEMENT,,,SIMULATED
367086,Ember Brook Ventures,PENTAGON FRANCHISE,202602,1255.81,753.49,502.32,0.6,PARTIALLY_PAID,BANK_TRANSFER,2026-03-30,HIGH_UNQUALIFIED_RATE,SIMULATED
367071,Indigo Ridge Ventures,PENTAGON FRANCHISE,202602,1255.81,753.49,502.32,0.6,PARTIALLY_PAID,BANK_TRANSFER,2026-03-30,HIGH_UNQUALIFIED_RATE,SIMULATED
389080,Swift Brook Communications,PENTAGON FRANCHISE,202602,1255.81,1130.23,125.58,0.9,PENDING,BANK_TRANSFER,,,SIMULATED
437144,Willow Bay Trading,PENTAGON FRANCHISE,202602,1255.81,1130.23,125.58,0.9,PENDING,BANK_TRANSFER,,,SIMULATED
369074,Teal Grove Ventures,PENTAGON FRANCHISE,202602,1255.81,1130.23,125.58,0.9,PENDING,BANK_TRANSFER,,,SIMULATED
294128,Orchid Crown Communications,PENTAGON FRANCHISE,202602,1255.81,1130.23,125.58,0.9,PENDING,BANK_TRANSFER,,,SIMULATED
338058,Harbor Horizon Trading,PENTAGON FRANCHISE,202602,1255.81,753.49,502.32,0.6,PARTIALLY_PAID,BANK_TRANSFER,2026-03-30,HIGH_UNQUALIFIED_RATE,SIMULATED
65033,Sunset Path Trading,CONNECT HUB,202602,1255.81,1130.23,125.58,0.9,PENDING,MTN_INTERNAL_SETTLEMENT,,,SIMULATED
19350,Sage Glen Ventures,CONNECT STORES,202602,1255.81,753.49,502.32,0.6,PARTIALLY_PAID,MTN_INTERNAL_SETTLEMENT,2026-03-30,HIGH_UNQUALIFIED_RATE,SIMULATED
385083,Birch Wind Communications,PENTAGON FRANCHISE,202602,1255.81,1130.23,125.58,0.9,PENDING,BANK_TRANSFER,,,SIMULATED
355062,Harbor Moon Ventures,PENTAGON FRANCHISE,202602,1255.81,1130.23,125.58,0.9,PENDING,BANK_TRANSFER,,,SIMULATED
408085,Coral Stream Ventures,PENTAGON FRANCHISE,202602,1255.81,1130.23,125.58,0.9,PENDING,BANK_TRANSFER,,,SIMULATED
255047,Sunset Spring Networks,PENTAGON FRANCHISE,202602,1255.81,1130.23,125.58,0.9,PENDING,BANK_TRANSFER,,,SIMULATED
365102,Rowan Haven Trading,PENTAGON FRANCHISE,202602,1255.81,1130.23,125.58,0.9,PENDING,BANK_TRANSFER,,,SIMULATED
374078,Jade Isle Trading,PENTAGON FRANCHISE,202602,1255.81,1130.23,125.58,0.9,PENDING,BANK_TRANSFER,,,SIMULATED
377078,Ocean Field Trading,PENTAGON FRANCHISE,202602,1255.81,1130.23,125.58,0.9,PENDING,BANK_TRANSFER,,,SIMULATED
365111,Silver Brook Trading,PENTAGON FRANCHISE,202602,1255.81,1130.23,125.58,0.9,PENDING,BANK_TRANSFER,,,SIMULATED
341069,Ruby Vale Ventures,PENTAGON FRANCHISE,202602,1255.81,1130.23,125.58,0.9,PENDING,BANK_TRANSFER,,,SIMULATED
357070,Sunset Point Communications,PENTAGON FRANCHISE,202602,1255.81,1130.23,125.58,0.9,PENDING,BANK_TRANSFER,,,SIMULATED
345058,Sunset Point Trading,PENTAGON FRANCHISE,202602,1255.81,1130.23,125.58,0.9,PENDING,BANK_TRANSFER,,,SIMULATED
379085,Sage Peak Ventures,PENTAGON FRANCHISE,202602,1255.81,1130.23,125.58,0.9,PENDING,BANK_TRANSFER,,,SIMULATED
341066,Pine Star Communications,PENTAGON FRANCHISE,202602,1255.81,1130.23,125.58,0.9,PENDING,BANK_TRANSFER,,,SIMULATED
329068,Harbor Valley Ventures,PENTAGON FRANCHISE,202602,1255.81,1130.23,125.58,0.9,PENDING,BANK_TRANSFER,,,SIMULATED
350065,Opal Beacon Ventures,PENTAGON FRANCHISE,202602,1255.81,1130.23,125.58,0.9,PENDING,BANK_TRANSFER,,,SIMULATED
374077,Sage Dale Trading,PENTAGON FRANCHISE,202602,1255.81,753.49,502.32,0.6,PARTIALLY_PAID,BANK_TRANSFER,2026-03-30,HIGH_UNQUALIFIED_RATE,SIMULATED
332066,Silver Moon Ventures,PENTAGON FRANCHISE,202602,1255.81,1130.23,125.58,0.9,PENDING,BANK_TRANSFER,,,SIMULATED
365114,Oak Leaf Communications,PENTAGON FRANCHISE,202602,1255.81,753.49,502.32,0.6,PARTIALLY_PAID,BANK_TRANSFER,2026-03-30,HIGH_UNQUALIFIED_RATE,SIMULATED
382115,Rowan Haven Communications,PENTAGON FRANCHISE,202602,1255.81,1130.23,125.58,0.9,PENDING,BANK_TRANSFER,,,SIMULATED
358071,Crystal Leaf Communications,PENTAGON FRANCHISE,202602,1255.81,753.49,502.32,0.6,PARTIALLY_PAID,BANK_TRANSFER,2026-03-30,HIGH_UNQUALIFIED_RATE,SIMULATED
332061,Swift Grove Trading,PENTAGON FRANCHISE,202602,1255.81,1130.23,125.58,0.9,PENDING,BANK_TRANSFER,,,SIMULATED
19387,Cedar Stream Ventures,CONNECT STORES,202602,1255.81,753.49,502.32,0.6,PARTIALLY_PAID,MTN_INTERNAL_SETTLEMENT,2026-03-30,HIGH_UNQUALIFIED_RATE,SIMULATED
327086,Cedar Gate Ventures,PENTAGON FRANCHISE,202602,1255.81,1130.23,125.58,0.9,PENDING,BANK_TRANSFER,,,SIMULATED
400086,Azure Trail Networks,PENTAGON FRANCHISE,202602,1255.81,1130.23,125.58,0.9,PENDING,BANK_TRANSFER,,,SIMULATED
339062,Harbor Star Communications,PENTAGON FRANCHISE,202602,1255.81,1130.23,125.58,0.9,PENDING,BANK_TRANSFER,,,SIMULATED
400093,Dawn Bridge Networks,PENTAGON FRANCHISE,202602,1255.81,1130.23,125.58,0.9,PENDING,BANK_TRANSFER,,,SIMULATED
356068,Winter Trail Communications,PENTAGON FRANCHISE,202602,1255.81,1130.23,125.58,0.9,PENDING,BANK_TRANSFER,,,SIMULATED
322063,Pearl Ridge Networks,PENTAGON FRANCHISE,202602,1255.81,753.49,502.32,0.6,PARTIALLY_PAID,BANK_TRANSFER,2026-03-30,HIGH_UNQUALIFIED_RATE,SIMULATED
416149,Coral Sky Trading,PENTAGON FRANCHISE,202602,1255.81,1130.23,125.58,0.9,PENDING,BANK_TRANSFER,,,SIMULATED
19964,River Star Communications,DEALER,202602,1255.81,1130.23,125.58,0.9,PENDING,BANK_TRANSFER,,,SIMULATED
347059,Azure Light Communications,PENTAGON FRANCHISE,202602,1255.81,1130.23,125.58,0.9,PENDING,BANK_TRANSFER,,,SIMULATED
71046,Hazel Hill Ventures,SIM REG AGENCY,202602,1255.81,753.49,502.32,0.6,PARTIALLY_PAID,BANK_TRANSFER,2026-03-30,HIGH_UNQUALIFIED_RATE,SIMULATED
19660,Coral Haven Networks,DEALER,202602,1255.81,1130.23,125.58,0.9,PENDING,BANK_TRANSFER,,,SIMULATED
377070,Maple Crest Trading,PENTAGON FRANCHISE,202602,1255.81,1130.23,125.58,0.9,PENDING,BANK_TRANSFER,,,SIMULATED
408086,Sunset Sky Communications,PENTAGON FRANCHISE,202602,1255.81,1130.23,125.58,0.9,PENDING,BANK_TRANSFER,,,SIMULATED
350062,Hazel Meadow Trading,PENTAGON FRANCHISE,202602,1255.81,1130.23,125.58,0.9,PENDING,BANK_TRANSFER,,,SIMULATED
393084,Ivory Stream Networks,PENTAGON FRANCHISE,202602,1255.81,1130.23,125.58,0.9,PENDING,BANK_TRANSFER,,,SIMULATED
295077,Pearl Stone Communications,PENTAGON FRANCHISE,202602,1255.81,1130.23,125.58,0.9,PENDING,BANK_TRANSFER,,,SIMULATED
328066,Dawn Field Communications,PENTAGON FRANCHISE,202602,1255.81,1130.23,125.58,0.9,PENDING,BANK_TRANSFER,,,SIMULATED
353068,Azure Valley Ventures,PENTAGON FRANCHISE,202602,1255.81,1130.23,125.58,0.9,PENDING,BANK_TRANSFER,,,SIMULATED
334060,Coral View Communications,PENTAGON FRANCHISE,202602,1255.81,1130.23,125.58,0.9,PENDING,BANK_TRANSFER,,,SIMULATED
322064,Ivory Valley Trading,PENTAGON FRANCHISE,202602,1255.81,753.49,502.32,0.6,PARTIALLY_PAID,BANK_TRANSFER,2026-03-30,HIGH_UNQUALIFIED_RATE,SIMULATED
107032,Forest Delta Ventures,ENTERPRISE BUSINESS,202602,1255.81,1130.23,125.58,0.9,PENDING,BANK_TRANSFER,,,SIMULATED
379105,Ember Stream Ventures,PENTAGON FRANCHISE,202602,1255.81,1130.23,125.58,0.9,PENDING,BANK_TRANSFER,,,SIMULATED
366073,Forest Bridge Ventures,PENTAGON FRANCHISE,202602,1255.81,753.49,502.32,0.6,PARTIALLY_PAID,BANK_TRANSFER,2026-03-30,HIGH_UNQUALIFIED_RATE,SIMULATED
368082,Sunset Park Communications,PENTAGON FRANCHISE,202602,1255.81,1130.23,125.58,0.9,PENDING,BANK_TRANSFER,,,SIMULATED
19676,Ivory Crest Ventures,DATA PARTNERS,202602,1255.81,753.49,502.32,0.6,PARTIALLY_PAID,BANK_TRANSFER,2026-03-30,HIGH_UNQUALIFIED_RATE,SIMULATED
19380,Spruce Wood Ventures,CONNECT STORES,202602,1255.81,753.49,502.32,0.6,PARTIALLY_PAID,MTN_INTERNAL_SETTLEMENT,2026-03-30,HIGH_UNQUALIFIED_RATE,SIMULATED
342070,Juniper Leaf Communications,PENTAGON FRANCHISE,202602,1255.81,1130.23,125.58,0.9,PENDING,BANK_TRANSFER,,,SIMULATED
379076,Winter Wood Trading,PENTAGON FRANCHISE,202602,1255.81,1130.23,125.58,0.9,PENDING,BANK_TRANSFER,,,SIMULATED
19606,Laurel Stream Ventures,CONNECT STORES,202602,1255.81,1130.23,125.58,0.9,PENDING,MTN_INTERNAL_SETTLEMENT,,,SIMULATED
344067,Laurel Leaf Trading,PENTAGON FRANCHISE,202602,1255.81,1130.23,125.58,0.9,PENDING,BANK_TRANSFER,,,SIMULATED
386071,Olive Isle Communications,PENTAGON FRANCHISE,202602,1255.81,1130.23,125.58,0.9,PENDING,BANK_TRANSFER,,,SIMULATED
328069,Azure Crest Trading,PENTAGON FRANCHISE,202602,1255.81,1130.23,125.58,0.9,PENDING,BANK_TRANSFER,,,SIMULATED
367087,Meadow Stream Trading,PENTAGON FRANCHISE,202602,1255.81,1130.23,125.58,0.9,PENDING,BANK_TRANSFER,,,SIMULATED
366070,Forest Point Communications,PENTAGON FRANCHISE,202602,1255.81,1130.23,125.58,0.9,PENDING,BANK_TRANSFER,,,SIMULATED
21283,Ember Coast Trading,DEALER,202602,1255.81,1130.23,125.58,0.9,PENDING,BANK_TRANSFER,,,SIMULATED
405089,Rowan Light Communications,DEALER,202602,1255.81,1130.23,125.58,0.9,PENDING,BANK_TRANSFER,,,SIMULATED
365101,Golden Field Trading,PENTAGON FRANCHISE,202602,1255.81,1130.23,125.58,0.9,PENDING,BANK_TRANSFER,,,SIMULATED
365121,Raven Hill Trading,PENTAGON FRANCHISE,202602,1255.81,1130.23,125.58,0.9,PENDING,BANK_TRANSFER,,,SIMULATED
19870,Meadow Horizon Trading,DEALER,202602,1255.81,1130.23,125.58,0.9,PENDING,BANK_TRANSFER,,,SIMULATED
322062,Aspen Peak Trading,PENTAGON FRANCHISE,202602,0.0,0.0,0.0,0.2,FULLY_PAID,BANK_TRANSFER,2026-03-25,ALL_UNQUALIFIED,SIMULATED
19840,Laurel Park Trading,CONNECT STORES,202602,0.0,0.0,0.0,0.2,FULLY_PAID,MTN_INTERNAL_SETTLEMENT,2026-03-25,ALL_UNQUALIFIED,SIMULATED
341062,Quartz Leaf Trading,PENTAGON FRANCHISE,202602,0.0,0.0,0.0,0.2,FULLY_PAID,BANK_TRANSFER,2026-03-25,ALL_UNQUALIFIED,SIMULATED
349083,Willow Vale Trading,PENTAGON FRANCHISE,202602,0.0,0.0,0.0,0.2,FULLY_PAID,BANK_TRANSFER,2026-03-25,ALL_UNQUALIFIED,SIMULATED
430148,Rowan Wave Ventures,PENTAGON FRANCHISE,202602,0.0,0.0,0.0,0.2,FULLY_PAID,BANK_TRANSFER,2026-03-25,ALL_UNQUALIFIED,SIMULATED
391084,Ivory Wave Ventures,PENTAGON FRANCHISE,202602,0.0,0.0,0.0,0.2,FULLY_PAID,BANK_TRANSFER,2026-03-25,ALL_UNQUALIFIED,SIMULATED
350066,Forest Valley Trading,ENTERPRISE BUSINESS,202602,0.0,0.0,0.0,0.2,FULLY_PAID,BANK_TRANSFER,2026-03-25,ALL_UNQUALIFIED,SIMULATED
19946,Willow Path Ventures,CONNECT STORES,202602,0.0,0.0,0.0,0.2,FULLY_PAID,MTN_INTERNAL_SETTLEMENT,2026-03-25,ALL_UNQUALIFIED,SIMULATED
19398,Harbor Moon Communications,CONNECT STORES,202602,0.0,0.0,0.0,0.2,FULLY_PAID,MTN_INTERNAL_SETTLEMENT,2026-03-25,ALL_UNQUALIFIED,SIMULATED
357075,Silver Trail Trading,FIXED BROADBAND,202602,0.0,0.0,0.0,0.2,FULLY_PAID,BANK_TRANSFER,2026-03-25,ALL_UNQUALIFIED,SIMULATED
296062,Meadow Stream Communications,PENTAGON FRANCHISE,202602,0.0,0.0,0.0,0.2,FULLY_PAID,BANK_TRANSFER,2026-03-25,ALL_UNQUALIFIED,SIMULATED
356084,Harbor Crest Communications,PENTAGON FRANCHISE,202602,0.0,0.0,0.0,0.2,FULLY_PAID,BANK_TRANSFER,2026-03-25,ALL_UNQUALIFIED,SIMULATED
338059,Sunset Hill Ventures,PENTAGON FRANCHISE,202602,0.0,0.0,0.0,0.2,FULLY_PAID,BANK_TRANSFER,2026-03-25,ALL_UNQUALIFIED,SIMULATED
19514,Pearl Crest Communications,DEALER,202602,0.0,0.0,0.0,0.2,FULLY_PAID,BANK_TRANSFER,2026-03-25,ALL_UNQUALIFIED,SIMULATED
19982,River Stone Trading,DATA PARTNERS,202602,0.0,0.0,0.0,0.2,FULLY_PAID,BANK_TRANSFER,2026-03-25,ALL_UNQUALIFIED,SIMULATED
19401,Harbor Moon Communications,CONNECT STORES,202602,0.0,0.0,0.0,0.2,FULLY_PAID,MTN_INTERNAL_SETTLEMENT,2026-03-25,ALL_UNQUALIFIED,SIMULATED
281059,Elm Port Communications,PENTAGON FRANCHISE,202602,0.0,0.0,0.0,0.2,FULLY_PAID,BANK_TRANSFER,2026-03-25,ALL_UNQUALIFIED,SIMULATED
357095,Silver Trail Trading,PENTAGON FRANCHISE,202602,0.0,0.0,0.0,0.2,FULLY_PAID,BANK_TRANSFER,2026-03-25,ALL_UNQUALIFIED,SIMULATED
322058,Orchid Valley Networks,PENTAGON FRANCHISE,202602,0.0,0.0,0.0,0.2,FULLY_PAID,BANK_TRANSFER,2026-03-25,ALL_UNQUALIFIED,SIMULATED
328063,Forest Wood Trading,PENTAGON FRANCHISE,202602,0.0,0.0,0.0,0.2,FULLY_PAID,BANK_TRANSFER,2026-03-25,ALL_UNQUALIFIED,SIMULATED
280062,Oak Field Communications,PENTAGON FRANCHISE,202602,0.0,0.0,0.0,0.2,FULLY_PAID,BANK_TRANSFER,2026-03-25,ALL_UNQUALIFIED,SIMULATED
357094,Orchid Coast Trading,PENTAGON FRANCHISE,202602,0.0,0.0,0.0,0.2,FULLY_PAID,BANK_TRANSFER,2026-03-25,ALL_UNQUALIFIED,SIMULATED
327082,Stone Haven Networks,PENTAGON FRANCHISE,202602,0.0,0.0,0.0,0.2,FULLY_PAID,BANK_TRANSFER,2026-03-25,ALL_UNQUALIFIED,SIMULATED
349073,Amber Horizon Communications,PENTAGON FRANCHISE,202602,0.0,0.0,0.0,0.2,FULLY_PAID,BANK_TRANSFER,2026-03-25,ALL_UNQUALIFIED,SIMULATED
334058,Sage Brook Ventures,PENTAGON FRANCHISE,202602,0.0,0.0,0.0,0.2,FULLY_PAID,BANK_TRANSFER,2026-03-25,ALL_UNQUALIFIED,SIMULATED
405090,Forest Stone Networks,DEALER,202602,0.0,0.0,0.0,0.2,FULLY_PAID,BANK_TRANSFER,2026-03-25,ALL_UNQUALIFIED,SIMULATED
379075,Ocean Wave Communications,PENTAGON FRANCHISE,202602,0.0,0.0,0.0,0.2,FULLY_PAID,BANK_TRANSFER,2026-03-25,ALL_UNQUALIFIED,SIMULATED
74050,Stone Light Networks,FIXED BROADBAND,202603,1140192.85,1026173.57,114019.28,0.9,PENDING,BANK_TRANSFER,,,SIMULATED
296065,River Isle Ventures,ENTERPRISE BUSINESS,202603,920811.58,368324.63,552486.95,0.4,DISPUTED,BANK_TRANSFER,,CONFIRMED_MISMATCH,SIMULATED
98052,Ember Hill Networks,FIXED BROADBAND,202603,914510.6499999999,823059.58,91451.07,0.9,PENDING,BANK_TRANSFER,,,SIMULATED
73037,Azure Trail Networks,ENTERPRISE BUSINESS,202603,818510.4199999999,736659.38,81851.04,0.9,PENDING,BANK_TRANSFER,,,SIMULATED
19392,Pine Lake Ventures,CONNECT STORES,202603,616073.9099999999,554466.52,61607.39,0.9,PENDING,MTN_INTERNAL_SETTLEMENT,,,SIMULATED
88031,Oak Field Communications,FIXED BROADBAND,202603,614889.8899999999,553400.9,61488.99,0.9,PENDING,BANK_TRANSFER,,,SIMULATED
90032,Quartz Meadow Networks,FIXED BROADBAND,202603,600183.11,540164.8,60018.31,0.9,PENDING,BANK_TRANSFER,,,SIMULATED
19477,Ocean Vale Ventures,CONNECT STORES,202603,558389.72,502550.75,55838.97,0.9,PENDING,MTN_INTERNAL_SETTLEMENT,,,SIMULATED
213044,Silver Grove Communications,CONNECT STORES,202603,514949.94999999995,463454.95,51495.0,0.9,PENDING,MTN_INTERNAL_SETTLEMENT,,,SIMULATED
357063,Azure Leaf Communications,FIXED BROADBAND,202603,509546.8599999999,458592.17,50954.69,0.9,PENDING,BANK_TRANSFER,,,SIMULATED
69031,Azure Leaf Communications,DATA PARTNERS,202603,472396.8399999999,425157.16,47239.68,0.9,PENDING,BANK_TRANSFER,,,SIMULATED
19657,Birch Wave Ventures,DATA PARTNERS,202603,430960.95999999996,387864.86,43096.1,0.9,PENDING,BANK_TRANSFER,,,SIMULATED
205044,Sunset Crest Communications,FIXED BROADBAND,202603,426093.8899999999,383484.5,42609.39,0.9,PENDING,BANK_TRANSFER,,,SIMULATED
19664,Cedar Stone Communications,DATA PARTNERS,202603,423850.39999999997,381465.36,42385.04,0.9,PENDING,BANK_TRANSFER,,,SIMULATED
19562,Indigo Arc Communications,DATA PARTNERS,202603,392929.67000000004,157171.87,235757.8,0.4,DISPUTED,BANK_TRANSFER,,CONFIRMED_MISMATCH,SIMULATED
379100,Laurel Light Ventures,FIXED BROADBAND,202603,366457.22,329811.5,36645.72,0.9,PENDING,BANK_TRANSFER,,,SIMULATED
98053,Raven Sky Networks,FIXED BROADBAND,202603,365084.44000000006,328576.0,36508.44,0.9,PENDING,BANK_TRANSFER,,,SIMULATED
19948,Meadow Haven Networks,DATA PARTNERS,202603,363047.14,326742.43,36304.71,0.9,PENDING,BANK_TRANSFER,,,SIMULATED
311069,Cedar Stone Communications,FIXED BROADBAND,202603,359023.08,323120.77,35902.31,0.9,PENDING,BANK_TRANSFER,,,SIMULATED
19793,Jade Lake Communications,CONNECT STORES,202603,330769.86,297692.87,33076.99,0.9,PENDING,MTN_INTERNAL_SETTLEMENT,,,SIMULATED
19958,Meadow Wind Networks,CONNECT STORES,202603,318463.14,286616.83,31846.31,0.9,PENDING,MTN_INTERNAL_SETTLEMENT,,,SIMULATED
19647,Silver Valley Ventures,CONNECT STORES,202603,305123.47,274611.12,30512.35,0.9,PENDING,MTN_INTERNAL_SETTLEMENT,,,SIMULATED
19357,Quartz Meadow Networks,DATA PARTNERS,202603,300563.08999999997,270506.78,30056.31,0.9,PENDING,BANK_TRANSFER,,,SIMULATED
19618,Golden Moon Communications,CONNECT STORES,202603,298693.63999999996,268824.28,29869.36,0.9,PENDING,MTN_INTERNAL_SETTLEMENT,,,SIMULATED
369075,Coral Sky Communications,FIXED BROADBAND,202603,289216.49,260294.84,28921.65,0.9,PENDING,BANK_TRANSFER,,,SIMULATED
110035,Olive Hill Networks,FIXED BROADBAND,202603,288473.73999999993,115389.5,173084.24,0.4,DISPUTED,BANK_TRANSFER,,CONFIRMED_MISMATCH,SIMULATED
95040,Hazel Light Communications,FIXED BROADBAND,202603,281363.22,253226.9,28136.32,0.9,PENDING,BANK_TRANSFER,,,SIMULATED
19785,Stone Crest Ventures,DATA PARTNERS,202603,272053.68,244848.31,27205.37,0.9,PENDING,BANK_TRANSFER,,,SIMULATED
19478,Ocean Vale Ventures,CONNECT STORES,202603,269218.07999999996,242296.27,26921.81,0.9,PENDING,MTN_INTERNAL_SETTLEMENT,,,SIMULATED
19810,Birch Path Networks,CONNECT STORES,202603,265188.1699999999,238669.35,26518.82,0.9,PENDING,MTN_INTERNAL_SETTLEMENT,,,SIMULATED
250047,Quartz Vale Trading,FIXED BROADBAND,202603,261995.53999999995,235795.99,26199.55,0.9,PENDING,BANK_TRANSFER,,,SIMULATED
19372,Jade Point Trading,CONNECT STORES,202603,261488.11,235339.3,26148.81,0.9,PENDING,MTN_INTERNAL_SETTLEMENT,,,SIMULATED
19839,Laurel Park Trading,CONNECT STORES,202603,246362.49999999997,98545.0,147817.5,0.4,DISPUTED,MTN_INTERNAL_SETTLEMENT,,CONFIRMED_MISMATCH,SIMULATED
409091,Laurel Light Ventures,PENTAGON FRANCHISE,202603,245301.57999999996,98120.63,147180.95,0.4,DISPUTED,BANK_TRANSFER,,CONFIRMED_MISMATCH,SIMULATED
19643,Birch Meadow Communications,CONNECT STORES,202603,244744.05,220269.64,24474.41,0.9,PENDING,MTN_INTERNAL_SETTLEMENT,,,SIMULATED
19649,Silver Valley Ventures,CONNECT STORES,202603,244638.02,220174.22,24463.8,0.9,PENDING,MTN_INTERNAL_SETTLEMENT,,,SIMULATED
19554,Ruby Reach Ventures,DATA PARTNERS,202603,239396.78999999998,215457.11,23939.68,0.9,PENDING,BANK_TRANSFER,,,SIMULATED
21276,Stone Light Networks,ENTERPRISE BUSINESS,202603,233798.70999999996,210418.84,23379.87,0.9,PENDING,BANK_TRANSFER,,,SIMULATED
254048,Juniper Shore Communications,ENTERPRISE BUSINESS,202603,232180.13999999998,92872.06,139308.08,0.4,DISPUTED,BANK_TRANSFER,,CONFIRMED_MISMATCH,SIMULATED
379102,Coral Haven Trading,FIXED BROADBAND,202603,225063.84999999995,202557.46,22506.39,0.9,PENDING,BANK_TRANSFER,,,SIMULATED
19367,Jade Point Trading,CONNECT STORES,202603,219677.94999999995,87871.18,131806.77,0.4,DISPUTED,MTN_INTERNAL_SETTLEMENT,,CONFIRMED_MISMATCH,SIMULATED
19808,Ivory Spring Networks,DATA PARTNERS,202603,217372.87999999998,195635.59,21737.29,0.9,PENDING,BANK_TRANSFER,,,SIMULATED
98048,Coral Wave Networks,FIXED BROADBAND,202603,215162.21999999994,193646.0,21516.22,0.9,PENDING,BANK_TRANSFER,,,SIMULATED
19761,Ivory Peak Networks,DATA PARTNERS,202603,211088.28000000003,189979.45,21108.83,0.9,PENDING,BANK_TRANSFER,,,SIMULATED
74051,Forest Arc Trading,FIXED BROADBAND,202603,210507.50999999998,189456.76,21050.75,0.9,PENDING,BANK_TRANSFER,,,SIMULATED
19494,Olive Reach Ventures,DATA PARTNERS,202603,208051.76,187246.58,20805.18,0.9,PENDING,BANK_TRANSFER,,,SIMULATED
21258,Oak Crest Networks,CONNECT STORES,202603,207432.43000000002,186689.19,20743.24,0.9,PENDING,MTN_INTERNAL_SETTLEMENT,,,SIMULATED
265054,Raven Arc Ventures,FIXED BROADBAND,202603,202085.25000000003,181876.73,20208.52,0.9,PENDING,BANK_TRANSFER,,,SIMULATED
337088,Sage Wood Trading,PENTAGON FRANCHISE,202603,199673.88999999996,79869.56,119804.33,0.4,DISPUTED,BANK_TRANSFER,,CONFIRMED_MISMATCH,SIMULATED
78073,Coral View Communications,FIXED BROADBAND,202603,198786.55,178907.89,19878.66,0.9,PENDING,BANK_TRANSFER,,,SIMULATED
19437,Birch Dale Communications,CONNECT STORES,202603,198116.99999999997,178305.3,19811.7,0.9,PENDING,MTN_INTERNAL_SETTLEMENT,,,SIMULATED
97095,Quartz Delta Ventures,FIXED BROADBAND,202603,196643.34,176979.01,19664.33,0.9,PENDING,BANK_TRANSFER,,,SIMULATED
19597,Olive Wave Ventures,CONNECT STORES,202603,192987.66999999998,173688.9,19298.77,0.9,PENDING,MTN_INTERNAL_SETTLEMENT,,,SIMULATED
336060,Orchid Sky Communications,FIXED BROADBAND,202603,191313.27,172181.94,19131.33,0.9,PENDING,BANK_TRANSFER,,,SIMULATED
19355,Juniper Stone Communications,CONNECT STORES,202603,190420.19999999998,171378.18,19042.02,0.9,PENDING,MTN_INTERNAL_SETTLEMENT,,,SIMULATED
19555,Teal Reach Networks,CONNECT STORES,202603,189432.4,170489.16,18943.24,0.9,PENDING,MTN_INTERNAL_SETTLEMENT,,,SIMULATED
19461,Orchid View Networks,CONNECT STORES,202603,186814.69,168133.22,18681.47,0.9,PENDING,MTN_INTERNAL_SETTLEMENT,,,SIMULATED
19648,Silver Valley Ventures,CONNECT STORES,202603,180530.16999999998,162477.15,18053.02,0.9,PENDING,MTN_INTERNAL_SETTLEMENT,,,SIMULATED
19632,Coral Point Ventures,CONNECT STORES,202603,180530.07,162477.06,18053.01,0.9,PENDING,MTN_INTERNAL_SETTLEMENT,,,SIMULATED
19818,Winter View Communications,CONNECT STORES,202603,178442.63,160598.37,17844.26,0.9,PENDING,MTN_INTERNAL_SETTLEMENT,,,SIMULATED
19382,Willow Stone Trading,DATA PARTNERS,202603,178018.40999999997,160216.57,17801.84,0.9,PENDING,BANK_TRANSFER,,,SIMULATED
255075,Quartz Light Ventures,FIXED BROADBAND,202603,177906.44999999995,160115.8,17790.65,0.9,PENDING,BANK_TRANSFER,,,SIMULATED
21259,Oak Crest Networks,CONNECT STORES,202603,177024.86000000004,159322.37,17702.49,0.9,PENDING,MTN_INTERNAL_SETTLEMENT,,,SIMULATED
291067,Juniper Light Networks,ENTERPRISE BUSINESS,202603,175925.3,158332.77,17592.53,0.9,PENDING,BANK_TRANSFER,,,SIMULATED
214045,Quartz Park Trading,FIXED BROADBAND,202603,175344.76999999996,157810.29,17534.48,0.9,PENDING,BANK_TRANSFER,,,SIMULATED
19523,Juniper Coast Networks,DATA PARTNERS,202603,174926.1,157433.49,17492.61,0.9,PENDING,BANK_TRANSFER,,,SIMULATED
21260,Oak Crest Networks,CONNECT STORES,202603,173575.66,156218.09,17357.57,0.9,PENDING,MTN_INTERNAL_SETTLEMENT,,,SIMULATED
19698,Aspen Park Networks,DATA PARTNERS,202603,172726.95999999996,155454.26,17272.7,0.9,PENDING,BANK_TRANSFER,,,SIMULATED
90031,Indigo Haven Trading,FIXED BROADBAND,202603,168959.52999999997,152063.58,16895.95,0.9,PENDING,BANK_TRANSFER,,,SIMULATED
19366,Jade Point Trading,CONNECT STORES,202603,164784.96999999997,148306.47,16478.5,0.9,PENDING,MTN_INTERNAL_SETTLEMENT,,,SIMULATED
19513,Opal Ridge Communications,DATA PARTNERS,202603,163685.47,147316.92,16368.55,0.9,PENDING,BANK_TRANSFER,,,SIMULATED
19781,Raven Isle Communications,DEALER,202603,163635.25,98181.15,65454.1,0.6,PARTIALLY_PAID,BANK_TRANSFER,2026-04-30,HIGH_UNQUALIFIED_RATE,SIMULATED
232044,Swift Moon Communications,FIXED BROADBAND,202603,162418.13999999996,146176.33,16241.81,0.9,PENDING,BANK_TRANSFER,,,SIMULATED
395095,Topaz Light Communications,CONNECT HUB,202603,160598.95,144539.06,16059.89,0.9,PENDING,MTN_INTERNAL_SETTLEMENT,,,SIMULATED
19420,Stone Ridge Trading,DATA PARTNERS,202603,160168.86,144151.97,16016.89,0.9,PENDING,BANK_TRANSFER,,,SIMULATED
255073,Azure Ridge Ventures,ENTERPRISE BUSINESS,202603,159543.88000000003,143589.49,15954.39,0.9,PENDING,BANK_TRANSFER,,,SIMULATED
74049,Linden Park Communications,ENTERPRISE BUSINESS,202603,158868.62,142981.76,15886.86,0.9,PENDING,BANK_TRANSFER,,,SIMULATED
19609,Topaz Leaf Networks,CONNECT STORES,202603,157925.40999999997,142132.87,15792.54,0.9,PENDING,MTN_INTERNAL_SETTLEMENT,,,SIMULATED
353061,Forest Reach Communications,FIXED BROADBAND,202603,154308.52,138877.67,15430.85,0.9,PENDING,BANK_TRANSFER,,,SIMULATED
121038,River Isle Ventures,FIXED BROADBAND,202603,153002.44999999998,137702.2,15300.25,0.9,PENDING,BANK_TRANSFER,,,SIMULATED
215043,Stone Stone Trading,FIXED BROADBAND,202603,150803.30999999997,135722.98,15080.33,0.9,PENDING,BANK_TRANSFER,,,SIMULATED
19345,Harbor Brook Ventures,CONNECT STORES,202603,148928.21,134035.39,14892.82,0.9,PENDING,MTN_INTERNAL_SETTLEMENT,,,SIMULATED
19594,Olive Wave Ventures,CONNECT STORES,202603,148135.49999999997,133321.95,14813.55,0.9,PENDING,MTN_INTERNAL_SETTLEMENT,,,SIMULATED
107037,Winter Delta Ventures,FIXED BROADBAND,202603,147404.38999999998,132663.95,14740.44,0.9,PENDING,BANK_TRANSFER,,,SIMULATED
65032,Orchid View Networks,CONNECT HUB,202603,146522.68,131870.41,14652.27,0.9,PENDING,MTN_INTERNAL_SETTLEMENT,,,SIMULATED
19969,River Isle Trading,DATA PARTNERS,202603,145936.37999999998,131342.74,14593.64,0.9,PENDING,BANK_TRANSFER,,,SIMULATED
19501,Laurel Peak Networks,DATA PARTNERS,202603,145367.23,130830.51,14536.72,0.9,PENDING,BANK_TRANSFER,,,SIMULATED
83035,Amber Park Communications,FIXED BROADBAND,202603,143843.36999999997,129459.03,14384.34,0.9,PENDING,BANK_TRANSFER,,,SIMULATED
206055,Jade Arc Ventures,CONNECT STORES,202603,138563.52,124707.17,13856.35,0.9,PENDING,MTN_INTERNAL_SETTLEMENT,,,SIMULATED
68028,Teal Delta Ventures,ENTERPRISE BUSINESS,202603,138195.17,124375.65,13819.52,0.9,PENDING,BANK_TRANSFER,,,SIMULATED
19628,Coral Point Ventures,CONNECT STORES,202603,137938.44,82763.06,55175.38,0.6,PARTIALLY_PAID,MTN_INTERNAL_SETTLEMENT,2026-04-30,HIGH_UNQUALIFIED_RATE,SIMULATED
19580,Topaz Bridge Trading,CONNECT STORES,202603,137726.40000000002,123953.76,13772.64,0.9,PENDING,MTN_INTERNAL_SETTLEMENT,,,SIMULATED
78075,Jade View Ventures,FIXED BROADBAND,202603,137251.8,123526.62,13725.18,0.9,PENDING,BANK_TRANSFER,,,SIMULATED
290074,Ocean Field Trading,FIXED BROADBAND,202603,136727.13999999998,123054.43,13672.71,0.9,PENDING,BANK_TRANSFER,,,SIMULATED
19549,Azure Crest Communications,CONNECT STORES,202603,136001.72,122401.55,13600.17,0.9,PENDING,MTN_INTERNAL_SETTLEMENT,,,SIMULATED
341065,Quartz Coast Networks,PENTAGON FRANCHISE,202603,133796.81,120417.13,13379.68,0.9,PENDING,BANK_TRANSFER,,,SIMULATED
19816,Winter View Communications,CONNECT STORES,202603,132546.88999999998,119292.2,13254.69,0.9,PENDING,MTN_INTERNAL_SETTLEMENT,,,SIMULATED
206053,Raven Arc Ventures,ENTERPRISE BUSINESS,202603,130397.98999999998,117358.19,13039.8,0.9,PENDING,BANK_TRANSFER,,,SIMULATED
19913,Forest Lake Ventures,DEALER,202603,130297.64999999998,117267.88,13029.77,0.9,PENDING,BANK_TRANSFER,,,SIMULATED
19809,Birch Point Ventures,DATA PARTNERS,202603,129616.55999999998,116654.9,12961.66,0.9,PENDING,BANK_TRANSFER,,,SIMULATED
295085,Harbor Field Networks,FIXED BROADBAND,202603,129348.48999999996,116413.64,12934.85,0.9,PENDING,BANK_TRANSFER,,,SIMULATED
19615,Raven Port Trading,DATA PARTNERS,202603,128092.71999999997,115283.45,12809.27,0.9,PENDING,BANK_TRANSFER,,,SIMULATED
19462,Orchid View Networks,DEALER,202603,125430.65999999997,112887.59,12543.07,0.9,PENDING,BANK_TRANSFER,,,SIMULATED
437141,Harbor Isle Communications,PENTAGON FRANCHISE,202603,125012.08999999998,50004.84,75007.25,0.4,DISPUTED,BANK_TRANSFER,,CONFIRMED_MISMATCH,SIMULATED
19837,Jade Haven Trading,DATA PARTNERS,202603,124437.14999999998,111993.43,12443.72,0.9,PENDING,BANK_TRANSFER,,,SIMULATED
353073,Raven Grove Networks,ENTERPRISE BUSINESS,202603,124168.97999999998,111752.08,12416.9,0.9,PENDING,BANK_TRANSFER,,,SIMULATED
255074,Teal Stream Networks,ENTERPRISE BUSINESS,202603,123019.23999999998,110717.32,12301.92,0.9,PENDING,BANK_TRANSFER,,,SIMULATED
393087,Crystal Park Ventures,PENTAGON FRANCHISE,202603,122182.07999999999,109963.87,12218.21,0.9,PENDING,BANK_TRANSFER,,,SIMULATED
19642,Birch Meadow Communications,CONNECT STORES,202603,121400.72999999998,109260.66,12140.07,0.9,PENDING,MTN_INTERNAL_SETTLEMENT,,,SIMULATED
19953,Opal Dale Networks,DATA PARTNERS,202603,120457.45999999998,108411.71,12045.75,0.9,PENDING,BANK_TRANSFER,,,SIMULATED
83033,Meadow Dale Trading,FIXED BROADBAND,202603,119720.57999999996,107748.52,11972.06,0.9,PENDING,BANK_TRANSFER,,,SIMULATED
19577,Topaz Bridge Trading,CONNECT STORES,202603,118788.76999999999,106909.89,11878.88,0.9,PENDING,MTN_INTERNAL_SETTLEMENT,,,SIMULATED
19571,Rowan Light Communications,CONNECT STORES,202603,117945.92,106151.33,11794.59,0.9,PENDING,MTN_INTERNAL_SETTLEMENT,,,SIMULATED
54253,Topaz Haven Ventures,DATA PARTNERS,202603,117315.04999999997,105583.54,11731.51,0.9,PENDING,BANK_TRANSFER,,,SIMULATED
19746,Quartz Horizon Trading,CONNECT STORES,202603,116745.91999999998,105071.33,11674.59,0.9,PENDING,MTN_INTERNAL_SETTLEMENT,,,SIMULATED
20046,Teal Ridge Ventures,DEALER,202603,116589.66999999998,104930.7,11658.97,0.9,PENDING,BANK_TRANSFER,,,SIMULATED
311059,Winter Horizon Trading,PENTAGON FRANCHISE,202603,115903.08999999997,46361.24,69541.85,0.4,DISPUTED,BANK_TRANSFER,,CONFIRMED_MISMATCH,SIMULATED
295084,Stone Leaf Networks,PENTAGON FRANCHISE,202603,115640.68999999999,104076.62,11564.07,0.9,PENDING,BANK_TRANSFER,,,SIMULATED
19619,Golden Moon Communications,CONNECT STORES,202603,112978.48999999999,101680.64,11297.85,0.9,PENDING,MTN_INTERNAL_SETTLEMENT,,,SIMULATED
19415,Spruce Sky Trading,DATA PARTNERS,202603,112448.09999999999,101203.29,11244.81,0.9,PENDING,BANK_TRANSFER,,,SIMULATED
223046,Ivory Brook Communications,FIXED BROADBAND,202603,110355.04999999999,99319.54,11035.51,0.9,PENDING,BANK_TRANSFER,,,SIMULATED
19817,Winter View Communications,CONNECT STORES,202603,109467.64999999998,98520.88,10946.77,0.9,PENDING,MTN_INTERNAL_SETTLEMENT,,,SIMULATED
74054,Teal Port Networks,FIXED BROADBAND,202603,108680.64999999997,97812.58,10868.07,0.9,PENDING,BANK_TRANSFER,,,SIMULATED
19434,Crystal Leaf Ventures,DATA PARTNERS,202603,108636.21999999999,97772.6,10863.62,0.9,PENDING,BANK_TRANSFER,,,SIMULATED
249048,Indigo Lake Trading,FIXED BROADBAND,202603,108262.07999999997,97435.87,10826.21,0.9,PENDING,BANK_TRANSFER,,,SIMULATED
19579,Topaz Bridge Trading,CONNECT STORES,202603,107380.40999999999,96642.37,10738.04,0.9,PENDING,MTN_INTERNAL_SETTLEMENT,,,SIMULATED
19581,Topaz Bridge Trading,CONNECT STORES,202603,107380.39,96642.35,10738.04,0.9,PENDING,MTN_INTERNAL_SETTLEMENT,,,SIMULATED
19583,Topaz Bridge Trading,CONNECT STORES,202603,104081.72999999998,93673.56,10408.17,0.9,PENDING,MTN_INTERNAL_SETTLEMENT,,,SIMULATED
78074,Harbor Moon Ventures,FIXED BROADBAND,202603,101564.43999999999,91408.0,10156.44,0.9,PENDING,BANK_TRANSFER,,,SIMULATED
379092,Azure Trail Networks,PENTAGON FRANCHISE,202603,101464.04,91317.64,10146.4,0.9,PENDING,BANK_TRANSFER,,,SIMULATED
19394,Pine Lake Ventures,CONNECT STORES,202603,101464.01999999999,91317.62,10146.4,0.9,PENDING,MTN_INTERNAL_SETTLEMENT,,,SIMULATED
19896,Flint Grove Trading,CONNECT STORES,202603,100414.81999999999,90373.34,10041.48,0.9,PENDING,MTN_INTERNAL_SETTLEMENT,,,SIMULATED
19582,Topaz Bridge Trading,CONNECT STORES,202603,99683.66999999998,89715.3,9968.37,0.9,PENDING,MTN_INTERNAL_SETTLEMENT,,,SIMULATED
19448,Hazel Meadow Trading,DATA PARTNERS,202603,99158.84999999998,39663.54,59495.31,0.4,DISPUTED,BANK_TRANSFER,,CONFIRMED_MISMATCH,SIMULATED
19347,Jade Arc Trading,CONNECT STORES,202603,98377.53999999998,39351.02,59026.52,0.4,DISPUTED,MTN_INTERNAL_SETTLEMENT,,CONFIRMED_MISMATCH,SIMULATED
19559,Coral Wave Networks,DATA PARTNERS,202603,97640.73999999999,87876.67,9764.07,0.9,PENDING,BANK_TRANSFER,,,SIMULATED
60025,Forest Arc Trading,DATA PARTNERS,202603,97484.44999999998,87736.0,9748.45,0.9,PENDING,BANK_TRANSFER,,,SIMULATED
19779,Swift Stone Networks,DATA PARTNERS,202603,94922.66999999998,85430.4,9492.27,0.9,PENDING,BANK_TRANSFER,,,SIMULATED
19327,Raven Trail Networks,DATA PARTNERS,202603,94866.78,85380.1,9486.68,0.9,PENDING,BANK_TRANSFER,,,SIMULATED
19569,Rowan Light Communications,CONNECT STORES,202603,92673.37,83406.03,9267.34,0.9,PENDING,MTN_INTERNAL_SETTLEMENT,,,SIMULATED
19335,Raven View Networks,CONNECT STORES,202603,90786.76999999999,54472.06,36314.71,0.6,PARTIALLY_PAID,MTN_INTERNAL_SETTLEMENT,2026-04-30,HIGH_UNQUALIFIED_RATE,SIMULATED
396095,Ivory Stone Ventures,FIXED BROADBAND,202603,90161.73,81145.56,9016.17,0.9,PENDING,BANK_TRANSFER,,,SIMULATED
19531,Orchid Stream Networks,CONNECT STORES,202603,89637.17,80673.45,8963.72,0.9,PENDING,MTN_INTERNAL_SETTLEMENT,,,SIMULATED
353062,Spruce Star Ventures,PENTAGON FRANCHISE,202603,88224.96999999999,79402.47,8822.5,0.9,PENDING,BANK_TRANSFER,,,SIMULATED
130062,Amber Arc Communications,ENTERPRISE BUSINESS,202603,88118.91999999998,79307.03,8811.89,0.9,PENDING,BANK_TRANSFER,,,SIMULATED
95039,Pearl Haven Ventures,FIXED BROADBAND,202603,87750.46999999997,78975.42,8775.05,0.9,PENDING,BANK_TRANSFER,,,SIMULATED
239048,Stone Leaf Networks,FIXED BROADBAND,202603,87750.44999999998,78975.4,8775.05,0.9,PENDING,BANK_TRANSFER,,,SIMULATED
19687,Ivory Stone Communications,CONNECT STORES,202603,87488.32999999999,78739.5,8748.83,0.9,PENDING,MTN_INTERNAL_SETTLEMENT,,,SIMULATED
19903,Linden Valley Ventures,CONNECT STORES,202603,86600.76999999999,77940.69,8660.08,0.9,PENDING,MTN_INTERNAL_SETTLEMENT,,,SIMULATED
347061,Silver Valley Ventures,ENTERPRISE BUSINESS,202603,86344.13999999998,77709.73,8634.41,0.9,PENDING,BANK_TRANSFER,,,SIMULATED
367077,Golden Vale Trading,FIXED BROADBAND,202603,85657.47999999998,77091.73,8565.75,0.9,PENDING,BANK_TRANSFER,,,SIMULATED
19590,Spruce Brook Trading,DATA PARTNERS,202603,85395.13999999997,76855.63,8539.51,0.9,PENDING,BANK_TRANSFER,,,SIMULATED
294071,Linden Crest Communications,FIXED BROADBAND,202603,85188.68999999999,76669.82,8518.87,0.9,PENDING,BANK_TRANSFER,,,SIMULATED
19825,Juniper Shore Networks,DATA PARTNERS,202603,84507.71999999999,76056.95,8450.77,0.9,PENDING,BANK_TRANSFER,,,SIMULATED
19570,Rowan Light Communications,CONNECT STORES,202603,82889.23,74600.31,8288.92,0.9,PENDING,MTN_INTERNAL_SETTLEMENT,,,SIMULATED
19605,Rowan Stone Trading,DATA PARTNERS,202603,82889.22999999998,74600.31,8288.92,0.9,PENDING,BANK_TRANSFER,,,SIMULATED
19952,Swift Ridge Ventures,DATA PARTNERS,202603,82258.45999999999,74032.61,8225.85,0.9,PENDING,BANK_TRANSFER,,,SIMULATED
65036,Aspen Sky Trading,CONNECT HUB,202603,82258.43999999999,74032.6,8225.84,0.9,PENDING,MTN_INTERNAL_SETTLEMENT,,,SIMULATED
19932,Swift Meadow Ventures,CONNECT STORES,202603,81577.53,73419.78,8157.75,0.9,PENDING,MTN_INTERNAL_SETTLEMENT,,,SIMULATED
19938,Willow Point Networks,DATA PARTNERS,202603,81209.18,73088.26,8120.92,0.9,PENDING,BANK_TRANSFER,,,SIMULATED
162043,Teal Ridge Ventures,CONNECT HUB,202603,81002.65,72902.38,8100.27,0.9,PENDING,MTN_INTERNAL_SETTLEMENT,,,SIMULATED
165043,Topaz Bridge Trading,CONNECT HUB,202603,80952.52999999998,72857.28,8095.25,0.9,PENDING,MTN_INTERNAL_SETTLEMENT,,,SIMULATED
65034,Topaz Bridge Trading,CONNECT HUB,202603,80796.19999999998,72716.58,8079.62,0.9,PENDING,MTN_INTERNAL_SETTLEMENT,,,SIMULATED
20018,Linden Light Ventures,DATA PARTNERS,202603,80790.52999999998,72711.48,8079.05,0.9,PENDING,BANK_TRANSFER,,,SIMULATED
349078,Raven Horizon Communications,PENTAGON FRANCHISE,202603,79903.06999999998,31961.23,47941.84,0.4,DISPUTED,BANK_TRANSFER,,CONFIRMED_MISMATCH,SIMULATED
342067,Oak Wave Networks,PENTAGON FRANCHISE,202603,79328.22999999998,31731.29,47596.94,0.4,DISPUTED,BANK_TRANSFER,,CONFIRMED_MISMATCH,SIMULATED
19368,Jade Point Trading,CONNECT STORES,202603,79116.02999999998,47469.62,31646.41,0.6,PARTIALLY_PAID,MTN_INTERNAL_SETTLEMENT,2026-04-30,HIGH_UNQUALIFIED_RATE,SIMULATED
19916,Sage Dale Trading,DATA PARTNERS,202603,77547.73999999999,69792.97,7754.77,0.9,PENDING,BANK_TRANSFER,,,SIMULATED
19895,Flint Grove Trading,CONNECT STORES,202603,76554.45,68899.01,7655.44,0.9,PENDING,MTN_INTERNAL_SETTLEMENT,,,SIMULATED
357091,Willow Delta Communications,PENTAGON FRANCHISE,202603,75772.95999999999,68195.66,7577.3,0.9,PENDING,BANK_TRANSFER,,,SIMULATED
21240,Harbor Meadow Networks,DATA PARTNERS,202603,74829.70999999998,29931.88,44897.83,0.4,DISPUTED,BANK_TRANSFER,,CONFIRMED_MISMATCH,SIMULATED
65027,Coral Trail Ventures,DATA PARTNERS,202603,74673.41999999998,67206.08,7467.34,0.9,PENDING,BANK_TRANSFER,,,SIMULATED
19796,Jade Lake Communications,CONNECT STORES,202603,74461.23999999999,67015.12,7446.12,0.9,PENDING,MTN_INTERNAL_SETTLEMENT,,,SIMULATED
351061,Birch Path Networks,CONNECT HUB,202603,73674.29999999999,66306.87,7367.43,0.9,PENDING,MTN_INTERNAL_SETTLEMENT,,,SIMULATED
332069,Linden Light Ventures,FIXED BROADBAND,202603,73099.4,65789.46,7309.94,0.9,PENDING,BANK_TRANSFER,,,SIMULATED
113031,Golden Dale Communications,CONNECT HUB,202603,71480.85,64332.77,7148.08,0.9,PENDING,MTN_INTERNAL_SETTLEMENT,,,SIMULATED
393086,Swift Wave Communications,PENTAGON FRANCHISE,202603,70749.74,63674.77,7074.97,0.9,PENDING,BANK_TRANSFER,,,SIMULATED
296075,Amber Isle Networks,PENTAGON FRANCHISE,202603,70744.00999999998,63669.61,7074.4,0.9,PENDING,BANK_TRANSFER,,,SIMULATED
19960,Meadow Wind Networks,CONNECT STORES,202603,69387.84,62449.06,6938.78,0.9,PENDING,MTN_INTERNAL_SETTLEMENT,,,SIMULATED
20047,Teal Ridge Ventures,CONNECT STORES,202603,69019.38999999998,62117.45,6901.94,0.9,PENDING,MTN_INTERNAL_SETTLEMENT,,,SIMULATED
385085,Juniper Shore Communications,PENTAGON FRANCHISE,202603,68812.95999999999,61931.66,6881.3,0.9,PENDING,BANK_TRANSFER,,,SIMULATED
115057,Indigo Crown Networks,CONNECT HUB,202603,67869.68999999999,61082.72,6786.97,0.9,PENDING,MTN_INTERNAL_SETTLEMENT,,,SIMULATED
19959,Meadow Wind Networks,CONNECT STORES,202603,67501.34,60751.21,6750.13,0.9,PENDING,MTN_INTERNAL_SETTLEMENT,,,SIMULATED
275053,Opal Dale Networks,ENTERPRISE BUSINESS,202603,67294.80999999998,60565.33,6729.48,0.9,PENDING,BANK_TRANSFER,,,SIMULATED
19511,Teal Vale Trading,DATA PARTNERS,202603,66613.85999999999,59952.47,6661.39,0.9,PENDING,BANK_TRANSFER,,,SIMULATED
365080,Willow Brook Networks,PENTAGON FRANCHISE,202603,66507.82999999999,59857.05,6650.78,0.9,PENDING,BANK_TRANSFER,,,SIMULATED
19957,Meadow Wind Networks,CONNECT STORES,202603,66089.16,39653.5,26435.66,0.6,PARTIALLY_PAID,MTN_INTERNAL_SETTLEMENT,2026-04-30,HIGH_UNQUALIFIED_RATE,SIMULATED
162044,Jade Lake Communications,CONNECT HUB,202603,65302.11999999998,58771.91,6530.21,0.9,PENDING,MTN_INTERNAL_SETTLEMENT,,,SIMULATED
83034,Elm Stream Trading,FIXED BROADBAND,202603,64046.389999999985,57641.75,6404.64,0.9,PENDING,BANK_TRANSFER,,,SIMULATED
357092,Maple Stream Communications,PENTAGON FRANCHISE,202603,63683.64999999998,57315.28,6368.37,0.9,PENDING,BANK_TRANSFER,,,SIMULATED
19951,Coral Reach Trading,DATA PARTNERS,202603,63627.73999999998,57264.97,6362.77,0.9,PENDING,BANK_TRANSFER,,,SIMULATED
26035,Ember Grove Communications,DATA PARTNERS,202603,63577.579999999994,57219.82,6357.76,0.9,PENDING,BANK_TRANSFER,,,SIMULATED
65030,Ivory Brook Communications,DATA PARTNERS,202603,63471.48999999999,57124.34,6347.15,0.9,PENDING,BANK_TRANSFER,,,SIMULATED
19668,Fern Horizon Ventures,DATA PARTNERS,202603,63209.109999999986,56888.2,6320.91,0.9,PENDING,BANK_TRANSFER,,,SIMULATED
19941,Olive Point Ventures,DEALER,202603,62790.53999999998,56511.49,6279.05,0.9,PENDING,BANK_TRANSFER,,,SIMULATED
19838,Laurel Park Trading,CONNECT STORES,202603,61065.919999999984,54959.33,6106.59,0.9,PENDING,MTN_INTERNAL_SETTLEMENT,,,SIMULATED
360067,Rowan Vale Trading,ENTERPRISE BUSINESS,202603,61065.919999999984,54959.33,6106.59,0.9,PENDING,BANK_TRANSFER,,,SIMULATED
379094,Indigo Wind Trading,ENTERPRISE BUSINESS,202603,60597.149999999994,54537.43,6059.72,0.9,PENDING,BANK_TRANSFER,,,SIMULATED
19919,Sunset Path Trading,CONNECT STORES,202603,60597.149999999994,54537.43,6059.72,0.9,PENDING,MTN_INTERNAL_SETTLEMENT,,,SIMULATED
257067,Laurel Dale Ventures,ENTERPRISE BUSINESS,202603,60385.009999999995,54346.51,6038.5,0.9,PENDING,BANK_TRANSFER,,,SIMULATED
113048,Willow Lake Communications,CONNECT HUB,202603,60278.899999999994,54251.01,6027.89,0.9,PENDING,MTN_INTERNAL_SETTLEMENT,,,SIMULATED
19436,Birch Dale Communications,CONNECT STORES,202603,60278.87999999999,36167.33,24111.55,0.6,PARTIALLY_PAID,MTN_INTERNAL_SETTLEMENT,2026-04-30,HIGH_UNQUALIFIED_RATE,SIMULATED
19591,Golden Spring Communications,CONNECT STORES,202603,60022.28999999999,36013.37,24008.92,0.6,PARTIALLY_PAID,MTN_INTERNAL_SETTLEMENT,2026-04-30,HIGH_UNQUALIFIED_RATE,SIMULATED
19529,Ocean Brook Ventures,DATA PARTNERS,202603,59860.32999999999,53874.3,5986.03,0.9,PENDING,BANK_TRANSFER,,,SIMULATED
21280,Maple Meadow Trading,DEALER,202603,59860.30999999998,53874.28,5986.03,0.9,PENDING,BANK_TRANSFER,,,SIMULATED
333068,Raven Sky Networks,PENTAGON FRANCHISE,202603,59079.03999999999,53171.14,5907.9,0.9,PENDING,BANK_TRANSFER,,,SIMULATED
19332,Ruby Brook Communications,DATA PARTNERS,202603,58448.20999999999,52603.39,5844.82,0.9,PENDING,BANK_TRANSFER,,,SIMULATED
19713,Aspen Delta Networks,DATA PARTNERS,202603,58398.069999999985,52558.26,5839.81,0.9,PENDING,BANK_TRANSFER,,,SIMULATED
400090,Rowan Port Trading,PENTAGON FRANCHISE,202603,57767.25999999998,51990.53,5776.73,0.9,PENDING,BANK_TRANSFER,,,SIMULATED
26037,Crystal Stream Networks,DATA PARTNERS,202603,56092.899999999994,50483.61,5609.29,0.9,PENDING,BANK_TRANSFER,,,SIMULATED
310068,Crystal Grove Trading,PENTAGON FRANCHISE,202603,55886.44999999998,50297.8,5588.65,0.9,PENDING,BANK_TRANSFER,,,SIMULATED
107046,Birch Hill Trading,ENTERPRISE BUSINESS,202603,55674.30999999999,50106.88,5567.43,0.9,PENDING,BANK_TRANSFER,,,SIMULATED
19341,Stone Wind Communications,CONNECT STORES,202603,55573.909999999996,50016.52,5557.39,0.9,PENDING,MTN_INTERNAL_SETTLEMENT,,,SIMULATED
19496,Teal Isle Trading,CONNECT STORES,202603,55361.729999999996,49825.56,5536.17,0.9,PENDING,MTN_INTERNAL_SETTLEMENT,,,SIMULATED
107031,Pearl Park Ventures,ENTERPRISE BUSINESS,202603,55099.40999999999,49589.47,5509.94,0.9,PENDING,BANK_TRANSFER,,,SIMULATED
19880,Laurel Crown Networks,CONNECT STORES,202603,54892.95999999999,21957.18,32935.78,0.4,DISPUTED,MTN_INTERNAL_SETTLEMENT,,CONFIRMED_MISMATCH,SIMULATED
361063,Pine Delta Communications,PENTAGON FRANCHISE,202603,54630.61999999998,49167.56,5463.06,0.9,PENDING,BANK_TRANSFER,,,SIMULATED
366074,Ivory Light Networks,PENTAGON FRANCHISE,202603,54368.29999999999,48931.47,5436.83,0.9,PENDING,BANK_TRANSFER,,,SIMULATED
19596,Olive Wave Ventures,CONNECT STORES,202603,54368.28,48931.45,5436.83,0.9,PENDING,MTN_INTERNAL_SETTLEMENT,,,SIMULATED
19795,Jade Lake Communications,CONNECT STORES,202603,53581.28,48223.15,5358.13,0.9,PENDING,MTN_INTERNAL_SETTLEMENT,,,SIMULATED
19497,Teal Isle Trading,CONNECT STORES,202603,53581.23999999999,48223.12,5358.12,0.9,PENDING,MTN_INTERNAL_SETTLEMENT,,,SIMULATED
19716,Topaz Hill Communications,DATA PARTNERS,202603,53162.78999999999,47846.51,5316.28,0.9,PENDING,BANK_TRANSFER,,,SIMULATED
325070,Birch Wave Ventures,PENTAGON FRANCHISE,202603,53162.649999999994,47846.38,5316.27,0.9,PENDING,BANK_TRANSFER,,,SIMULATED
373071,Meadow Hill Ventures,PENTAGON FRANCHISE,202603,53112.46999999999,47801.22,5311.25,0.9,PENDING,BANK_TRANSFER,,,SIMULATED
84621,Cedar Haven Trading,FIXED BROADBAND,202603,52431.539999999986,47188.39,5243.15,0.9,PENDING,BANK_TRANSFER,,,SIMULATED
19463,Orchid View Networks,CONNECT STORES,202603,52225.09,31335.05,20890.04,0.6,PARTIALLY_PAID,MTN_INTERNAL_SETTLEMENT,2026-04-30,HIGH_UNQUALIFIED_RATE,SIMULATED
19829,Dawn Horizon Trading,DATA PARTNERS,202603,51906.84,46716.16,5190.68,0.9,PENDING,BANK_TRANSFER,,,SIMULATED
365110,Golden Star Ventures,PENTAGON FRANCHISE,202603,51750.60999999999,46575.55,5175.06,0.9,PENDING,BANK_TRANSFER,,,SIMULATED
19556,Teal Reach Networks,CONNECT STORES,202603,51544.13999999999,30926.48,20617.66,0.6,PARTIALLY_PAID,MTN_INTERNAL_SETTLEMENT,2026-04-30,HIGH_UNQUALIFIED_RATE,SIMULATED
353072,River Isle Ventures,PENTAGON FRANCHISE,202603,51488.20999999999,46339.39,5148.82,0.9,PENDING,BANK_TRANSFER,,,SIMULATED
365078,Oak Dale Ventures,PENTAGON FRANCHISE,202603,51438.12999999999,46294.32,5143.81,0.9,PENDING,BANK_TRANSFER,,,SIMULATED
441144,Teal Field Ventures,PENTAGON FRANCHISE,202603,50969.27999999999,45872.35,5096.93,0.9,PENDING,BANK_TRANSFER,,,SIMULATED
351059,Flint Leaf Trading,PENTAGON FRANCHISE,202603,50288.32999999999,45259.5,5028.83,0.9,PENDING,BANK_TRANSFER,,,SIMULATED
19568,Rowan Light Communications,CONNECT STORES,202603,50232.39999999999,45209.16,5023.24,0.9,PENDING,MTN_INTERNAL_SETTLEMENT,,,SIMULATED
19867,Azure Isle Trading,DATA PARTNERS,202603,50232.39999999998,45209.16,5023.24,0.9,PENDING,BANK_TRANSFER,,,SIMULATED
180043,Orchid View Networks,CONNECT HUB,202603,49869.719999999994,44882.75,4986.97,0.9,PENDING,MTN_INTERNAL_SETTLEMENT,,,SIMULATED
19354,Pearl Wave Communications,DATA PARTNERS,202603,49813.80999999998,44832.43,4981.38,0.9,PENDING,BANK_TRANSFER,,,SIMULATED
19406,Ocean Leaf Networks,DATA PARTNERS,202603,49657.59999999999,44691.84,4965.76,0.9,PENDING,BANK_TRANSFER,,,SIMULATED
19931,Swift Meadow Ventures,CONNECT STORES,202603,49657.59999999999,29794.56,19863.04,0.6,PARTIALLY_PAID,MTN_INTERNAL_SETTLEMENT,2026-04-30,HIGH_UNQUALIFIED_RATE,SIMULATED
329066,Jade Star Ventures,PENTAGON FRANCHISE,202603,49395.22,44455.7,4939.52,0.9,PENDING,BANK_TRANSFER,,,SIMULATED
290072,Linden Light Ventures,PENTAGON FRANCHISE,202603,48976.689999999995,44079.02,4897.67,0.9,PENDING,BANK_TRANSFER,,,SIMULATED
19682,Forest Vale Communications,CONNECT STORES,202603,48820.36,43938.32,4882.04,0.9,PENDING,MTN_INTERNAL_SETTLEMENT,,,SIMULATED
19504,Raven Leaf Trading,DATA PARTNERS,202603,48089.22999999999,28853.54,19235.69,0.6,PARTIALLY_PAID,BANK_TRANSFER,2026-04-30,HIGH_UNQUALIFIED_RATE,SIMULATED
19669,Spruce Spring Ventures,CONNECT STORES,202603,47720.86,42948.77,4772.09,0.9,PENDING,MTN_INTERNAL_SETTLEMENT,,,SIMULATED
280069,Sage Isle Ventures,PENTAGON FRANCHISE,202603,47252.029999999984,42526.83,4725.2,0.9,PENDING,BANK_TRANSFER,,,SIMULATED
388084,Laurel Field Networks,ENTERPRISE BUSINESS,202603,46939.509999999995,42245.56,4693.95,0.9,PENDING,BANK_TRANSFER,,,SIMULATED
357062,Golden Vale Trading,ENTERPRISE BUSINESS,202603,46727.34999999999,42054.61,4672.74,0.9,PENDING,BANK_TRANSFER,,,SIMULATED
19740,Indigo Crown Networks,CONNECT STORES,202603,46308.759999999995,41677.88,4630.88,0.9,PENDING,MTN_INTERNAL_SETTLEMENT,,,SIMULATED
153031,Coral Point Ventures,CONNECT HUB,202603,46258.55999999999,41632.7,4625.86,0.9,PENDING,MTN_INTERNAL_SETTLEMENT,,,SIMULATED
203044,Sage Arc Ventures,CONNECT STORES,202603,46152.529999999984,41537.28,4615.25,0.9,PENDING,MTN_INTERNAL_SETTLEMENT,,,SIMULATED
311077,Flint Grove Trading,FIXED BROADBAND,202603,46046.37999999999,41441.74,4604.64,0.9,PENDING,BANK_TRANSFER,,,SIMULATED
170045,Teal Wave Trading,DATA PARTNERS,202603,45315.28999999999,40783.76,4531.53,0.9,PENDING,BANK_TRANSFER,,,SIMULATED
310067,Aspen Sky Communications,PENTAGON FRANCHISE,202603,45209.15999999999,40688.24,4520.92,0.9,PENDING,BANK_TRANSFER,,,SIMULATED
19502,Swift Stone Ventures,DATA PARTNERS,202603,45052.98999999999,40547.69,4505.3,0.9,PENDING,BANK_TRANSFER,,,SIMULATED
107036,Stone Leaf Networks,ENTERPRISE BUSINESS,202603,45052.929999999986,40547.64,4505.29,0.9,PENDING,BANK_TRANSFER,,,SIMULATED
19673,Rowan View Ventures,CONNECT STORES,202603,44846.479999999996,26907.89,17938.59,0.6,PARTIALLY_PAID,MTN_INTERNAL_SETTLEMENT,2026-04-30,HIGH_UNQUALIFIED_RATE,SIMULATED
332064,Silver Sky Trading,PENTAGON FRANCHISE,202603,44634.359999999986,40170.92,4463.44,0.9,PENDING,BANK_TRANSFER,,,SIMULATED
345059,Ember Path Networks,PENTAGON FRANCHISE,202603,44634.319999999985,40170.89,4463.43,0.9,PENDING,BANK_TRANSFER,,,SIMULATED
295081,River Moon Networks,PENTAGON FRANCHISE,202603,44478.04999999999,40030.24,4447.81,0.9,PENDING,BANK_TRANSFER,,,SIMULATED
65026,Stone Light Networks,DATA PARTNERS,202603,44372.01999999999,39934.82,4437.2,0.9,PENDING,BANK_TRANSFER,,,SIMULATED
349076,Hazel Coast Trading,PENTAGON FRANCHISE,202603,44371.95999999999,39934.76,4437.2,0.9,PENDING,BANK_TRANSFER,,,SIMULATED
337090,Sunset Horizon Communications,PENTAGON FRANCHISE,202603,44371.95999999999,39934.76,4437.2,0.9,PENDING,BANK_TRANSFER,,,SIMULATED
19646,Rowan Wind Trading,DEALER,202603,44321.81999999999,39889.64,4432.18,0.9,PENDING,BANK_TRANSFER,,,SIMULATED
365100,Forest Peak Networks,PENTAGON FRANCHISE,202603,43903.18999999999,39512.87,4390.32,0.9,PENDING,BANK_TRANSFER,,,SIMULATED
19831,Pearl Horizon Communications,DATA PARTNERS,202603,43378.529999999984,39040.68,4337.85,0.9,PENDING,BANK_TRANSFER,,,SIMULATED
19622,Ember Crest Networks,DATA PARTNERS,202603,42959.91999999999,38663.93,4295.99,0.9,PENDING,BANK_TRANSFER,,,SIMULATED
232043,River Wood Ventures,FIXED BROADBAND,202603,42697.53999999999,38427.79,4269.75,0.9,PENDING,BANK_TRANSFER,,,SIMULATED
160046,Aspen Sky Trading,CONNECT HUB,202603,42385.119999999995,38146.61,4238.51,0.9,PENDING,MTN_INTERNAL_SETTLEMENT,,,SIMULATED
71031,Forest Bridge Networks,DATA PARTNERS,202603,42385.05999999998,38146.55,4238.51,0.9,PENDING,BANK_TRANSFER,,,SIMULATED
271053,Willow Stream Ventures,ENTERPRISE BUSINESS,202603,42334.86,38101.37,4233.49,0.9,PENDING,BANK_TRANSFER,,,SIMULATED
347062,Harbor Field Networks,ENTERPRISE BUSINESS,202603,42122.67999999999,37910.41,4212.27,0.9,PENDING,BANK_TRANSFER,,,SIMULATED
26033,Quartz Trail Communications,DATA PARTNERS,202603,41860.399999999994,37674.36,4186.04,0.9,PENDING,BANK_TRANSFER,,,SIMULATED
287073,Pine Bay Networks,PENTAGON FRANCHISE,202603,41810.17999999999,37629.16,4181.02,0.9,PENDING,BANK_TRANSFER,,,SIMULATED
19732,Hazel Wood Communications,DATA PARTNERS,202603,41704.09,37533.68,4170.41,0.9,PENDING,BANK_TRANSFER,,,SIMULATED
240048,Maple Port Ventures,ENTERPRISE BUSINESS,202603,41653.909999999996,37488.52,4165.39,0.9,PENDING,BANK_TRANSFER,,,SIMULATED
74055,Sunset Path Trading,CONNECT STORES,202603,41079.049999999996,24647.43,16431.62,0.6,PARTIALLY_PAID,MTN_INTERNAL_SETTLEMENT,2026-04-30,HIGH_UNQUALIFIED_RATE,SIMULATED
19879,Laurel Crown Networks,CONNECT STORES,202603,40972.96,36875.66,4097.3,0.9,PENDING,MTN_INTERNAL_SETTLEMENT,,,SIMULATED
239047,Aspen Wind Networks,FIXED BROADBAND,202603,40866.88999999999,16346.76,24520.13,0.4,DISPUTED,BANK_TRANSFER,,CONFIRMED_MISMATCH,SIMULATED
19813,Harbor Sky Communications,DATA PARTNERS,202603,40185.959999999985,36167.36,4018.6,0.9,PENDING,BANK_TRANSFER,,,SIMULATED
342077,Teal Stream Networks,PENTAGON FRANCHISE,202603,40185.92,36167.33,4018.59,0.9,PENDING,BANK_TRANSFER,,,SIMULATED
113032,Amber Beacon Trading,CONNECT HUB,202603,39873.419999999984,35886.08,3987.34,0.9,PENDING,MTN_INTERNAL_SETTLEMENT,,,SIMULATED
19385,Pearl Park Trading,DEALER,202603,39348.81999999999,35413.94,3934.88,0.9,PENDING,BANK_TRANSFER,,,SIMULATED
345066,Oak Star Ventures,PENTAGON FRANCHISE,202603,39192.47,35273.22,3919.25,0.9,PENDING,BANK_TRANSFER,,,SIMULATED
19902,Linden Valley Ventures,CONNECT STORES,202603,39142.29,23485.37,15656.92,0.6,PARTIALLY_PAID,MTN_INTERNAL_SETTLEMENT,2026-04-30,HIGH_UNQUALIFIED_RATE,SIMULATED
19330,Golden Crown Trading,DATA PARTNERS,202603,38930.12999999999,35037.12,3893.01,0.9,PENDING,BANK_TRANSFER,,,SIMULATED
355063,Quartz Park Trading,PENTAGON FRANCHISE,202603,38723.7,34851.33,3872.37,0.9,PENDING,BANK_TRANSFER,,,SIMULATED
355064,Raven Arc Ventures,PENTAGON FRANCHISE,202603,38355.270000000004,34519.74,3835.53,0.9,PENDING,BANK_TRANSFER,,,SIMULATED
19427,Flint Vale Ventures,CONNECT STORES,202603,38355.24999999999,23013.15,15342.1,0.6,PARTIALLY_PAID,MTN_INTERNAL_SETTLEMENT,2026-04-30,HIGH_UNQUALIFIED_RATE,SIMULATED
93033,Elm Bridge Networks,FIXED BROADBAND,202603,38092.91,34283.62,3809.29,0.9,PENDING,BANK_TRANSFER,,,SIMULATED
206069,Willow Lake Communications,ENTERPRISE BUSINESS,202603,38092.90999999999,34283.62,3809.29,0.9,PENDING,BANK_TRANSFER,,,SIMULATED
355062,Harbor Moon Ventures,PENTAGON FRANCHISE,202603,37886.49999999999,15154.6,22731.9,0.4,DISPUTED,BANK_TRANSFER,,CONFIRMED_MISMATCH,SIMULATED
19495,Teal Isle Trading,CONNECT STORES,202603,37674.36,33906.92,3767.44,0.9,PENDING,MTN_INTERNAL_SETTLEMENT,,,SIMULATED
19904,Linden Valley Ventures,CONNECT STORES,202603,37624.159999999996,22574.5,15049.66,0.6,PARTIALLY_PAID,MTN_INTERNAL_SETTLEMENT,2026-04-30,HIGH_UNQUALIFIED_RATE,SIMULATED
19629,Coral Point Ventures,CONNECT STORES,202603,37624.14,22574.48,15049.66,0.6,PARTIALLY_PAID,MTN_INTERNAL_SETTLEMENT,2026-04-30,HIGH_UNQUALIFIED_RATE,SIMULATED
295093,Rowan Bridge Networks,PENTAGON FRANCHISE,202603,37205.56999999999,33485.01,3720.56,0.9,PENDING,BANK_TRANSFER,,,SIMULATED
360059,Crystal Arc Ventures,PENTAGON FRANCHISE,202603,37099.479999999996,33389.53,3709.95,0.9,PENDING,BANK_TRANSFER,,,SIMULATED
19369,Jade Point Trading,CONNECT STORES,202603,37099.44,33389.5,3709.94,0.9,PENDING,MTN_INTERNAL_SETTLEMENT,,,SIMULATED
197043,Forest Delta Ventures,FIXED BROADBAND,202603,36943.20999999999,33248.89,3694.32,0.9,PENDING,BANK_TRANSFER,,,SIMULATED
20048,Teal Ridge Ventures,CONNECT STORES,202603,36837.13999999999,33153.43,3683.71,0.9,PENDING,MTN_INTERNAL_SETTLEMENT,,,SIMULATED
19411,Jade Lake Ventures,DEALER,202603,36837.119999999995,33153.41,3683.71,0.9,PENDING,BANK_TRANSFER,,,SIMULATED
306061,Hazel Leaf Communications,PENTAGON FRANCHISE,202603,36837.119999999995,33153.41,3683.71,0.9,PENDING,BANK_TRANSFER,,,SIMULATED
365103,Pine Valley Ventures,PENTAGON FRANCHISE,202603,36680.95,33012.85,3668.1,0.9,PENDING,BANK_TRANSFER,,,SIMULATED
19688,Ivory Stone Communications,CONNECT STORES,202603,36262.3,21757.38,14504.92,0.6,PARTIALLY_PAID,MTN_INTERNAL_SETTLEMENT,2026-04-30,HIGH_UNQUALIFIED_RATE,SIMULATED
19674,Laurel Trail Trading,DATA PARTNERS,202603,36262.259999999995,32636.03,3626.23,0.9,PENDING,BANK_TRANSFER,,,SIMULATED
19753,Dawn Dale Networks,DATA PARTNERS,202603,35999.96,32399.96,3600.0,0.9,PENDING,BANK_TRANSFER,,,SIMULATED
19675,Dawn Path Ventures,DATA PARTNERS,202603,35999.93999999999,32399.95,3599.99,0.9,PENDING,BANK_TRANSFER,,,SIMULATED
19672,Maple Beacon Trading,DATA PARTNERS,202603,35843.649999999994,32259.28,3584.37,0.9,PENDING,BANK_TRANSFER,,,SIMULATED
294094,Meadow Dale Trading,PENTAGON FRANCHISE,202603,35843.63,32259.27,3584.36,0.9,PENDING,BANK_TRANSFER,,,SIMULATED
19805,Harbor Shore Ventures,DEALER,202603,35581.409999999996,32023.27,3558.14,0.9,PENDING,BANK_TRANSFER,,,SIMULATED
19537,Maple Isle Communications,CONNECT STORES,202603,35581.28999999999,21348.77,14232.52,0.6,PARTIALLY_PAID,MTN_INTERNAL_SETTLEMENT,2026-04-30,HIGH_UNQUALIFIED_RATE,SIMULATED
19486,Flint Brook Communications,DATA PARTNERS,202603,35425.03999999999,31882.54,3542.5,0.9,PENDING,BANK_TRANSFER,,,SIMULATED
203045,Sage Arc Ventures,CONNECT STORES,202603,35268.77,21161.26,14107.51,0.6,PARTIALLY_PAID,MTN_INTERNAL_SETTLEMENT,2026-04-30,HIGH_UNQUALIFIED_RATE,SIMULATED
19472,Laurel Horizon Communications,DATA PARTNERS,202603,35162.719999999994,31646.45,3516.27,0.9,PENDING,BANK_TRANSFER,,,SIMULATED
19807,Winter Wave Trading,DATA PARTNERS,202603,35162.7,31646.43,3516.27,0.9,PENDING,BANK_TRANSFER,,,SIMULATED
296078,Juniper Light Networks,PENTAGON FRANCHISE,202603,35006.45,31505.8,3500.65,0.9,PENDING,BANK_TRANSFER,,,SIMULATED
19389,Sage Crown Communications,DATA PARTNERS,202603,35006.42999999999,31505.79,3500.64,0.9,PENDING,BANK_TRANSFER,,,SIMULATED
19866,Willow Beacon Ventures,DATA PARTNERS,202603,34744.09,31269.68,3474.41,0.9,PENDING,BANK_TRANSFER,,,SIMULATED
19631,Coral Point Ventures,CONNECT STORES,202603,34587.82,31129.04,3458.78,0.9,PENDING,MTN_INTERNAL_SETTLEMENT,,,SIMULATED
19718,Juniper Brook Ventures,DEALER,202603,34325.53999999999,30892.99,3432.55,0.9,PENDING,BANK_TRANSFER,,,SIMULATED
19692,Laurel Grove Trading,DATA PARTNERS,202603,34325.53999999999,30892.99,3432.55,0.9,PENDING,BANK_TRANSFER,,,SIMULATED
63049,Sunset Reach Trading,DATA PARTNERS,202603,34325.49999999999,30892.95,3432.55,0.9,PENDING,BANK_TRANSFER,,,SIMULATED
205043,Sage Arc Ventures,CONNECT STORES,202603,34325.479999999996,20595.29,13730.19,0.6,PARTIALLY_PAID,MTN_INTERNAL_SETTLEMENT,2026-04-30,HIGH_UNQUALIFIED_RATE,SIMULATED
344066,Quartz Park Trading,PENTAGON FRANCHISE,202603,34013.02,30611.72,3401.3,0.9,PENDING,BANK_TRANSFER,,,SIMULATED
19639,Coral Shore Communications,DATA PARTNERS,202603,33906.93,30516.24,3390.69,0.9,PENDING,BANK_TRANSFER,,,SIMULATED
19351,Sage Glen Ventures,CONNECT STORES,202603,33906.93,30516.24,3390.69,0.9,PENDING,MTN_INTERNAL_SETTLEMENT,,,SIMULATED
19393,Pine Lake Ventures,CONNECT STORES,202603,33906.87,30516.18,3390.69,0.9,PENDING,MTN_INTERNAL_SETTLEMENT,,,SIMULATED
19343,Sunset Leaf Ventures,CONNECT STORES,202603,33594.369999999995,20156.62,13437.75,0.6,PARTIALLY_PAID,MTN_INTERNAL_SETTLEMENT,2026-04-30,HIGH_UNQUALIFIED_RATE,SIMULATED
265053,Pearl Park Ventures,FIXED BROADBAND,202603,33488.28,30139.45,3348.83,0.9,PENDING,BANK_TRANSFER,,,SIMULATED
19985,Orchid Wood Ventures,DATA PARTNERS,202603,33069.71,29762.74,3306.97,0.9,PENDING,BANK_TRANSFER,,,SIMULATED
388071,Birch Lake Networks,PENTAGON FRANCHISE,202603,33019.53,29717.58,3301.95,0.9,PENDING,BANK_TRANSFER,,,SIMULATED
334059,Harbor Moon Ventures,PENTAGON FRANCHISE,202603,32913.420000000006,29622.08,3291.34,0.9,PENDING,BANK_TRANSFER,,,SIMULATED
322068,Ember Leaf Communications,ENTERPRISE BUSINESS,202603,32863.24,29576.92,3286.32,0.9,PENDING,BANK_TRANSFER,,,SIMULATED
379093,Birch Wave Ventures,PENTAGON FRANCHISE,202603,32863.24,29576.92,3286.32,0.9,PENDING,BANK_TRANSFER,,,SIMULATED
351060,Amber Meadow Ventures,ENTERPRISE BUSINESS,202603,32651.06,29385.95,3265.11,0.9,PENDING,BANK_TRANSFER,,,SIMULATED
311074,Linden Park Communications,PENTAGON FRANCHISE,202603,32651.06,29385.95,3265.11,0.9,PENDING,BANK_TRANSFER,,,SIMULATED
356083,Willow Stream Ventures,PENTAGON FRANCHISE,202603,32600.92,29340.83,3260.09,0.9,PENDING,BANK_TRANSFER,,,SIMULATED
19518,Harbor Lake Networks,DATA PARTNERS,202603,32232.51,29009.26,3223.25,0.9,PENDING,BANK_TRANSFER,,,SIMULATED
391085,Raven Point Ventures,ENTERPRISE BUSINESS,202603,31813.859999999997,28632.47,3181.39,0.9,PENDING,BANK_TRANSFER,,,SIMULATED
347066,Aspen Glen Communications,FIXED BROADBAND,202603,31657.61,28491.85,3165.76,0.9,PENDING,BANK_TRANSFER,,,SIMULATED
21257,Oak Crest Networks,CONNECT STORES,202603,30976.700000000008,27879.03,3097.67,0.9,PENDING,MTN_INTERNAL_SETTLEMENT,,,SIMULATED
19360,Swift Park Communications,DATA PARTNERS,202603,30976.66,27878.99,3097.67,0.9,PENDING,BANK_TRANSFER,,,SIMULATED
323083,Linden Wood Communications,PENTAGON FRANCHISE,202603,30926.499999999996,27833.85,3092.65,0.9,PENDING,BANK_TRANSFER,,,SIMULATED
311073,Pine Bridge Trading,PENTAGON FRANCHISE,202603,30926.479999999996,27833.83,3092.65,0.9,PENDING,BANK_TRANSFER,,,SIMULATED
19517,Laurel Shore Networks,DATA PARTNERS,202603,30558.090000000004,27502.28,3055.81,0.9,PENDING,BANK_TRANSFER,,,SIMULATED
337061,Fern Light Ventures,PENTAGON FRANCHISE,202603,30245.569999999996,27221.01,3024.56,0.9,PENDING,BANK_TRANSFER,,,SIMULATED
19400,Harbor Moon Communications,CONNECT STORES,202603,30139.559999999998,27125.6,3013.96,0.9,PENDING,MTN_INTERNAL_SETTLEMENT,,,SIMULATED
240047,Jade View Ventures,ENTERPRISE BUSINESS,202603,30139.48,27125.53,3013.95,0.9,PENDING,BANK_TRANSFER,,,SIMULATED
332068,Jade Trail Networks,FIXED BROADBAND,202603,30139.44,27125.5,3013.94,0.9,PENDING,BANK_TRANSFER,,,SIMULATED
19370,Jade Point Trading,CONNECT STORES,202603,30139.44,18083.66,12055.78,0.6,PARTIALLY_PAID,MTN_INTERNAL_SETTLEMENT,2026-04-30,HIGH_UNQUALIFIED_RATE,SIMULATED
19641,Birch Meadow Communications,DATA PARTNERS,202603,30089.28,27080.35,3008.93,0.9,PENDING,BANK_TRANSFER,,,SIMULATED
19901,Linden Valley Ventures,CONNECT STORES,202603,29983.19,26984.87,2998.32,0.9,PENDING,MTN_INTERNAL_SETTLEMENT,,,SIMULATED
357096,Crystal Leaf Trading,PENTAGON FRANCHISE,202603,29720.890000000007,26748.8,2972.09,0.9,PENDING,BANK_TRANSFER,,,SIMULATED
21284,Ember Coast Trading,DEALER,202603,28989.760000000002,26090.78,2898.98,0.9,PENDING,BANK_TRANSFER,,,SIMULATED
19917,Sunset Path Trading,CONNECT STORES,202603,28989.72,26090.75,2898.97,0.9,PENDING,MTN_INTERNAL_SETTLEMENT,,,SIMULATED
19365,Jade Point Trading,CONNECT STORES,202603,28883.63,25995.27,2888.36,0.9,PENDING,MTN_INTERNAL_SETTLEMENT,,,SIMULATED
19685,Ivory Stone Communications,DEALER,202603,28571.129999999997,25714.02,2857.11,0.9,PENDING,BANK_TRANSFER,,,SIMULATED
115033,Meadow Wind Networks,CONNECT HUB,202603,28465.119999999995,25618.61,2846.51,0.9,PENDING,MTN_INTERNAL_SETTLEMENT,,,SIMULATED
19695,Jade Park Ventures,DEALER,202603,28465.099999999995,25618.59,2846.51,0.9,PENDING,BANK_TRANSFER,,,SIMULATED
350061,Olive Stream Ventures,PENTAGON FRANCHISE,202603,28465.040000000008,25618.54,2846.5,0.9,PENDING,BANK_TRANSFER,,,SIMULATED
147031,Amber Lake Trading,CONNECT HUB,202603,28465.040000000008,25618.54,2846.5,0.9,PENDING,MTN_INTERNAL_SETTLEMENT,,,SIMULATED
19679,Olive Stone Communications,DATA PARTNERS,202603,28465.040000000005,25618.54,2846.5,0.9,PENDING,BANK_TRANSFER,,,SIMULATED
95038,Spruce Point Communications,FIXED BROADBAND,202603,28308.81,25477.93,2830.88,0.9,PENDING,BANK_TRANSFER,,,SIMULATED
75031,Quartz Crown Networks,DATA PARTNERS,202603,28046.47,25241.82,2804.65,0.9,PENDING,BANK_TRANSFER,,,SIMULATED
19551,Stone Peak Networks,DATA PARTNERS,202603,28046.430000000008,25241.79,2804.64,0.9,PENDING,BANK_TRANSFER,,,SIMULATED
19339,Sunset Stone Networks,DATA PARTNERS,202603,27733.93,24960.54,2773.39,0.9,PENDING,BANK_TRANSFER,,,SIMULATED
294129,River Isle Ventures,PENTAGON FRANCHISE,202603,27733.909999999996,24960.52,2773.39,0.9,PENDING,BANK_TRANSFER,,,SIMULATED
19894,Pine Coast Ventures,DEALER,202603,27627.92,24865.13,2762.79,0.9,PENDING,BANK_TRANSFER,,,SIMULATED
19814,Winter Stone Trading,DATA PARTNERS,202603,27627.860000000004,24865.07,2762.79,0.9,PENDING,BANK_TRANSFER,,,SIMULATED
255072,Olive Wave Ventures,CONNECT HUB,202603,27627.82,24865.04,2762.78,0.9,PENDING,MTN_INTERNAL_SETTLEMENT,,,SIMULATED
350065,Opal Beacon Ventures,PENTAGON FRANCHISE,202603,27315.32,24583.79,2731.53,0.9,PENDING,BANK_TRANSFER,,,SIMULATED
430145,Amber Leaf Networks,PENTAGON FRANCHISE,202603,27209.230000000007,24488.31,2720.92,0.9,PENDING,BANK_TRANSFER,,,SIMULATED
19804,Harbor Shore Ventures,DEALER,202603,26790.640000000007,24111.58,2679.06,0.9,PENDING,BANK_TRANSFER,,,SIMULATED
53023,Ivory Moon Ventures,DATA PARTNERS,202603,26790.62000000001,24111.56,2679.06,0.9,PENDING,BANK_TRANSFER,,,SIMULATED
295091,Spruce Point Ventures,PENTAGON FRANCHISE,202603,26790.620000000006,24111.56,2679.06,0.9,PENDING,BANK_TRANSFER,,,SIMULATED
349085,Cedar Bay Trading,ENTERPRISE BUSINESS,202603,26790.620000000003,24111.56,2679.06,0.9,PENDING,BANK_TRANSFER,,,SIMULATED
357075,Silver Trail Trading,FIXED BROADBAND,202603,26478.100000000002,15886.86,10591.24,0.6,PARTIALLY_PAID,BANK_TRANSFER,2026-04-30,HIGH_UNQUALIFIED_RATE,SIMULATED
19897,Flint Grove Trading,CONNECT STORES,202603,26372.11,23734.9,2637.21,0.9,PENDING,MTN_INTERNAL_SETTLEMENT,,,SIMULATED
186044,Silver Moon Ventures,FIXED BROADBAND,202603,26372.03,15823.22,10548.81,0.6,PARTIALLY_PAID,BANK_TRANSFER,2026-04-30,HIGH_UNQUALIFIED_RATE,SIMULATED
19485,Topaz Shore Ventures,DATA PARTNERS,202603,26372.010000000006,23734.81,2637.2,0.9,PENDING,BANK_TRANSFER,,,SIMULATED
416149,Coral Sky Trading,PENTAGON FRANCHISE,202603,26372.01,23734.81,2637.2,0.9,PENDING,BANK_TRANSFER,,,SIMULATED
353069,Opal Brook Networks,PENTAGON FRANCHISE,202603,26372.01,10548.8,15823.21,0.4,DISPUTED,BANK_TRANSFER,,CONFIRMED_MISMATCH,SIMULATED
19431,Ivory Delta Ventures,CONNECT STORES,202603,26321.85,15793.11,10528.74,0.6,PARTIALLY_PAID,MTN_INTERNAL_SETTLEMENT,2026-04-30,HIGH_UNQUALIFIED_RATE,SIMULATED
253047,Raven Moon Communications,ENTERPRISE BUSINESS,202603,25797.150000000005,23217.44,2579.71,0.9,PENDING,BANK_TRANSFER,,,SIMULATED
380078,Meadow Haven Networks,PENTAGON FRANCHISE,202603,25640.920000000002,23076.83,2564.09,0.9,PENDING,BANK_TRANSFER,,,SIMULATED
19425,Hazel View Trading,DATA PARTNERS,202603,25640.899999999998,23076.81,2564.09,0.9,PENDING,BANK_TRANSFER,,,SIMULATED
19616,Flint Field Networks,DATA PARTNERS,202603,25534.83000000001,22981.35,2553.48,0.9,PENDING,BANK_TRANSFER,,,SIMULATED
19834,Flint Port Ventures,CONNECT STORES,202603,25534.81000000001,22981.33,2553.48,0.9,PENDING,MTN_INTERNAL_SETTLEMENT,,,SIMULATED
344068,River Wood Ventures,PENTAGON FRANCHISE,202603,25534.81000000001,22981.33,2553.48,0.9,PENDING,BANK_TRANSFER,,,SIMULATED
345068,Ocean Coast Communications,PENTAGON FRANCHISE,202603,25534.810000000005,22981.33,2553.48,0.9,PENDING,BANK_TRANSFER,,,SIMULATED
349087,Golden Point Networks,ENTERPRISE BUSINESS,202603,25534.810000000005,22981.33,2553.48,0.9,PENDING,BANK_TRANSFER,,,SIMULATED
21247,Linden Hill Communications,DATA PARTNERS,202603,25534.810000000005,22981.33,2553.48,0.9,PENDING,BANK_TRANSFER,,,SIMULATED
19399,Harbor Moon Communications,CONNECT STORES,202603,25116.299999999996,22604.67,2511.63,0.9,PENDING,MTN_INTERNAL_SETTLEMENT,,,SIMULATED
27023,Ivory Valley Networks,DATA PARTNERS,202603,25116.24,22604.62,2511.62,0.9,PENDING,BANK_TRANSFER,,,SIMULATED
353064,Amber Wood Networks,PENTAGON FRANCHISE,202603,25116.200000000008,22604.58,2511.62,0.9,PENDING,BANK_TRANSFER,,,SIMULATED
333070,Azure Sky Trading,PENTAGON FRANCHISE,202603,25116.200000000008,22604.58,2511.62,0.9,PENDING,BANK_TRANSFER,,,SIMULATED
113033,Pearl Beacon Communications,CONNECT HUB,202603,25116.200000000004,22604.58,2511.62,0.9,PENDING,MTN_INTERNAL_SETTLEMENT,,,SIMULATED
174046,Indigo Crown Networks,ENTERPRISE BUSINESS,202603,24697.67,22227.9,2469.77,0.9,PENDING,BANK_TRANSFER,,,SIMULATED
19483,Pine Ridge Ventures,DATA PARTNERS,202603,24697.63,22227.87,2469.76,0.9,PENDING,BANK_TRANSFER,,,SIMULATED
294086,Spruce Brook Trading,PENTAGON FRANCHISE,202603,24697.610000000004,22227.85,2469.76,0.9,PENDING,BANK_TRANSFER,,,SIMULATED
19659,Cedar Point Trading,DATA PARTNERS,202603,24697.61,22227.85,2469.76,0.9,PENDING,BANK_TRANSFER,,,SIMULATED
367085,Rowan Horizon Communications,PENTAGON FRANCHISE,202603,24541.340000000004,22087.21,2454.13,0.9,PENDING,BANK_TRANSFER,,,SIMULATED
295079,Maple Grove Networks,PENTAGON FRANCHISE,202603,24541.34,22087.21,2454.13,0.9,PENDING,BANK_TRANSFER,,,SIMULATED
73036,River Field Trading,DATA PARTNERS,202603,24385.089999999997,21946.58,2438.51,0.9,PENDING,BANK_TRANSFER,,,SIMULATED
19508,River Stream Networks,DATA PARTNERS,202603,24279.02,21851.12,2427.9,0.9,PENDING,BANK_TRANSFER,,,SIMULATED
311068,Azure Wave Networks,FIXED BROADBAND,202603,24279.000000000007,21851.1,2427.9,0.9,PENDING,BANK_TRANSFER,,,SIMULATED
115058,Juniper Bridge Trading,CONNECT HUB,202603,24122.770000000008,21710.49,2412.28,0.9,PENDING,MTN_INTERNAL_SETTLEMENT,,,SIMULATED
26034,Forest Sky Trading,DATA PARTNERS,202603,23860.430000000004,21474.39,2386.04,0.9,PENDING,BANK_TRANSFER,,,SIMULATED
19840,Laurel Park Trading,CONNECT STORES,202603,23860.39,21474.35,2386.04,0.9,PENDING,MTN_INTERNAL_SETTLEMENT,,,SIMULATED
325064,Opal Ridge Communications,ENTERPRISE BUSINESS,202603,23704.14,21333.73,2370.41,0.9,PENDING,BANK_TRANSFER,,,SIMULATED
281061,Linden Field Communications,PENTAGON FRANCHISE,202603,23441.860000000004,21097.67,2344.19,0.9,PENDING,BANK_TRANSFER,,,SIMULATED
19353,Stone Dale Networks,DATA PARTNERS,202603,23441.800000000003,14065.08,9376.72,0.6,PARTIALLY_PAID,BANK_TRANSFER,2026-04-30,HIGH_UNQUALIFIED_RATE,SIMULATED
310071,Sage Glen Trading,PENTAGON FRANCHISE,202603,23023.190000000002,20720.87,2302.32,0.9,PENDING,BANK_TRANSFER,,,SIMULATED
19424,Fern Park Communications,DATA PARTNERS,202603,22604.600000000006,20344.14,2260.46,0.9,PENDING,BANK_TRANSFER,,,SIMULATED
385083,Birch Wind Communications,PENTAGON FRANCHISE,202603,22292.08,20062.87,2229.21,0.9,PENDING,BANK_TRANSFER,,,SIMULATED
19469,Jade Spring Ventures,DATA PARTNERS,202603,22186.030000000002,19967.43,2218.6,0.9,PENDING,BANK_TRANSFER,,,SIMULATED
19503,Linden Path Networks,DATA PARTNERS,202603,22186.03,19967.43,2218.6,0.9,PENDING,BANK_TRANSFER,,,SIMULATED
63048,Maple Beacon Ventures,DATA PARTNERS,202603,22186.010000000002,19967.41,2218.6,0.9,PENDING,BANK_TRANSFER,,,SIMULATED
19845,Willow Horizon Networks,CONNECT STORES,202603,22029.76,13217.86,8811.9,0.6,PARTIALLY_PAID,MTN_INTERNAL_SETTLEMENT,2026-04-30,HIGH_UNQUALIFIED_RATE,SIMULATED
186043,Teal Isle Trading,CONNECT HUB,202603,21767.420000000002,19590.68,2176.74,0.9,PENDING,MTN_INTERNAL_SETTLEMENT,,,SIMULATED
19386,Pearl Park Trading,DEALER,202603,21767.42,19590.68,2176.74,0.9,PENDING,BANK_TRANSFER,,,SIMULATED
21217,Silver Grove Communications,ENTERPRISE BUSINESS,202603,21767.38,19590.64,2176.74,0.9,PENDING,BANK_TRANSFER,,,SIMULATED
391081,Rowan Grove Trading,PENTAGON FRANCHISE,202603,21454.879999999997,19309.39,2145.49,0.9,PENDING,BANK_TRANSFER,,,SIMULATED
317059,Aspen Summit Ventures,FIXED BROADBAND,202603,21454.86,19309.37,2145.49,0.9,PENDING,BANK_TRANSFER,,,SIMULATED
19912,Fern Brook Ventures,DATA PARTNERS,202603,21348.810000000005,19213.93,2134.88,0.9,PENDING,BANK_TRANSFER,,,SIMULATED
19981,Oak Hill Communications,DATA PARTNERS,202603,21348.79,19213.91,2134.88,0.9,PENDING,BANK_TRANSFER,,,SIMULATED
19595,Olive Wave Ventures,CONNECT STORES,202603,21348.79,12809.27,8539.52,0.6,PARTIALLY_PAID,MTN_INTERNAL_SETTLEMENT,2026-04-30,HIGH_UNQUALIFIED_RATE,SIMULATED
332062,Laurel Coast Communications,PENTAGON FRANCHISE,202603,21348.77,19213.89,2134.88,0.9,PENDING,BANK_TRANSFER,,,SIMULATED
148031,Birch Path Networks,CONNECT HUB,202603,21348.769999999997,19213.89,2134.88,0.9,PENDING,MTN_INTERNAL_SETTLEMENT,,,SIMULATED
21238,Rowan Vale Trading,DATA PARTNERS,202603,21192.540000000005,12715.52,8477.02,0.6,PARTIALLY_PAID,BANK_TRANSFER,2026-04-30,HIGH_UNQUALIFIED_RATE,SIMULATED
19775,Fern Valley Ventures,DATA PARTNERS,202603,21192.520000000004,19073.27,2119.25,0.9,PENDING,BANK_TRANSFER,,,SIMULATED
19384,Pearl Park Trading,DEALER,202603,21192.52,19073.27,2119.25,0.9,PENDING,BANK_TRANSFER,,,SIMULATED
19944,Rowan Hill Trading,CONNECT STORES,202603,21192.519999999997,12715.51,8477.01,0.6,PARTIALLY_PAID,MTN_INTERNAL_SETTLEMENT,2026-04-30,HIGH_UNQUALIFIED_RATE,SIMULATED
19422,Amber Lake Trading,DEALER,202603,20930.220000000005,18837.2,2093.02,0.9,PENDING,BANK_TRANSFER,,,SIMULATED
19560,Spruce Bridge Communications,CONNECT STORES,202603,20930.22,18837.2,2093.02,0.9,PENDING,MTN_INTERNAL_SETTLEMENT,,,SIMULATED
294062,River Brook Trading,PENTAGON FRANCHISE,202603,20930.200000000004,18837.18,2093.02,0.9,PENDING,BANK_TRANSFER,,,SIMULATED
284087,Fern Meadow Ventures,PENTAGON FRANCHISE,202603,20930.18,18837.16,2093.02,0.9,PENDING,BANK_TRANSFER,,,SIMULATED
26036,Hazel Ridge Networks,DATA PARTNERS,202603,20511.610000000004,18460.45,2051.16,0.9,PENDING,BANK_TRANSFER,,,SIMULATED
337058,Oak Reach Trading,PENTAGON FRANCHISE,202603,20511.59,18460.43,2051.16,0.9,PENDING,BANK_TRANSFER,,,SIMULATED
19920,Sunset Path Trading,CONNECT STORES,202603,20092.98,18083.68,2009.3,0.9,PENDING,MTN_INTERNAL_SETTLEMENT,,,SIMULATED
19677,Oak Stream Communications,DATA PARTNERS,202603,20092.98,18083.68,2009.3,0.9,PENDING,BANK_TRANSFER,,,SIMULATED
19812,Hazel Bay Trading,DATA PARTNERS,202603,20092.960000000003,18083.66,2009.3,0.9,PENDING,BANK_TRANSFER,,,SIMULATED
19438,Birch Dale Communications,CONNECT STORES,202603,20092.96,12055.78,8037.18,0.6,PARTIALLY_PAID,MTN_INTERNAL_SETTLEMENT,2026-04-30,HIGH_UNQUALIFIED_RATE,SIMULATED
377075,Winter Summit Trading,PENTAGON FRANCHISE,202603,19780.46,17802.41,1978.05,0.9,PENDING,BANK_TRANSFER,,,SIMULATED
115034,Flint Grove Trading,CONNECT HUB,202603,19780.46,17802.41,1978.05,0.9,PENDING,MTN_INTERNAL_SETTLEMENT,,,SIMULATED
19686,Ivory Stone Communications,CONNECT STORES,202603,19674.409999999996,17706.97,1967.44,0.9,PENDING,MTN_INTERNAL_SETTLEMENT,,,SIMULATED
255048,Quartz Delta Ventures,PENTAGON FRANCHISE,202603,19674.390000000003,17706.95,1967.44,0.9,PENDING,BANK_TRANSFER,,,SIMULATED
19792,Sunset Port Ventures,DEALER,202603,19674.39,17706.95,1967.44,0.9,PENDING,BANK_TRANSFER,,,SIMULATED
357069,Dawn Lake Networks,PENTAGON FRANCHISE,202603,19674.370000000003,17706.93,1967.44,0.9,PENDING,BANK_TRANSFER,,,SIMULATED
19815,Willow Lake Communications,DEALER,202603,19674.37,17706.93,1967.44,0.9,PENDING,BANK_TRANSFER,,,SIMULATED
21256,Oak Crest Networks,CONNECT STORES,202603,19674.37,17706.93,1967.44,0.9,PENDING,MTN_INTERNAL_SETTLEMENT,,,SIMULATED
19530,Silver Dale Ventures,DATA PARTNERS,202603,19255.760000000002,17330.18,1925.58,0.9,PENDING,BANK_TRANSFER,,,SIMULATED
327087,Meadow Bay Communications,PENTAGON FRANCHISE,202603,19255.76,17330.18,1925.58,0.9,PENDING,BANK_TRANSFER,,,SIMULATED
423151,Flint Hill Communications,ENTERPRISE BUSINESS,202603,18837.15,16953.44,1883.71,0.9,PENDING,BANK_TRANSFER,,,SIMULATED
19921,Sunset Path Trading,CONNECT STORES,202603,18837.15,16953.44,1883.71,0.9,PENDING,MTN_INTERNAL_SETTLEMENT,,,SIMULATED
311072,Coral View Communications,PENTAGON FRANCHISE,202603,18680.899999999998,16812.81,1868.09,0.9,PENDING,BANK_TRANSFER,,,SIMULATED
20041,Olive Stream Ventures,DATA PARTNERS,202603,18418.6,16576.74,1841.86,0.9,PENDING,BANK_TRANSFER,,,SIMULATED
365126,Birch Stone Trading,PENTAGON FRANCHISE,202603,18418.56,16576.7,1841.86,0.9,PENDING,BANK_TRANSFER,,,SIMULATED
357093,Meadow Crown Communications,PENTAGON FRANCHISE,202603,18262.33,16436.1,1826.23,0.9,PENDING,BANK_TRANSFER,,,SIMULATED
19488,Crystal Summit Networks,DATA PARTNERS,202603,18262.309999999998,16436.08,1826.23,0.9,PENDING,BANK_TRANSFER,,,SIMULATED
19849,Topaz Meadow Ventures,DATA PARTNERS,202603,18262.309999999998,16436.08,1826.23,0.9,PENDING,BANK_TRANSFER,,,SIMULATED
413208,Meadow Brook Networks,PENTAGON FRANCHISE,202603,17999.97,16199.97,1800.0,0.9,PENDING,BANK_TRANSFER,,,SIMULATED
19694,Maple Meadow Trading,DEALER,202603,17999.97,16199.97,1800.0,0.9,PENDING,BANK_TRANSFER,,,SIMULATED
365121,Raven Hill Trading,PENTAGON FRANCHISE,202603,17999.95,16199.96,1799.99,0.9,PENDING,BANK_TRANSFER,,,SIMULATED
19847,Forest Ridge Communications,DATA PARTNERS,202603,17999.95,16199.96,1799.99,0.9,PENDING,BANK_TRANSFER,,,SIMULATED
341062,Quartz Leaf Trading,PENTAGON FRANCHISE,202603,17999.95,16199.96,1799.99,0.9,PENDING,BANK_TRANSFER,,,SIMULATED
294073,Stone Wind Trading,ENTERPRISE BUSINESS,202603,17687.43,15918.69,1768.74,0.9,PENDING,BANK_TRANSFER,,,SIMULATED
19553,Elm Spring Communications,DEALER,202603,17687.43,15918.69,1768.74,0.9,PENDING,BANK_TRANSFER,,,SIMULATED
19910,Jade Light Networks,DATA PARTNERS,202603,17581.36,15823.22,1758.14,0.9,PENDING,BANK_TRANSFER,,,SIMULATED
374077,Sage Dale Trading,PENTAGON FRANCHISE,202603,17581.34,15823.21,1758.13,0.9,PENDING,BANK_TRANSFER,,,SIMULATED
19994,Teal Port Networks,ENTERPRISE BUSINESS,202603,17581.339999999997,15823.21,1758.13,0.9,PENDING,BANK_TRANSFER,,,SIMULATED
314062,Crystal Isle Ventures,PENTAGON FRANCHISE,202603,17581.339999999997,15823.21,1758.13,0.9,PENDING,BANK_TRANSFER,,,SIMULATED
19966,River Star Communications,DEALER,202603,17425.11,15682.6,1742.51,0.9,PENDING,BANK_TRANSFER,,,SIMULATED
19803,Harbor Shore Ventures,DEALER,202603,17425.09,15682.58,1742.51,0.9,PENDING,BANK_TRANSFER,,,SIMULATED
19323,Ember Coast Trading,DEALER,202603,17425.09,15682.58,1742.51,0.9,PENDING,BANK_TRANSFER,,,SIMULATED
19524,Flint Isle Trading,DATA PARTNERS,202603,17162.75,10297.65,6865.1,0.6,PARTIALLY_PAID,BANK_TRANSFER,2026-04-30,HIGH_UNQUALIFIED_RATE,SIMULATED
19640,Teal Haven Trading,DATA PARTNERS,202603,17162.75,15446.48,1716.27,0.9,PENDING,BANK_TRANSFER,,,SIMULATED
311058,Quartz Star Ventures,PENTAGON FRANCHISE,202603,17006.5,15305.85,1700.65,0.9,PENDING,BANK_TRANSFER,,,SIMULATED
319059,Dawn Wind Trading,PENTAGON FRANCHISE,202603,17006.48,15305.83,1700.65,0.9,PENDING,BANK_TRANSFER,,,SIMULATED
345065,Aspen Moon Communications,PENTAGON FRANCHISE,202603,17006.48,15305.83,1700.65,0.9,PENDING,BANK_TRANSFER,,,SIMULATED
280061,Juniper Bridge Trading,PENTAGON FRANCHISE,202603,16744.16,15069.74,1674.42,0.9,PENDING,BANK_TRANSFER,,,SIMULATED
19627,Coral Point Ventures,CONNECT STORES,202603,16744.14,10046.48,6697.66,0.6,PARTIALLY_PAID,MTN_INTERNAL_SETTLEMENT,2026-04-30,HIGH_UNQUALIFIED_RATE,SIMULATED
351058,Maple Port Ventures,PENTAGON FRANCHISE,202603,16431.62,14788.46,1643.16,0.9,PENDING,BANK_TRANSFER,,,SIMULATED
19606,Laurel Stream Ventures,CONNECT STORES,202603,16431.62,14788.46,1643.16,0.9,PENDING,MTN_INTERNAL_SETTLEMENT,,,SIMULATED
393082,Opal Dale Networks,PENTAGON FRANCHISE,202603,16431.62,14788.46,1643.16,0.9,PENDING,BANK_TRANSFER,,,SIMULATED
19922,Sunset Path Trading,CONNECT STORES,202603,16431.62,9858.97,6572.65,0.6,PARTIALLY_PAID,MTN_INTERNAL_SETTLEMENT,2026-04-30,HIGH_UNQUALIFIED_RATE,SIMULATED
423155,Hazel Shore Networks,PENTAGON FRANCHISE,202603,16431.62,14788.46,1643.16,0.9,PENDING,BANK_TRANSFER,,,SIMULATED
295083,Sunset Crest Communications,PENTAGON FRANCHISE,202603,16431.62,14788.46,1643.16,0.9,PENDING,BANK_TRANSFER,,,SIMULATED
413173,Harbor Horizon Ventures,PENTAGON FRANCHISE,202603,16325.529999999999,14692.98,1632.55,0.9,PENDING,BANK_TRANSFER,,,SIMULATED
19464,Orchid View Networks,CONNECT STORES,202603,16325.529999999999,9795.32,6530.21,0.6,PARTIALLY_PAID,MTN_INTERNAL_SETTLEMENT,2026-04-30,HIGH_UNQUALIFIED_RATE,SIMULATED
337092,Pearl Haven Ventures,PENTAGON FRANCHISE,202603,16325.529999999997,14692.98,1632.55,0.9,PENDING,BANK_TRANSFER,,,SIMULATED
295082,Harbor Grove Networks,PENTAGON FRANCHISE,202603,16325.529999999997,14692.98,1632.55,0.9,PENDING,BANK_TRANSFER,,,SIMULATED
19923,Sunset Path Trading,CONNECT STORES,202603,16169.279999999999,9701.57,6467.71,0.6,PARTIALLY_PAID,MTN_INTERNAL_SETTLEMENT,2026-04-30,HIGH_UNQUALIFIED_RATE,SIMULATED
360060,Oak Horizon Trading,PENTAGON FRANCHISE,202603,16169.279999999997,14552.35,1616.93,0.9,PENDING,BANK_TRANSFER,,,SIMULATED
19788,Maple Wave Networks,CONNECT STORES,202603,15906.98,14316.28,1590.7,0.9,PENDING,MTN_INTERNAL_SETTLEMENT,,,SIMULATED
19516,Aspen Reach Communications,DATA PARTNERS,202603,15906.96,14316.26,1590.7,0.9,PENDING,BANK_TRANSFER,,,SIMULATED
19757,Amber View Ventures,DATA PARTNERS,202603,15906.96,9544.18,6362.78,0.6,PARTIALLY_PAID,BANK_TRANSFER,2026-04-30,HIGH_UNQUALIFIED_RATE,SIMULATED
179044,Birch Crown Ventures,ENTERPRISE BUSINESS,202603,15906.939999999999,14316.25,1590.69,0.9,PENDING,BANK_TRANSFER,,,SIMULATED
367087,Meadow Stream Trading,PENTAGON FRANCHISE,202603,15750.69,14175.62,1575.07,0.9,PENDING,BANK_TRANSFER,,,SIMULATED
296076,Elm Field Ventures,PENTAGON FRANCHISE,202603,15488.37,13939.53,1548.84,0.9,PENDING,BANK_TRANSFER,,,SIMULATED
392087,Fern Point Networks,PENTAGON FRANCHISE,202603,15488.369999999999,13939.53,1548.84,0.9,PENDING,BANK_TRANSFER,,,SIMULATED
19349,Sage Glen Ventures,CONNECT STORES,202603,15488.35,13939.52,1548.83,0.9,PENDING,MTN_INTERNAL_SETTLEMENT,,,SIMULATED
19693,Maple Meadow Trading,DEALER,202603,15488.329999999998,13939.5,1548.83,0.9,PENDING,BANK_TRANSFER,,,SIMULATED
19435,Spruce Moon Trading,DATA PARTNERS,202603,15488.329999999998,13939.5,1548.83,0.9,PENDING,BANK_TRANSFER,,,SIMULATED
19936,Azure Reach Networks,DATA PARTNERS,202603,15488.329999999998,13939.5,1548.83,0.9,PENDING,BANK_TRANSFER,,,SIMULATED
20044,Teal Ridge Ventures,DEALER,202603,15488.329999999998,13939.5,1548.83,0.9,PENDING,BANK_TRANSFER,,,SIMULATED
20020,Maple Wave Trading,DATA PARTNERS,202603,15488.329999999998,13939.5,1548.83,0.9,PENDING,BANK_TRANSFER,,,SIMULATED
19665,Swift Leaf Ventures,DATA PARTNERS,202603,15488.329999999998,13939.5,1548.83,0.9,PENDING,BANK_TRANSFER,,,SIMULATED
378071,Meadow Reach Ventures,PENTAGON FRANCHISE,202603,15332.079999999998,13798.87,1533.21,0.9,PENDING,BANK_TRANSFER,,,SIMULATED
19541,Aspen Dale Ventures,CONNECT STORES,202603,15069.76,13562.78,1506.98,0.9,PENDING,MTN_INTERNAL_SETTLEMENT,,,SIMULATED
19794,Jade Lake Communications,CONNECT STORES,202603,15069.739999999998,9041.84,6027.9,0.6,PARTIALLY_PAID,MTN_INTERNAL_SETTLEMENT,2026-04-30,HIGH_UNQUALIFIED_RATE,SIMULATED
206054,Orchid Crown Communications,FIXED BROADBAND,202603,15069.72,13562.75,1506.97,0.9,PENDING,BANK_TRANSFER,,,SIMULATED
19784,Raven Isle Communications,DEALER,202603,15069.72,13562.75,1506.97,0.9,PENDING,BANK_TRANSFER,,,SIMULATED
126031,Meadow Bay Communications,ENTERPRISE BUSINESS,202603,15069.719999999998,13562.75,1506.97,0.9,PENDING,BANK_TRANSFER,,,SIMULATED
314061,Linden Bay Trading,PENTAGON FRANCHISE,202603,15069.719999999998,13562.75,1506.97,0.9,PENDING,BANK_TRANSFER,,,SIMULATED
19540,Aspen Dale Ventures,CONNECT STORES,202603,14651.17,13186.05,1465.12,0.9,PENDING,MTN_INTERNAL_SETTLEMENT,,,SIMULATED
19337,Sunset Stone Networks,CONNECT STORES,202603,14651.17,8790.7,5860.47,0.6,PARTIALLY_PAID,MTN_INTERNAL_SETTLEMENT,2026-04-30,HIGH_UNQUALIFIED_RATE,SIMULATED
19408,Sunset Wood Networks,DEALER,202603,14651.15,13186.03,1465.12,0.9,PENDING,BANK_TRANSFER,,,SIMULATED
45025,Sage Sky Trading,DATA PARTNERS,202603,14651.13,13186.02,1465.11,0.9,PENDING,BANK_TRANSFER,,,SIMULATED
219047,Amber View Ventures,ENTERPRISE BUSINESS,202603,14651.13,13186.02,1465.11,0.9,PENDING,BANK_TRANSFER,,,SIMULATED
21251,Dawn Delta Networks,DATA PARTNERS,202603,14651.13,13186.02,1465.11,0.9,PENDING,BANK_TRANSFER,,,SIMULATED
19410,Opal Grove Ventures,DATA PARTNERS,202603,14651.129999999997,13186.02,1465.11,0.9,PENDING,BANK_TRANSFER,,,SIMULATED
21218,Pearl Meadow Ventures,DATA PARTNERS,202603,14232.539999999999,12809.29,1423.25,0.9,PENDING,BANK_TRANSFER,,,SIMULATED
306060,Orchid Stone Networks,PENTAGON FRANCHISE,202603,14232.539999999999,12809.29,1423.25,0.9,PENDING,BANK_TRANSFER,,,SIMULATED
19787,Maple Wave Networks,CONNECT STORES,202603,13813.929999999998,12432.54,1381.39,0.9,PENDING,MTN_INTERNAL_SETTLEMENT,,,SIMULATED
430143,Topaz Trail Trading,PENTAGON FRANCHISE,202603,13813.909999999998,8288.35,5525.56,0.6,PARTIALLY_PAID,BANK_TRANSFER,2026-04-30,HIGH_UNQUALIFIED_RATE,SIMULATED
357073,Harbor Shore Communications,PENTAGON FRANCHISE,202603,13813.909999999998,12432.52,1381.39,0.9,PENDING,BANK_TRANSFER,,,SIMULATED
290073,Indigo Wind Communications,PENTAGON FRANCHISE,202603,13813.909999999998,12432.52,1381.39,0.9,PENDING,BANK_TRANSFER,,,SIMULATED
365076,Dawn Star Ventures,PENTAGON FRANCHISE,202603,13657.659999999998,12291.89,1365.77,0.9,PENDING,BANK_TRANSFER,,,SIMULATED
19905,Linden Valley Ventures,CONNECT STORES,202603,13395.339999999998,8037.2,5358.14,0.6,PARTIALLY_PAID,MTN_INTERNAL_SETTLEMENT,2026-04-30,HIGH_UNQUALIFIED_RATE,SIMULATED
388083,Maple Port Trading,ENTERPRISE BUSINESS,202603,13395.32,12055.79,1339.53,0.9,PENDING,BANK_TRANSFER,,,SIMULATED
294092,Linden Lake Ventures,PENTAGON FRANCHISE,202603,13395.319999999998,12055.79,1339.53,0.9,PENDING,BANK_TRANSFER,,,SIMULATED
357064,Spruce Leaf Trading,PENTAGON FRANCHISE,202603,13239.07,11915.16,1323.91,0.9,PENDING,BANK_TRANSFER,,,SIMULATED
382121,Stone Ridge Networks,PENTAGON FRANCHISE,202603,13239.07,11915.16,1323.91,0.9,PENDING,BANK_TRANSFER,,,SIMULATED
47026,Forest Hill Trading,ENTERPRISE BUSINESS,202603,13239.05,11915.15,1323.9,0.9,PENDING,BANK_TRANSFER,,,SIMULATED
19450,Quartz Isle Networks,CONNECT STORES,202603,13239.05,11915.15,1323.9,0.9,PENDING,MTN_INTERNAL_SETTLEMENT,,,SIMULATED
334061,Juniper Moon Networks,PENTAGON FRANCHISE,202603,12976.75,11679.08,1297.67,0.9,PENDING,BANK_TRANSFER,,,SIMULATED
355066,Elm Shore Networks,PENTAGON FRANCHISE,202603,12976.71,11679.04,1297.67,0.9,PENDING,BANK_TRANSFER,,,SIMULATED
329064,Willow Stone Trading,PENTAGON FRANCHISE,202603,12976.71,11679.04,1297.67,0.9,PENDING,BANK_TRANSFER,,,SIMULATED
430142,Sunset Horizon Networks,PENTAGON FRANCHISE,202603,12820.46,11538.41,1282.05,0.9,PENDING,BANK_TRANSFER,,,SIMULATED
19956,Golden Port Ventures,DATA PARTNERS,202603,12558.14,11302.33,1255.81,0.9,PENDING,BANK_TRANSFER,,,SIMULATED
19484,Coral Wood Communications,DATA PARTNERS,202603,12558.12,11302.31,1255.81,0.9,PENDING,BANK_TRANSFER,,,SIMULATED
19676,Ivory Crest Ventures,DATA PARTNERS,202603,12558.119999999999,11302.31,1255.81,0.9,PENDING,BANK_TRANSFER,,,SIMULATED
350060,Amber Hill Trading,PENTAGON FRANCHISE,202603,12558.119999999999,11302.31,1255.81,0.9,PENDING,BANK_TRANSFER,,,SIMULATED
357071,Spruce Light Communications,PENTAGON FRANCHISE,202603,12558.099999999999,11302.29,1255.81,0.9,PENDING,BANK_TRANSFER,,,SIMULATED
347058,River Isle Networks,DEALER,202603,12558.099999999999,11302.29,1255.81,0.9,PENDING,BANK_TRANSFER,,,SIMULATED
379099,Birch Field Ventures,PENTAGON FRANCHISE,202603,12558.099999999999,11302.29,1255.81,0.9,PENDING,BANK_TRANSFER,,,SIMULATED
19321,Ember Coast Trading,DEALER,202603,12558.099999999999,11302.29,1255.81,0.9,PENDING,BANK_TRANSFER,,,SIMULATED
357098,Fern Meadow Ventures,PENTAGON FRANCHISE,202603,12558.099999999999,11302.29,1255.81,0.9,PENDING,BANK_TRANSFER,,,SIMULATED
353066,Crystal Stream Networks,PENTAGON FRANCHISE,202603,12558.099999999999,11302.29,1255.81,0.9,PENDING,BANK_TRANSFER,,,SIMULATED
319060,Teal Grove Networks,PENTAGON FRANCHISE,202603,12558.099999999999,11302.29,1255.81,0.9,PENDING,BANK_TRANSFER,,,SIMULATED
365108,Laurel Glen Trading,PENTAGON FRANCHISE,202603,12401.849999999999,11161.66,1240.19,0.9,PENDING,BANK_TRANSFER,,,SIMULATED
206068,Jade Lake Communications,ENTERPRISE BUSINESS,202603,12401.849999999999,11161.66,1240.19,0.9,PENDING,BANK_TRANSFER,,,SIMULATED
146041,Oak Crest Networks,CONNECT HUB,202603,12139.529999999999,10925.58,1213.95,0.9,PENDING,MTN_INTERNAL_SETTLEMENT,,,SIMULATED
19862,Olive Moon Ventures,CONNECT STORES,202603,12139.529999999999,10925.58,1213.95,0.9,PENDING,MTN_INTERNAL_SETTLEMENT,,,SIMULATED
65033,Sunset Path Trading,CONNECT HUB,202603,12139.529999999999,10925.58,1213.95,0.9,PENDING,MTN_INTERNAL_SETTLEMENT,,,SIMULATED
350071,Meadow Beacon Networks,PENTAGON FRANCHISE,202603,12139.51,10925.56,1213.95,0.9,PENDING,BANK_TRANSFER,,,SIMULATED
358060,Golden Valley Communications,PENTAGON FRANCHISE,202603,11983.24,10784.92,1198.32,0.9,PENDING,BANK_TRANSFER,,,SIMULATED
71045,Ivory Bay Ventures,DATA PARTNERS,202603,11720.92,10548.83,1172.09,0.9,PENDING,BANK_TRANSFER,,,SIMULATED
19328,Golden Dale Communications,DEALER,202603,11720.919999999998,10548.83,1172.09,0.9,PENDING,BANK_TRANSFER,,,SIMULATED
19950,Jade Brook Communications,DATA PARTNERS,202603,11720.9,10548.81,1172.09,0.9,PENDING,BANK_TRANSFER,,,SIMULATED
344063,Sunset Bay Ventures,PENTAGON FRANCHISE,202603,11720.9,10548.81,1172.09,0.9,PENDING,BANK_TRANSFER,,,SIMULATED
341061,Hazel Park Communications,PENTAGON FRANCHISE,202603,11720.899999999998,10548.81,1172.09,0.9,PENDING,BANK_TRANSFER,,,SIMULATED
412111,Topaz Isle Networks,PENTAGON FRANCHISE,202603,11564.65,10408.18,1156.47,0.9,PENDING,BANK_TRANSFER,,,SIMULATED
19510,Winter Horizon Networks,DATA PARTNERS,202603,11302.31,10172.08,1130.23,0.9,PENDING,BANK_TRANSFER,,,SIMULATED
282053,Swift Moon Communications,ENTERPRISE BUSINESS,202603,11302.31,10172.08,1130.23,0.9,PENDING,BANK_TRANSFER,,,SIMULATED
19429,Raven Valley Networks,DATA PARTNERS,202603,11302.289999999999,10172.06,1130.23,0.9,PENDING,BANK_TRANSFER,,,SIMULATED
206056,Jade Arc Ventures,CONNECT STORES,202603,11302.289999999999,6781.37,4520.92,0.6,PARTIALLY_PAID,MTN_INTERNAL_SETTLEMENT,2026-04-30,HIGH_UNQUALIFIED_RATE,SIMULATED
19391,Olive Gate Trading,DATA PARTNERS,202603,11302.289999999999,10172.06,1130.23,0.9,PENDING,BANK_TRANSFER,,,SIMULATED
19918,Sunset Path Trading,CONNECT STORES,202603,11302.289999999999,10172.06,1130.23,0.9,PENDING,MTN_INTERNAL_SETTLEMENT,,,SIMULATED
19482,Olive Light Trading,DATA PARTNERS,202603,11302.289999999997,10172.06,1130.23,0.9,PENDING,BANK_TRANSFER,,,SIMULATED
337060,Rowan Lake Communications,PENTAGON FRANCHISE,202603,11302.289999999997,10172.06,1130.23,0.9,PENDING,BANK_TRANSFER,,,SIMULATED
358059,Stone View Ventures,PENTAGON FRANCHISE,202603,11146.039999999999,10031.44,1114.6,0.9,PENDING,BANK_TRANSFER,,,SIMULATED
350062,Hazel Meadow Trading,PENTAGON FRANCHISE,202603,10883.7,9795.33,1088.37,0.9,PENDING,BANK_TRANSFER,,,SIMULATED
349080,Topaz Glen Communications,PENTAGON FRANCHISE,202603,10883.7,9795.33,1088.37,0.9,PENDING,BANK_TRANSFER,,,SIMULATED
410086,Willow Light Ventures,PENTAGON FRANCHISE,202603,10727.43,9654.69,1072.74,0.9,PENDING,BANK_TRANSFER,,,SIMULATED
19763,Juniper Moon Networks,DATA PARTNERS,202603,10465.11,9418.6,1046.51,0.9,PENDING,BANK_TRANSFER,,,SIMULATED
328065,Willow Port Networks,PENTAGON FRANCHISE,202603,10465.09,9418.58,1046.51,0.9,PENDING,BANK_TRANSFER,,,SIMULATED
19362,Fern Wood Ventures,DATA PARTNERS,202603,10465.09,9418.58,1046.51,0.9,PENDING,BANK_TRANSFER,,,SIMULATED
319063,Willow Shore Communications,PENTAGON FRANCHISE,202603,10465.089999999998,9418.58,1046.51,0.9,PENDING,BANK_TRANSFER,,,SIMULATED
19741,Indigo Crown Networks,CONNECT STORES,202603,10465.089999999998,9418.58,1046.51,0.9,PENDING,MTN_INTERNAL_SETTLEMENT,,,SIMULATED
19982,River Stone Trading,DATA PARTNERS,202603,10046.52,9041.87,1004.65,0.9,PENDING,BANK_TRANSFER,,,SIMULATED
365081,Spruce Grove Ventures,PENTAGON FRANCHISE,202603,10046.5,9041.85,1004.65,0.9,PENDING,BANK_TRANSFER,,,SIMULATED
19544,Aspen View Networks,DATA PARTNERS,202603,10046.5,4018.6,6027.9,0.4,DISPUTED,BANK_TRANSFER,,CONFIRMED_MISMATCH,SIMULATED
327083,Teal Hill Communications,PENTAGON FRANCHISE,202603,10046.48,9041.83,1004.65,0.9,PENDING,BANK_TRANSFER,,,SIMULATED
332061,Swift Grove Trading,PENTAGON FRANCHISE,202603,10046.48,9041.83,1004.65,0.9,PENDING,BANK_TRANSFER,,,SIMULATED
413177,Ruby Moon Ventures,ENTERPRISE BUSINESS,202603,10046.48,9041.83,1004.65,0.9,PENDING,BANK_TRANSFER,,,SIMULATED
19454,Hazel Hill Ventures,DATA PARTNERS,202603,10046.48,9041.83,1004.65,0.9,PENDING,BANK_TRANSFER,,,SIMULATED
413175,Ruby Hill Ventures,PENTAGON FRANCHISE,202603,10046.48,9041.83,1004.65,0.9,PENDING,BANK_TRANSFER,,,SIMULATED
437144,Willow Bay Trading,PENTAGON FRANCHISE,202603,10046.48,9041.83,1004.65,0.9,PENDING,BANK_TRANSFER,,,SIMULATED
19416,Harbor Ridge Trading,DATA PARTNERS,202603,10046.479999999998,9041.83,1004.65,0.9,PENDING,BANK_TRANSFER,,,SIMULATED
159043,Aspen Sky Trading,CONNECT HUB,202603,10046.479999999998,9041.83,1004.65,0.9,PENDING,MTN_INTERNAL_SETTLEMENT,,,SIMULATED
19949,Forest Light Trading,DATA PARTNERS,202603,10046.479999999998,9041.83,1004.65,0.9,PENDING,BANK_TRANSFER,,,SIMULATED
345064,Meadow Haven Networks,PENTAGON FRANCHISE,202603,9890.23,8901.21,989.02,0.9,PENDING,BANK_TRANSFER,,,SIMULATED
357068,Ruby Sky Trading,PENTAGON FRANCHISE,202603,9627.91,8665.12,962.79,0.9,PENDING,BANK_TRANSFER,,,SIMULATED
19678,Quartz Dale Ventures,DATA PARTNERS,202603,9627.89,8665.1,962.79,0.9,PENDING,BANK_TRANSFER,,,SIMULATED
19481,Orchid Point Networks,DATA PARTNERS,202603,9627.89,8665.1,962.79,0.9,PENDING,BANK_TRANSFER,,,SIMULATED
19322,Ember Coast Trading,DEALER,202603,9627.89,8665.1,962.79,0.9,PENDING,BANK_TRANSFER,,,SIMULATED
430144,Golden Bay Communications,PENTAGON FRANCHISE,202603,9627.89,8665.1,962.79,0.9,PENDING,BANK_TRANSFER,,,SIMULATED
19662,Cedar Hill Networks,DATA PARTNERS,202603,9627.89,8665.1,962.79,0.9,PENDING,BANK_TRANSFER,,,SIMULATED
329072,Pine Bay Trading,PENTAGON FRANCHISE,202603,9627.89,8665.1,962.79,0.9,PENDING,BANK_TRANSFER,,,SIMULATED
322064,Ivory Valley Trading,PENTAGON FRANCHISE,202603,9471.619999999999,5682.97,3788.65,0.6,PARTIALLY_PAID,BANK_TRANSFER,2026-04-30,HIGH_UNQUALIFIED_RATE,SIMULATED
350067,Amber Horizon Communications,ENTERPRISE BUSINESS,202603,9471.619999999999,8524.46,947.16,0.9,PENDING,BANK_TRANSFER,,,SIMULATED
409090,Cedar Isle Ventures,PENTAGON FRANCHISE,202603,9471.619999999999,8524.46,947.16,0.9,PENDING,BANK_TRANSFER,,,SIMULATED
337075,Sage Crown Ventures,PENTAGON FRANCHISE,202603,9471.619999999999,8524.46,947.16,0.9,PENDING,BANK_TRANSFER,,,SIMULATED
400091,Olive Vale Trading,PENTAGON FRANCHISE,202603,9471.619999999999,8524.46,947.16,0.9,PENDING,BANK_TRANSFER,,,SIMULATED
368078,Raven Wave Ventures,PENTAGON FRANCHISE,202603,9471.619999999999,8524.46,947.16,0.9,PENDING,BANK_TRANSFER,,,SIMULATED
313062,Laurel Leaf Trading,ENTERPRISE BUSINESS,202603,9471.619999999999,8524.46,947.16,0.9,PENDING,BANK_TRANSFER,,,SIMULATED
342069,Aspen Reach Ventures,PENTAGON FRANCHISE,202603,9471.619999999999,8524.46,947.16,0.9,PENDING,BANK_TRANSFER,,,SIMULATED
372071,Birch Ridge Communications,PENTAGON FRANCHISE,202603,9471.619999999999,8524.46,947.16,0.9,PENDING,BANK_TRANSFER,,,SIMULATED
113047,Quartz Crown Networks,CONNECT HUB,202603,9471.619999999999,8524.46,947.16,0.9,PENDING,MTN_INTERNAL_SETTLEMENT,,,SIMULATED
19475,Fern Coast Trading,DEALER,202603,9209.3,8288.37,920.93,0.9,PENDING,BANK_TRANSFER,,,SIMULATED
132031,Coral Point Ventures,CONNECT HUB,202603,9209.279999999999,8288.35,920.93,0.9,PENDING,MTN_INTERNAL_SETTLEMENT,,,SIMULATED
349069,Indigo Wind Trading,PENTAGON FRANCHISE,202603,9209.279999999999,8288.35,920.93,0.9,PENDING,BANK_TRANSFER,,,SIMULATED
19656,Ivory Hill Communications,DATA PARTNERS,202603,9209.279999999999,8288.35,920.93,0.9,PENDING,BANK_TRANSFER,,,SIMULATED
19567,Teal Ridge Trading,DATA PARTNERS,202603,8790.69,7911.62,879.07,0.9,PENDING,BANK_TRANSFER,,,SIMULATED
19397,Dawn Delta Ventures,DATA PARTNERS,202603,8790.689999999999,7911.62,879.07,0.9,PENDING,BANK_TRANSFER,,,SIMULATED
353065,Azure Spring Trading,PENTAGON FRANCHISE,202603,8790.689999999999,7911.62,879.07,0.9,PENDING,BANK_TRANSFER,,,SIMULATED
295076,Dawn Park Communications,PENTAGON FRANCHISE,202603,8790.67,7911.6,879.07,0.9,PENDING,BANK_TRANSFER,,,SIMULATED
344064,Silver Shore Networks,PENTAGON FRANCHISE,202603,8790.67,7911.6,879.07,0.9,PENDING,BANK_TRANSFER,,,SIMULATED
19350,Sage Glen Ventures,CONNECT STORES,202603,8790.67,7911.6,879.07,0.9,PENDING,MTN_INTERNAL_SETTLEMENT,,,SIMULATED
342072,Coral Spring Networks,PENTAGON FRANCHISE,202603,8790.67,7911.6,879.07,0.9,PENDING,BANK_TRANSFER,,,SIMULATED
319061,Teal Vale Trading,PENTAGON FRANCHISE,202603,8790.669999999998,7911.6,879.07,0.9,PENDING,BANK_TRANSFER,,,SIMULATED
418142,Maple Beacon Ventures,PENTAGON FRANCHISE,202603,8372.1,7534.89,837.21,0.9,PENDING,BANK_TRANSFER,,,SIMULATED
405096,Ruby View Communications,PENTAGON FRANCHISE,202603,8372.1,7534.89,837.21,0.9,PENDING,BANK_TRANSFER,,,SIMULATED
19681,Forest Vale Communications,CONNECT STORES,202603,8372.1,5023.26,3348.84,0.6,PARTIALLY_PAID,MTN_INTERNAL_SETTLEMENT,2026-04-30,HIGH_UNQUALIFIED_RATE,SIMULATED
366070,Forest Point Communications,PENTAGON FRANCHISE,202603,8372.1,7534.89,837.21,0.9,PENDING,BANK_TRANSFER,,,SIMULATED
19515,Hazel Moon Networks,DATA PARTNERS,202603,8372.079999999998,7534.87,837.21,0.9,PENDING,BANK_TRANSFER,,,SIMULATED
360065,Oak Gate Trading,PENTAGON FRANCHISE,202603,8215.81,7394.23,821.58,0.9,PENDING,BANK_TRANSFER,,,SIMULATED
365128,Amber View Ventures,PENTAGON FRANCHISE,202603,8215.81,4929.49,3286.32,0.6,PARTIALLY_PAID,BANK_TRANSFER,2026-04-30,HIGH_UNQUALIFIED_RATE,SIMULATED
452147,Stone Stone Trading,PENTAGON FRANCHISE,202603,8215.81,7394.23,821.58,0.9,PENDING,BANK_TRANSFER,,,SIMULATED
296061,Stone Brook Networks,PENTAGON FRANCHISE,202603,8215.81,7394.23,821.58,0.9,PENDING,BANK_TRANSFER,,,SIMULATED
281059,Elm Port Communications,PENTAGON FRANCHISE,202603,8215.81,7394.23,821.58,0.9,PENDING,BANK_TRANSFER,,,SIMULATED
360063,Teal Ridge Ventures,PENTAGON FRANCHISE,202603,7953.469999999999,7158.12,795.35,0.9,PENDING,BANK_TRANSFER,,,SIMULATED
355060,Silver Wave Networks,PENTAGON FRANCHISE,202603,7953.469999999999,7158.12,795.35,0.9,PENDING,BANK_TRANSFER,,,SIMULATED
413181,Teal Dale Networks,ENTERPRISE BUSINESS,202603,7953.469999999999,7158.12,795.35,0.9,PENDING,BANK_TRANSFER,,,SIMULATED
281062,Jade Delta Networks,PENTAGON FRANCHISE,202603,7953.469999999999,7158.12,795.35,0.9,PENDING,BANK_TRANSFER,,,SIMULATED
361069,Forest Reach Communications,PENTAGON FRANCHISE,202603,7534.88,6781.39,753.49,0.9,PENDING,BANK_TRANSFER,,,SIMULATED
337071,Jade View Ventures,PENTAGON FRANCHISE,202603,7534.879999999999,6781.39,753.49,0.9,PENDING,BANK_TRANSFER,,,SIMULATED
357067,Teal Meadow Networks,PENTAGON FRANCHISE,202603,7534.86,4520.92,3013.94,0.6,PARTIALLY_PAID,BANK_TRANSFER,2026-04-30,HIGH_UNQUALIFIED_RATE,SIMULATED
19755,Amber View Ventures,DEALER,202603,7534.86,6781.37,753.49,0.9,PENDING,BANK_TRANSFER,,,SIMULATED
350072,Meadow Light Networks,PENTAGON FRANCHISE,202603,7534.859999999999,6781.37,753.49,0.9,PENDING,BANK_TRANSFER,,,SIMULATED
345069,Linden Leaf Networks,PENTAGON FRANCHISE,202603,7534.859999999999,6781.37,753.49,0.9,PENDING,BANK_TRANSFER,,,SIMULATED
345063,Golden Spring Ventures,PENTAGON FRANCHISE,202603,7534.859999999999,6781.37,753.49,0.9,PENDING,BANK_TRANSFER,,,SIMULATED
345062,Fern Park Networks,PENTAGON FRANCHISE,202603,7534.859999999999,6781.37,753.49,0.9,PENDING,BANK_TRANSFER,,,SIMULATED
338060,Indigo Bridge Communications,PENTAGON FRANCHISE,202603,7534.859999999999,6781.37,753.49,0.9,PENDING,BANK_TRANSFER,,,SIMULATED
19625,Topaz Coast Communications,CONNECT STORES,202603,7534.859999999999,4520.92,3013.94,0.6,PARTIALLY_PAID,MTN_INTERNAL_SETTLEMENT,2026-04-30,HIGH_UNQUALIFIED_RATE,SIMULATED
357058,Willow Wave Communications,PENTAGON FRANCHISE,202603,7534.859999999999,6781.37,753.49,0.9,PENDING,BANK_TRANSFER,,,SIMULATED
296060,Opal Ridge Communications,PENTAGON FRANCHISE,202603,7534.859999999999,4520.92,3013.94,0.6,PARTIALLY_PAID,BANK_TRANSFER,2026-04-30,HIGH_UNQUALIFIED_RATE,SIMULATED
126032,Rowan Hill Trading,CONNECT HUB,202603,7534.859999999999,4520.92,3013.94,0.6,PARTIALLY_PAID,MTN_INTERNAL_SETTLEMENT,2026-04-30,HIGH_UNQUALIFIED_RATE,SIMULATED
328066,Dawn Field Communications,PENTAGON FRANCHISE,202603,7534.859999999999,6781.37,753.49,0.9,PENDING,BANK_TRANSFER,,,SIMULATED
413182,Crystal Light Networks,ENTERPRISE BUSINESS,202603,7534.859999999999,6781.37,753.49,0.9,PENDING,BANK_TRANSFER,,,SIMULATED
19578,Topaz Bridge Trading,CONNECT STORES,202603,7534.859999999999,6781.37,753.49,0.9,PENDING,MTN_INTERNAL_SETTLEMENT,,,SIMULATED
19832,Amber Beacon Trading,DEALER,202603,7534.859999999999,6781.37,753.49,0.9,PENDING,BANK_TRANSFER,,,SIMULATED
19742,Indigo Crown Networks,CONNECT STORES,202603,7116.27,6404.64,711.63,0.9,PENDING,MTN_INTERNAL_SETTLEMENT,,,SIMULATED
20031,Dawn Spring Communications,DATA PARTNERS,202603,7116.27,6404.64,711.63,0.9,PENDING,BANK_TRANSFER,,,SIMULATED
19751,Teal Beacon Communications,DATA PARTNERS,202603,7116.269999999999,6404.64,711.63,0.9,PENDING,BANK_TRANSFER,,,SIMULATED
329063,Spruce Field Trading,PENTAGON FRANCHISE,202603,6697.68,6027.91,669.77,0.9,PENDING,BANK_TRANSFER,,,SIMULATED
19514,Pearl Crest Communications,DEALER,202603,6697.66,6027.89,669.77,0.9,PENDING,BANK_TRANSFER,,,SIMULATED
391082,Cedar Point Networks,PENTAGON FRANCHISE,202603,6697.66,6027.89,669.77,0.9,PENDING,BANK_TRANSFER,,,SIMULATED
317058,Coral Gate Ventures,PENTAGON FRANCHISE,202603,6697.66,6027.89,669.77,0.9,PENDING,BANK_TRANSFER,,,SIMULATED
391086,Laurel Bridge Communications,ENTERPRISE BUSINESS,202603,6279.07,5651.16,627.91,0.9,PENDING,BANK_TRANSFER,,,SIMULATED
365122,Laurel Isle Communications,PENTAGON FRANCHISE,202603,6279.07,2511.63,3767.44,0.4,DISPUTED,BANK_TRANSFER,,CONFIRMED_MISMATCH,SIMULATED
129044,Willow Shore Communications,ENTERPRISE BUSINESS,202603,6279.07,5651.16,627.91,0.9,PENDING,BANK_TRANSFER,,,SIMULATED
368077,Amber Light Networks,PENTAGON FRANCHISE,202603,6279.07,5651.16,627.91,0.9,PENDING,BANK_TRANSFER,,,SIMULATED
372073,Amber Meadow Ventures,PENTAGON FRANCHISE,202603,6279.049999999999,5651.14,627.91,0.9,PENDING,BANK_TRANSFER,,,SIMULATED
400086,Azure Trail Networks,PENTAGON FRANCHISE,202603,6279.049999999999,5651.14,627.91,0.9,PENDING,BANK_TRANSFER,,,SIMULATED
341071,Elm Bridge Ventures,PENTAGON FRANCHISE,202603,6279.049999999999,3767.43,2511.62,0.6,PARTIALLY_PAID,BANK_TRANSFER,2026-04-30,HIGH_UNQUALIFIED_RATE,SIMULATED
455155,Jade Arc Ventures,CONNECT HUB,202603,6279.049999999999,5651.14,627.91,0.9,PENDING,MTN_INTERNAL_SETTLEMENT,,,SIMULATED
61028,Oak Leaf Communications,DATA PARTNERS,202603,6279.049999999999,5651.14,627.91,0.9,PENDING,BANK_TRANSFER,,,SIMULATED
19783,Raven Isle Communications,DEALER,202603,6279.049999999999,5651.14,627.91,0.9,PENDING,BANK_TRANSFER,,,SIMULATED
349089,Coral Reach Trading,ENTERPRISE BUSINESS,202603,6279.049999999999,5651.14,627.91,0.9,PENDING,BANK_TRANSFER,,,SIMULATED
19471,Harbor Grove Networks,DEALER,202603,6279.049999999999,5651.14,627.91,0.9,PENDING,BANK_TRANSFER,,,SIMULATED
176057,Fern Shore Ventures,DEALER,202603,6279.049999999999,5651.14,627.91,0.9,PENDING,BANK_TRANSFER,,,SIMULATED
360064,Flint Crest Trading,PENTAGON FRANCHISE,202603,6279.049999999999,5651.14,627.91,0.9,PENDING,BANK_TRANSFER,,,SIMULATED
358071,Crystal Leaf Communications,PENTAGON FRANCHISE,202603,6279.049999999999,5651.14,627.91,0.9,PENDING,BANK_TRANSFER,,,SIMULATED
19666,Fern Port Ventures,DATA PARTNERS,202603,6279.049999999999,5651.14,627.91,0.9,PENDING,BANK_TRANSFER,,,SIMULATED
435144,Elm View Networks,PENTAGON FRANCHISE,202603,6279.049999999999,5651.14,627.91,0.9,PENDING,BANK_TRANSFER,,,SIMULATED
19833,Flint Port Ventures,CONNECT STORES,202603,6279.049999999999,3767.43,2511.62,0.6,PARTIALLY_PAID,MTN_INTERNAL_SETTLEMENT,2026-04-30,HIGH_UNQUALIFIED_RATE,SIMULATED
19527,Hazel Sky Trading,CONNECT STORES,202603,6279.049999999999,5651.14,627.91,0.9,PENDING,MTN_INTERNAL_SETTLEMENT,,,SIMULATED
328067,Sunset Valley Trading,PENTAGON FRANCHISE,202603,6279.049999999999,5651.14,627.91,0.9,PENDING,BANK_TRANSFER,,,SIMULATED
19776,Cedar Grove Trading,DEALER,202603,5860.46,5274.41,586.05,0.9,PENDING,BANK_TRANSFER,,,SIMULATED
373074,Orchid Moon Ventures,PENTAGON FRANCHISE,202603,5860.46,5274.41,586.05,0.9,PENDING,BANK_TRANSFER,,,SIMULATED
369074,Teal Grove Ventures,PENTAGON FRANCHISE,202603,5860.459999999999,5274.41,586.05,0.9,PENDING,BANK_TRANSFER,,,SIMULATED
368079,Linden Light Ventures,PENTAGON FRANCHISE,202603,5860.459999999999,5274.41,586.05,0.9,PENDING,BANK_TRANSFER,,,SIMULATED
19660,Coral Haven Networks,DEALER,202603,5860.459999999999,5274.41,586.05,0.9,PENDING,BANK_TRANSFER,,,SIMULATED
19658,Fern Meadow Communications,DATA PARTNERS,202603,5860.459999999999,5274.41,586.05,0.9,PENDING,BANK_TRANSFER,,,SIMULATED
405095,Jade Bay Networks,PENTAGON FRANCHISE,202603,5860.459999999999,5274.41,586.05,0.9,PENDING,BANK_TRANSFER,,,SIMULATED
45024,Crystal Wind Ventures,DATA PARTNERS,202603,5441.85,3265.11,2176.74,0.6,PARTIALLY_PAID,BANK_TRANSFER,2026-04-30,HIGH_UNQUALIFIED_RATE,SIMULATED
294087,Aspen Delta Networks,PENTAGON FRANCHISE,202603,5441.85,4897.67,544.18,0.9,PENDING,BANK_TRANSFER,,,SIMULATED
19697,Birch Bay Communications,DATA PARTNERS,202603,5441.85,4897.67,544.18,0.9,PENDING,BANK_TRANSFER,,,SIMULATED
368083,Topaz View Networks,PENTAGON FRANCHISE,202603,5441.85,4897.67,544.18,0.9,PENDING,BANK_TRANSFER,,,SIMULATED
322066,Winter Shore Trading,PENTAGON FRANCHISE,202603,5441.85,4897.67,544.18,0.9,PENDING,BANK_TRANSFER,,,SIMULATED
423159,Raven Moon Communications,PENTAGON FRANCHISE,202603,5441.85,4897.67,544.18,0.9,PENDING,BANK_TRANSFER,,,SIMULATED
314064,Aspen Peak Ventures,PENTAGON FRANCHISE,202603,5441.85,4897.67,544.18,0.9,PENDING,BANK_TRANSFER,,,SIMULATED
385084,Sunset Grove Trading,PENTAGON FRANCHISE,202603,5441.85,4897.67,544.18,0.9,PENDING,BANK_TRANSFER,,,SIMULATED
400088,River Lake Trading,PENTAGON FRANCHISE,202603,5441.85,4897.67,544.18,0.9,PENDING,BANK_TRANSFER,,,SIMULATED
361067,Fern Isle Trading,PENTAGON FRANCHISE,202603,5023.26,4520.93,502.33,0.9,PENDING,BANK_TRANSFER,,,SIMULATED
416150,Juniper Coast Ventures,PENTAGON FRANCHISE,202603,5023.26,4520.93,502.33,0.9,PENDING,BANK_TRANSFER,,,SIMULATED
296074,Fern Isle Trading,ENTERPRISE BUSINESS,202603,5023.26,4520.93,502.33,0.9,PENDING,BANK_TRANSFER,,,SIMULATED
350066,Forest Valley Trading,ENTERPRISE BUSINESS,202603,5023.26,4520.93,502.33,0.9,PENDING,BANK_TRANSFER,,,SIMULATED
379080,Cedar Gate Networks,PENTAGON FRANCHISE,202603,5023.26,4520.93,502.33,0.9,PENDING,BANK_TRANSFER,,,SIMULATED
65035,Topaz Bridge Trading,CONNECT HUB,202603,5023.24,4520.92,502.32,0.9,PENDING,MTN_INTERNAL_SETTLEMENT,,,SIMULATED
389081,Flint Spring Networks,PENTAGON FRANCHISE,202603,5023.24,4520.92,502.32,0.9,PENDING,BANK_TRANSFER,,,SIMULATED
294132,Willow Isle Ventures,PENTAGON FRANCHISE,202603,5023.24,4520.92,502.32,0.9,PENDING,BANK_TRANSFER,,,SIMULATED
342075,Ruby Glen Trading,PENTAGON FRANCHISE,202603,5023.24,4520.92,502.32,0.9,PENDING,BANK_TRANSFER,,,SIMULATED
339065,Teal Wind Networks,PENTAGON FRANCHISE,202603,5023.24,4520.92,502.32,0.9,PENDING,BANK_TRANSFER,,,SIMULATED
19407,Sunset Wood Networks,DEALER,202603,5023.24,4520.92,502.32,0.9,PENDING,BANK_TRANSFER,,,SIMULATED
19412,Jade Lake Ventures,DEALER,202603,5023.24,4520.92,502.32,0.9,PENDING,BANK_TRANSFER,,,SIMULATED
411126,Teal Crown Communications,PENTAGON FRANCHISE,202603,5023.24,4520.92,502.32,0.9,PENDING,BANK_TRANSFER,,,SIMULATED
390078,Birch Horizon Ventures,PENTAGON FRANCHISE,202603,5023.24,4520.92,502.32,0.9,PENDING,BANK_TRANSFER,,,SIMULATED
368075,Orchid Ridge Networks,PENTAGON FRANCHISE,202603,5023.24,4520.92,502.32,0.9,PENDING,BANK_TRANSFER,,,SIMULATED
382120,Linden Brook Networks,PENTAGON FRANCHISE,202603,5023.24,4520.92,502.32,0.9,PENDING,BANK_TRANSFER,,,SIMULATED
299073,Laurel Shore Trading,PENTAGON FRANCHISE,202603,5023.24,4520.92,502.32,0.9,PENDING,BANK_TRANSFER,,,SIMULATED
176051,Maple Point Communications,ENTERPRISE BUSINESS,202603,5023.24,4520.92,502.32,0.9,PENDING,BANK_TRANSFER,,,SIMULATED
294131,Indigo Coast Networks,PENTAGON FRANCHISE,202603,5023.24,4520.92,502.32,0.9,PENDING,BANK_TRANSFER,,,SIMULATED
344059,Dawn Wave Ventures,PENTAGON FRANCHISE,202603,5023.24,4520.92,502.32,0.9,PENDING,BANK_TRANSFER,,,SIMULATED
413171,Jade Lake Communications,CONNECT HUB,202603,5023.24,4520.92,502.32,0.9,PENDING,MTN_INTERNAL_SETTLEMENT,,,SIMULATED
379076,Winter Wood Trading,PENTAGON FRANCHISE,202603,4604.65,4144.18,460.47,0.9,PENDING,BANK_TRANSFER,,,SIMULATED
337072,Meadow Haven Trading,PENTAGON FRANCHISE,202603,4604.65,4144.18,460.47,0.9,PENDING,BANK_TRANSFER,,,SIMULATED
280063,Jade Point Ventures,PENTAGON FRANCHISE,202603,4186.04,3767.44,418.6,0.9,PENDING,BANK_TRANSFER,,,SIMULATED
337074,Dawn Haven Trading,PENTAGON FRANCHISE,202603,4186.04,3767.44,418.6,0.9,PENDING,BANK_TRANSFER,,,SIMULATED
311076,Ivory Bay Ventures,PENTAGON FRANCHISE,202603,4186.04,3767.44,418.6,0.9,PENDING,BANK_TRANSFER,,,SIMULATED
358061,Sunset Gate Communications,PENTAGON FRANCHISE,202603,4186.04,3767.44,418.6,0.9,PENDING,BANK_TRANSFER,,,SIMULATED
364081,Opal Delta Trading,ENTERPRISE BUSINESS,202603,4186.04,3767.44,418.6,0.9,PENDING,BANK_TRANSFER,,,SIMULATED
406085,Coral Ridge Communications,PENTAGON FRANCHISE,202603,4186.04,3767.44,418.6,0.9,PENDING,BANK_TRANSFER,,,SIMULATED
294093,Oak Meadow Communications,PENTAGON FRANCHISE,202603,4186.04,3767.44,418.6,0.9,PENDING,BANK_TRANSFER,,,SIMULATED
333072,Aspen Reach Networks,PENTAGON FRANCHISE,202603,4186.04,3767.44,418.6,0.9,PENDING,BANK_TRANSFER,,,SIMULATED
377072,Crystal Bridge Ventures,PENTAGON FRANCHISE,202603,3767.43,3390.69,376.74,0.9,PENDING,BANK_TRANSFER,,,SIMULATED
328064,Orchid Dale Communications,PENTAGON FRANCHISE,202603,3767.43,2260.46,1506.97,0.6,PARTIALLY_PAID,BANK_TRANSFER,2026-04-30,HIGH_UNQUALIFIED_RATE,SIMULATED
339066,Forest Peak Trading,PENTAGON FRANCHISE,202603,3767.43,3390.69,376.74,0.9,PENDING,BANK_TRANSFER,,,SIMULATED
280065,Silver Stream Communications,PENTAGON FRANCHISE,202603,3767.43,3390.69,376.74,0.9,PENDING,BANK_TRANSFER,,,SIMULATED
351064,Spruce Peak Communications,PENTAGON FRANCHISE,202603,3767.43,3390.69,376.74,0.9,PENDING,BANK_TRANSFER,,,SIMULATED
349081,Harbor Stream Networks,PENTAGON FRANCHISE,202603,3767.43,3390.69,376.74,0.9,PENDING,BANK_TRANSFER,,,SIMULATED
328063,Forest Wood Trading,PENTAGON FRANCHISE,202603,3767.43,2260.46,1506.97,0.6,PARTIALLY_PAID,BANK_TRANSFER,2026-04-30,HIGH_UNQUALIFIED_RATE,SIMULATED
19401,Harbor Moon Communications,CONNECT STORES,202603,3767.43,2260.46,1506.97,0.6,PARTIALLY_PAID,MTN_INTERNAL_SETTLEMENT,2026-04-30,HIGH_UNQUALIFIED_RATE,SIMULATED
19830,Birch Meadow Trading,DEALER,202603,3767.43,3390.69,376.74,0.9,PENDING,BANK_TRANSFER,,,SIMULATED
377071,Ivory Wave Networks,PENTAGON FRANCHISE,202603,3767.43,3390.69,376.74,0.9,PENDING,BANK_TRANSFER,,,SIMULATED
332065,Coral Crest Communications,PENTAGON FRANCHISE,202603,3767.43,3390.69,376.74,0.9,PENDING,BANK_TRANSFER,,,SIMULATED
379084,Olive Gate Networks,PENTAGON FRANCHISE,202603,3767.43,3390.69,376.74,0.9,PENDING,BANK_TRANSFER,,,SIMULATED
409092,Coral Haven Communications,PENTAGON FRANCHISE,202603,3767.43,3390.69,376.74,0.9,PENDING,BANK_TRANSFER,,,SIMULATED
325080,Ember Isle Networks,PENTAGON FRANCHISE,202603,3767.43,3390.69,376.74,0.9,PENDING,BANK_TRANSFER,,,SIMULATED
322063,Pearl Ridge Networks,PENTAGON FRANCHISE,202603,3767.43,2260.46,1506.97,0.6,PARTIALLY_PAID,BANK_TRANSFER,2026-04-30,HIGH_UNQUALIFIED_RATE,SIMULATED
280064,Aspen Isle Networks,PENTAGON FRANCHISE,202603,3767.43,3390.69,376.74,0.9,PENDING,BANK_TRANSFER,,,SIMULATED
379087,Jade Glen Ventures,PENTAGON FRANCHISE,202603,3767.43,3390.69,376.74,0.9,PENDING,BANK_TRANSFER,,,SIMULATED
287074,Raven Point Ventures,PENTAGON FRANCHISE,202603,3767.43,3390.69,376.74,0.9,PENDING,BANK_TRANSFER,,,SIMULATED
335060,Pearl Park Ventures,PENTAGON FRANCHISE,202603,3767.43,3390.69,376.74,0.9,PENDING,BANK_TRANSFER,,,SIMULATED
349070,Cedar Vale Ventures,PENTAGON FRANCHISE,202603,3767.43,3390.69,376.74,0.9,PENDING,BANK_TRANSFER,,,SIMULATED
310070,Silver Path Trading,PENTAGON FRANCHISE,202603,3767.43,3390.69,376.74,0.9,PENDING,BANK_TRANSFER,,,SIMULATED
311066,Meadow Grove Networks,PENTAGON FRANCHISE,202603,3767.43,3390.69,376.74,0.9,PENDING,BANK_TRANSFER,,,SIMULATED
365130,Ivory Sky Trading,PENTAGON FRANCHISE,202603,3348.84,3013.96,334.88,0.9,PENDING,BANK_TRANSFER,,,SIMULATED
416151,River Stream Communications,PENTAGON FRANCHISE,202603,3348.84,3013.96,334.88,0.9,PENDING,BANK_TRANSFER,,,SIMULATED
395083,Olive Delta Networks,PENTAGON FRANCHISE,202603,3348.84,3013.96,334.88,0.9,PENDING,BANK_TRANSFER,,,SIMULATED
365113,River Summit Networks,PENTAGON FRANCHISE,202603,3348.84,3013.96,334.88,0.9,PENDING,BANK_TRANSFER,,,SIMULATED
386077,Ivory Trail Communications,PENTAGON FRANCHISE,202603,3348.84,3013.96,334.88,0.9,PENDING,BANK_TRANSFER,,,SIMULATED
19380,Spruce Wood Ventures,CONNECT STORES,202603,3348.84,2009.3,1339.54,0.6,PARTIALLY_PAID,MTN_INTERNAL_SETTLEMENT,2026-04-30,HIGH_UNQUALIFIED_RATE,SIMULATED
379086,Fern Dale Ventures,PENTAGON FRANCHISE,202603,3348.84,3013.96,334.88,0.9,PENDING,BANK_TRANSFER,,,SIMULATED
411101,Pearl Stone Ventures,PENTAGON FRANCHISE,202603,3348.84,3013.96,334.88,0.9,PENDING,BANK_TRANSFER,,,SIMULATED
430141,Crystal Summit Communications,PENTAGON FRANCHISE,202603,3348.84,2009.3,1339.54,0.6,PARTIALLY_PAID,BANK_TRANSFER,2026-04-30,HIGH_UNQUALIFIED_RATE,SIMULATED
386072,Ivory Gate Ventures,PENTAGON FRANCHISE,202603,3348.84,3013.96,334.88,0.9,PENDING,BANK_TRANSFER,,,SIMULATED
19612,Aspen Sky Trading,DEALER,202603,3348.84,3013.96,334.88,0.9,PENDING,BANK_TRANSFER,,,SIMULATED
107032,Forest Delta Ventures,ENTERPRISE BUSINESS,202603,2930.23,2637.21,293.02,0.9,PENDING,BANK_TRANSFER,,,SIMULATED
356066,Laurel Point Networks,PENTAGON FRANCHISE,202603,2930.23,2637.21,293.02,0.9,PENDING,BANK_TRANSFER,,,SIMULATED
333069,Sage Coast Ventures,PENTAGON FRANCHISE,202603,2930.23,2637.21,293.02,0.9,PENDING,BANK_TRANSFER,,,SIMULATED
334060,Coral View Communications,PENTAGON FRANCHISE,202603,2930.23,2637.21,293.02,0.9,PENDING,BANK_TRANSFER,,,SIMULATED
19786,Maple Wave Networks,CONNECT STORES,202603,2930.23,2637.21,293.02,0.9,PENDING,MTN_INTERNAL_SETTLEMENT,,,SIMULATED
327085,Crystal Sky Ventures,PENTAGON FRANCHISE,202603,2930.23,2637.21,293.02,0.9,PENDING,BANK_TRANSFER,,,SIMULATED
377079,Meadow Haven Networks,PENTAGON FRANCHISE,202603,2930.23,2637.21,293.02,0.9,PENDING,BANK_TRANSFER,,,SIMULATED
19490,Teal Sky Ventures,DEALER,202603,2930.23,2637.21,293.02,0.9,PENDING,BANK_TRANSFER,,,SIMULATED
365105,Linden Gate Ventures,PENTAGON FRANCHISE,202603,2930.23,2637.21,293.02,0.9,PENDING,BANK_TRANSFER,,,SIMULATED
115041,Flint Stone Ventures,ENTERPRISE BUSINESS,202603,2930.23,2637.21,293.02,0.9,PENDING,BANK_TRANSFER,,,SIMULATED
365075,Swift Ridge Ventures,PENTAGON FRANCHISE,202603,2930.23,2637.21,293.02,0.9,PENDING,BANK_TRANSFER,,,SIMULATED
345060,Willow Wind Communications,PENTAGON FRANCHISE,202603,2930.23,2637.21,293.02,0.9,PENDING,BANK_TRANSFER,,,SIMULATED
294090,Coral Summit Networks,PENTAGON FRANCHISE,202603,2930.23,2637.21,293.02,0.9,PENDING,BANK_TRANSFER,,,SIMULATED
319058,Ocean Coast Ventures,PENTAGON FRANCHISE,202603,2930.23,2637.21,293.02,0.9,PENDING,BANK_TRANSFER,,,SIMULATED
322061,Hazel Wood Communications,PENTAGON FRANCHISE,202603,2511.62,2260.46,251.16,0.9,PENDING,BANK_TRANSFER,,,SIMULATED
358069,Ivory Bridge Networks,PENTAGON FRANCHISE,202603,2511.62,2260.46,251.16,0.9,PENDING,BANK_TRANSFER,,,SIMULATED
356077,Golden Moon Networks,PENTAGON FRANCHISE,202603,2511.62,2260.46,251.16,0.9,PENDING,BANK_TRANSFER,,,SIMULATED
379082,Ivory Path Networks,PENTAGON FRANCHISE,202603,2511.62,2260.46,251.16,0.9,PENDING,BANK_TRANSFER,,,SIMULATED
365112,Teal Vale Networks,PENTAGON FRANCHISE,202603,2511.62,2260.46,251.16,0.9,PENDING,BANK_TRANSFER,,,SIMULATED
357066,Winter Point Trading,PENTAGON FRANCHISE,202603,2511.62,2260.46,251.16,0.9,PENDING,BANK_TRANSFER,,,SIMULATED
405089,Rowan Light Communications,DEALER,202603,2511.62,2260.46,251.16,0.9,PENDING,BANK_TRANSFER,,,SIMULATED
415144,Birch Trail Networks,PENTAGON FRANCHISE,202603,2511.62,2260.46,251.16,0.9,PENDING,BANK_TRANSFER,,,SIMULATED
367081,Dawn Dale Networks,PENTAGON FRANCHISE,202603,2511.62,2260.46,251.16,0.9,PENDING,BANK_TRANSFER,,,SIMULATED
329065,Olive Moon Trading,PENTAGON FRANCHISE,202603,2511.62,2260.46,251.16,0.9,PENDING,BANK_TRANSFER,,,SIMULATED
21285,Aspen Sky Trading,DEALER,202603,2511.62,1506.97,1004.65,0.6,PARTIALLY_PAID,BANK_TRANSFER,2026-04-30,HIGH_UNQUALIFIED_RATE,SIMULATED
337059,Amber Meadow Networks,PENTAGON FRANCHISE,202603,2511.62,2260.46,251.16,0.9,PENDING,BANK_TRANSFER,,,SIMULATED
19914,Elm Wave Ventures,DATA PARTNERS,202603,2511.62,2260.46,251.16,0.9,PENDING,BANK_TRANSFER,,,SIMULATED
322074,Crystal Stone Networks,PENTAGON FRANCHISE,202603,2511.62,1506.97,1004.65,0.6,PARTIALLY_PAID,BANK_TRANSFER,2026-04-30,HIGH_UNQUALIFIED_RATE,SIMULATED
19663,Jade View Trading,DATA PARTNERS,202603,2511.62,1506.97,1004.65,0.6,PARTIALLY_PAID,BANK_TRANSFER,2026-04-30,HIGH_UNQUALIFIED_RATE,SIMULATED
332063,Silver Haven Ventures,PENTAGON FRANCHISE,202603,2511.62,1506.97,1004.65,0.6,PARTIALLY_PAID,BANK_TRANSFER,2026-04-30,HIGH_UNQUALIFIED_RATE,SIMULATED
411112,Raven Crown Ventures,PENTAGON FRANCHISE,202603,2511.62,2260.46,251.16,0.9,PENDING,BANK_TRANSFER,,,SIMULATED
412089,Hazel Port Trading,PENTAGON FRANCHISE,202603,2511.62,2260.46,251.16,0.9,PENDING,BANK_TRANSFER,,,SIMULATED
380074,Elm Wood Networks,PENTAGON FRANCHISE,202603,2511.62,2260.46,251.16,0.9,PENDING,BANK_TRANSFER,,,SIMULATED
358072,Meadow Wave Communications,PENTAGON FRANCHISE,202603,2511.62,2260.46,251.16,0.9,PENDING,BANK_TRANSFER,,,SIMULATED
314063,Coral Meadow Ventures,PENTAGON FRANCHISE,202603,2511.62,2260.46,251.16,0.9,PENDING,BANK_TRANSFER,,,SIMULATED
349074,Amber Delta Networks,PENTAGON FRANCHISE,202603,2511.62,2260.46,251.16,0.9,PENDING,BANK_TRANSFER,,,SIMULATED
19417,Indigo Path Ventures,DATA PARTNERS,202603,2511.62,2260.46,251.16,0.9,PENDING,BANK_TRANSFER,,,SIMULATED
107035,Spruce Point Communications,ENTERPRISE BUSINESS,202603,2511.62,2260.46,251.16,0.9,PENDING,BANK_TRANSFER,,,SIMULATED
21283,Ember Coast Trading,DEALER,202603,2511.62,2260.46,251.16,0.9,PENDING,BANK_TRANSFER,,,SIMULATED
345061,Indigo Ridge Trading,PENTAGON FRANCHISE,202603,2511.62,2260.46,251.16,0.9,PENDING,BANK_TRANSFER,,,SIMULATED
311062,Coral Hill Networks,PENTAGON FRANCHISE,202603,2511.62,2260.46,251.16,0.9,PENDING,BANK_TRANSFER,,,SIMULATED
455154,Fern Field Networks,CONNECT HUB,202603,2511.62,2260.46,251.16,0.9,PENDING,MTN_INTERNAL_SETTLEMENT,,,SIMULATED
360058,Pearl Valley Trading,PENTAGON FRANCHISE,202603,2511.62,2260.46,251.16,0.9,PENDING,BANK_TRANSFER,,,SIMULATED
334058,Sage Brook Ventures,PENTAGON FRANCHISE,202603,2511.62,1506.97,1004.65,0.6,PARTIALLY_PAID,BANK_TRANSFER,2026-04-30,HIGH_UNQUALIFIED_RATE,SIMULATED
19387,Cedar Stream Ventures,CONNECT STORES,202603,2511.62,1506.97,1004.65,0.6,PARTIALLY_PAID,MTN_INTERNAL_SETTLEMENT,2026-04-30,HIGH_UNQUALIFIED_RATE,SIMULATED
392085,Ocean Crest Communications,PENTAGON FRANCHISE,202603,2511.62,2260.46,251.16,0.9,PENDING,BANK_TRANSFER,,,SIMULATED
344067,Laurel Leaf Trading,PENTAGON FRANCHISE,202603,2511.62,2260.46,251.16,0.9,PENDING,BANK_TRANSFER,,,SIMULATED
365111,Silver Brook Trading,PENTAGON FRANCHISE,202603,2511.62,2260.46,251.16,0.9,PENDING,BANK_TRANSFER,,,SIMULATED
360066,Harbor Sky Communications,PENTAGON FRANCHISE,202603,2511.62,2260.46,251.16,0.9,PENDING,BANK_TRANSFER,,,SIMULATED
335061,Teal Vale Trading,PENTAGON FRANCHISE,202603,2511.62,2260.46,251.16,0.9,PENDING,BANK_TRANSFER,,,SIMULATED
284086,Stone Brook Communications,PENTAGON FRANCHISE,202603,2511.62,2260.46,251.16,0.9,PENDING,BANK_TRANSFER,,,SIMULATED
294130,Winter Delta Ventures,PENTAGON FRANCHISE,202603,2511.62,2260.46,251.16,0.9,PENDING,BANK_TRANSFER,,,SIMULATED
21254,Juniper Summit Communications,DATA PARTNERS,202603,2511.62,2260.46,251.16,0.9,PENDING,BANK_TRANSFER,,,SIMULATED
19782,Raven Isle Communications,DEALER,202603,2511.62,1506.97,1004.65,0.6,PARTIALLY_PAID,BANK_TRANSFER,2026-04-30,HIGH_UNQUALIFIED_RATE,SIMULATED
347059,Azure Light Communications,PENTAGON FRANCHISE,202603,2511.62,2260.46,251.16,0.9,PENDING,BANK_TRANSFER,,,SIMULATED
454143,Orchid Wood Ventures,PENTAGON FRANCHISE,202603,1674.42,1506.98,167.44,0.9,PENDING,BANK_TRANSFER,,,SIMULATED
382114,Laurel Moon Ventures,PENTAGON FRANCHISE,202603,1674.42,1506.98,167.44,0.9,PENDING,BANK_TRANSFER,,,SIMULATED
365093,Orchid Coast Networks,PENTAGON FRANCHISE,202603,1674.42,1506.98,167.44,0.9,PENDING,BANK_TRANSFER,,,SIMULATED
360061,Elm Stone Communications,PENTAGON FRANCHISE,202603,1674.42,1004.65,669.77,0.6,PARTIALLY_PAID,BANK_TRANSFER,2026-04-30,HIGH_UNQUALIFIED_RATE,SIMULATED
391078,Maple Point Communications,PENTAGON FRANCHISE,202603,1674.42,1506.98,167.44,0.9,PENDING,BANK_TRANSFER,,,SIMULATED
319062,Elm Hill Trading,PENTAGON FRANCHISE,202603,1674.42,1506.98,167.44,0.9,PENDING,BANK_TRANSFER,,,SIMULATED
332070,Stone Wind Communications,DEALER,202603,1674.42,1506.98,167.44,0.9,PENDING,BANK_TRANSFER,,,SIMULATED
351063,Ember Stream Networks,PENTAGON FRANCHISE,202603,1674.42,1506.98,167.44,0.9,PENDING,BANK_TRANSFER,,,SIMULATED
361066,Raven Summit Ventures,PENTAGON FRANCHISE,202603,1674.42,1004.65,669.77,0.6,PARTIALLY_PAID,BANK_TRANSFER,2026-04-30,HIGH_UNQUALIFIED_RATE,SIMULATED
379095,Forest Leaf Networks,PENTAGON FRANCHISE,202603,1674.42,1506.98,167.44,0.9,PENDING,BANK_TRANSFER,,,SIMULATED
423154,Rowan Lake Trading,PENTAGON FRANCHISE,202603,1674.42,1506.98,167.44,0.9,PENDING,BANK_TRANSFER,,,SIMULATED
365109,Olive Stone Networks,PENTAGON FRANCHISE,202603,1674.42,1506.98,167.44,0.9,PENDING,BANK_TRANSFER,,,SIMULATED
361072,Harbor Vale Trading,PENTAGON FRANCHISE,202603,1674.42,1506.98,167.44,0.9,PENDING,BANK_TRANSFER,,,SIMULATED
368073,Rowan Stone Trading,PENTAGON FRANCHISE,202603,1674.42,1506.98,167.44,0.9,PENDING,BANK_TRANSFER,,,SIMULATED
380076,Birch Crown Networks,PENTAGON FRANCHISE,202603,1674.42,1506.98,167.44,0.9,PENDING,BANK_TRANSFER,,,SIMULATED
20027,Juniper Bridge Trading,SIM REG AGENCY,202603,1674.42,1506.98,167.44,0.9,PENDING,BANK_TRANSFER,,,SIMULATED
52023,Birch Delta Communications,DATA PARTNERS,202603,1674.42,1506.98,167.44,0.9,PENDING,BANK_TRANSFER,,,SIMULATED
365088,Sunset Point Networks,PENTAGON FRANCHISE,202603,1674.42,1506.98,167.44,0.9,PENDING,BANK_TRANSFER,,,SIMULATED
393085,Laurel Lake Trading,PENTAGON FRANCHISE,202603,1674.42,669.77,1004.65,0.4,DISPUTED,BANK_TRANSFER,,CONFIRMED_MISMATCH,SIMULATED
350063,Linden Summit Ventures,PENTAGON FRANCHISE,202603,1255.81,1130.23,125.58,0.9,PENDING,BANK_TRANSFER,,,SIMULATED
413170,Silver Glen Communications,PENTAGON FRANCHISE,202603,1255.81,1130.23,125.58,0.9,PENDING,BANK_TRANSFER,,,SIMULATED
341064,River Park Networks,PENTAGON FRANCHISE,202603,1255.81,753.49,502.32,0.6,PARTIALLY_PAID,BANK_TRANSFER,2026-04-30,HIGH_UNQUALIFIED_RATE,SIMULATED
329071,Orchid Ridge Trading,PENTAGON FRANCHISE,202603,1255.81,1130.23,125.58,0.9,PENDING,BANK_TRANSFER,,,SIMULATED
19850,Elm Leaf Networks,DATA PARTNERS,202603,1255.81,1130.23,125.58,0.9,PENDING,BANK_TRANSFER,,,SIMULATED
392088,Raven Grove Networks,PENTAGON FRANCHISE,202603,1255.81,1130.23,125.58,0.9,PENDING,BANK_TRANSFER,,,SIMULATED
19661,Coral Haven Networks,DEALER,202603,1255.81,1130.23,125.58,0.9,PENDING,BANK_TRANSFER,,,SIMULATED
356067,Birch Wave Communications,PENTAGON FRANCHISE,202603,1255.81,1130.23,125.58,0.9,PENDING,BANK_TRANSFER,,,SIMULATED
341059,Spruce Vale Communications,PENTAGON FRANCHISE,202603,1255.81,1130.23,125.58,0.9,PENDING,BANK_TRANSFER,,,SIMULATED
341069,Ruby Vale Ventures,PENTAGON FRANCHISE,202603,1255.81,1130.23,125.58,0.9,PENDING,BANK_TRANSFER,,,SIMULATED
323081,Flint Horizon Ventures,PENTAGON FRANCHISE,202603,1255.81,753.49,502.32,0.6,PARTIALLY_PAID,BANK_TRANSFER,2026-04-30,HIGH_UNQUALIFIED_RATE,SIMULATED
391084,Ivory Wave Ventures,PENTAGON FRANCHISE,202603,1255.81,753.49,502.32,0.6,PARTIALLY_PAID,BANK_TRANSFER,2026-04-30,HIGH_UNQUALIFIED_RATE,SIMULATED
361073,Winter Trail Networks,PENTAGON FRANCHISE,202603,1255.81,1130.23,125.58,0.9,PENDING,BANK_TRANSFER,,,SIMULATED
430151,Willow Bridge Trading,PENTAGON FRANCHISE,202603,1255.81,1130.23,125.58,0.9,PENDING,BANK_TRANSFER,,,SIMULATED
294065,Silver Light Communications,PENTAGON FRANCHISE,202603,1255.81,753.49,502.32,0.6,PARTIALLY_PAID,BANK_TRANSFER,2026-04-30,HIGH_UNQUALIFIED_RATE,SIMULATED
365114,Oak Leaf Communications,PENTAGON FRANCHISE,202603,1255.81,753.49,502.32,0.6,PARTIALLY_PAID,BANK_TRANSFER,2026-04-30,HIGH_UNQUALIFIED_RATE,SIMULATED
386074,Crystal Valley Trading,PENTAGON FRANCHISE,202603,1255.81,1130.23,125.58,0.9,PENDING,BANK_TRANSFER,,,SIMULATED
19964,River Star Communications,DEALER,202603,1255.81,1130.23,125.58,0.9,PENDING,BANK_TRANSFER,,,SIMULATED
438141,Azure View Communications,PENTAGON FRANCHISE,202603,1255.81,1130.23,125.58,0.9,PENDING,BANK_TRANSFER,,,SIMULATED
337073,Stone Haven Trading,PENTAGON FRANCHISE,202603,1255.81,1130.23,125.58,0.9,PENDING,BANK_TRANSFER,,,SIMULATED
367086,Ember Brook Ventures,PENTAGON FRANCHISE,202603,1255.81,753.49,502.32,0.6,PARTIALLY_PAID,BANK_TRANSFER,2026-04-30,HIGH_UNQUALIFIED_RATE,SIMULATED
322059,Golden Haven Networks,PENTAGON FRANCHISE,202603,1255.81,1130.23,125.58,0.9,PENDING,BANK_TRANSFER,,,SIMULATED
335058,Cedar Bay Trading,PENTAGON FRANCHISE,202603,1255.81,753.49,502.32,0.6,PARTIALLY_PAID,BANK_TRANSFER,2026-04-30,HIGH_UNQUALIFIED_RATE,SIMULATED
361064,Rowan View Communications,PENTAGON FRANCHISE,202603,1255.81,753.49,502.32,0.6,PARTIALLY_PAID,BANK_TRANSFER,2026-04-30,HIGH_UNQUALIFIED_RATE,SIMULATED
408085,Coral Stream Ventures,PENTAGON FRANCHISE,202603,1255.81,1130.23,125.58,0.9,PENDING,BANK_TRANSFER,,,SIMULATED
405097,Swift Leaf Trading,PENTAGON FRANCHISE,202603,1255.81,1130.23,125.58,0.9,PENDING,BANK_TRANSFER,,,SIMULATED
380077,Dawn Field Networks,PENTAGON FRANCHISE,202603,1255.81,1130.23,125.58,0.9,PENDING,BANK_TRANSFER,,,SIMULATED
342068,Teal Light Ventures,PENTAGON FRANCHISE,202603,1255.81,1130.23,125.58,0.9,PENDING,BANK_TRANSFER,,,SIMULATED
284059,Forest Coast Networks,PENTAGON FRANCHISE,202603,1255.81,1130.23,125.58,0.9,PENDING,BANK_TRANSFER,,,SIMULATED
409089,Quartz Leaf Communications,PENTAGON FRANCHISE,202603,1255.81,1130.23,125.58,0.9,PENDING,BANK_TRANSFER,,,SIMULATED
323080,Hazel Crown Networks,PENTAGON FRANCHISE,202603,1255.81,753.49,502.32,0.6,PARTIALLY_PAID,BANK_TRANSFER,2026-04-30,HIGH_UNQUALIFIED_RATE,SIMULATED
303070,Willow Crown Communications,PENTAGON FRANCHISE,202603,1255.81,753.49,502.32,0.6,PARTIALLY_PAID,BANK_TRANSFER,2026-04-30,HIGH_UNQUALIFIED_RATE,SIMULATED
349073,Amber Horizon Communications,PENTAGON FRANCHISE,202603,1255.81,753.49,502.32,0.6,PARTIALLY_PAID,BANK_TRANSFER,2026-04-30,HIGH_UNQUALIFIED_RATE,SIMULATED
280062,Oak Field Communications,PENTAGON FRANCHISE,202603,1255.81,753.49,502.32,0.6,PARTIALLY_PAID,BANK_TRANSFER,2026-04-30,HIGH_UNQUALIFIED_RATE,SIMULATED
19871,Meadow Horizon Trading,DEALER,202603,1255.81,1130.23,125.58,0.9,PENDING,BANK_TRANSFER,,,SIMULATED
19780,Ivory Vale Ventures,DATA PARTNERS,202603,1255.81,753.49,502.32,0.6,PARTIALLY_PAID,BANK_TRANSFER,2026-04-30,HIGH_UNQUALIFIED_RATE,SIMULATED
395094,Amber Vale Communications,PENTAGON FRANCHISE,202603,1255.81,1130.23,125.58,0.9,PENDING,BANK_TRANSFER,,,SIMULATED
332067,Quartz Stone Networks,PENTAGON FRANCHISE,202603,1255.81,1130.23,125.58,0.9,PENDING,BANK_TRANSFER,,,SIMULATED
353063,Spruce Reach Trading,PENTAGON FRANCHISE,202603,1255.81,1130.23,125.58,0.9,PENDING,BANK_TRANSFER,,,SIMULATED
332066,Silver Moon Ventures,PENTAGON FRANCHISE,202603,1255.81,1130.23,125.58,0.9,PENDING,BANK_TRANSFER,,,SIMULATED
405098,Winter Horizon Networks,DEALER,202603,1255.81,753.49,502.32,0.6,PARTIALLY_PAID,BANK_TRANSFER,2026-04-30,HIGH_UNQUALIFIED_RATE,SIMULATED
349068,Linden Point Trading,PENTAGON FRANCHISE,202603,1255.81,1130.23,125.58,0.9,PENDING,BANK_TRANSFER,,,SIMULATED
356084,Harbor Crest Communications,PENTAGON FRANCHISE,202603,1255.81,1130.23,125.58,0.9,PENDING,BANK_TRANSFER,,,SIMULATED
294076,Opal Moon Communications,PENTAGON FRANCHISE,202603,1255.81,1130.23,125.58,0.9,PENDING,BANK_TRANSFER,,,SIMULATED
300069,Winter Vale Communications,PENTAGON FRANCHISE,202603,1255.81,1130.23,125.58,0.9,PENDING,BANK_TRANSFER,,,SIMULATED
349071,Birch Delta Trading,PENTAGON FRANCHISE,202603,1255.81,753.49,502.32,0.6,PARTIALLY_PAID,BANK_TRANSFER,2026-04-30,HIGH_UNQUALIFIED_RATE,SIMULATED
341075,Flint Wood Communications,PENTAGON FRANCHISE,202603,1255.81,753.49,502.32,0.6,PARTIALLY_PAID,BANK_TRANSFER,2026-04-30,HIGH_UNQUALIFIED_RATE,SIMULATED
408086,Sunset Sky Communications,PENTAGON FRANCHISE,202603,1255.81,1130.23,125.58,0.9,PENDING,BANK_TRANSFER,,,SIMULATED
406084,Hazel Point Ventures,PENTAGON FRANCHISE,202603,1255.81,753.49,502.32,0.6,PARTIALLY_PAID,BANK_TRANSFER,2026-04-30,HIGH_UNQUALIFIED_RATE,SIMULATED
109031,Sage Glen Trading,ENTERPRISE BUSINESS,202603,1255.81,1130.23,125.58,0.9,PENDING,BANK_TRANSFER,,,SIMULATED
412091,Harbor Wood Ventures,PENTAGON FRANCHISE,202603,1255.81,1130.23,125.58,0.9,PENDING,BANK_TRANSFER,,,SIMULATED
19363,Maple Dale Communications,DEALER,202603,1255.81,1130.23,125.58,0.9,PENDING,BANK_TRANSFER,,,SIMULATED
379081,Silver Reach Ventures,PENTAGON FRANCHISE,202603,1255.81,1130.23,125.58,0.9,PENDING,BANK_TRANSFER,,,SIMULATED
19630,Coral Point Ventures,CONNECT STORES,202603,0.0,0.0,0.0,0.2,FULLY_PAID,MTN_INTERNAL_SETTLEMENT,2026-04-25,ALL_UNQUALIFIED,SIMULATED
377076,Spruce Coast Communications,PENTAGON FRANCHISE,202603,0.0,0.0,0.0,0.2,FULLY_PAID,BANK_TRANSFER,2026-04-25,ALL_UNQUALIFIED,SIMULATED
408093,Silver Field Trading,PENTAGON FRANCHISE,202603,0.0,0.0,0.0,0.2,FULLY_PAID,BANK_TRANSFER,2026-04-25,ALL_UNQUALIFIED,SIMULATED
441143,Ember Dale Networks,PENTAGON FRANCHISE,202603,0.0,0.0,0.0,0.2,FULLY_PAID,BANK_TRANSFER,2026-04-25,ALL_UNQUALIFIED,SIMULATED
338059,Sunset Hill Ventures,PENTAGON FRANCHISE,202603,0.0,0.0,0.0,0.2,FULLY_PAID,BANK_TRANSFER,2026-04-25,ALL_UNQUALIFIED,SIMULATED
357094,Orchid Coast Trading,PENTAGON FRANCHISE,202603,0.0,0.0,0.0,0.2,FULLY_PAID,BANK_TRANSFER,2026-04-25,ALL_UNQUALIFIED,SIMULATED
323082,Crystal Vale Communications,PENTAGON FRANCHISE,202603,0.0,0.0,0.0,0.2,FULLY_PAID,BANK_TRANSFER,2026-04-25,ALL_UNQUALIFIED,SIMULATED
341066,Pine Star Communications,PENTAGON FRANCHISE,202603,0.0,0.0,0.0,0.2,FULLY_PAID,BANK_TRANSFER,2026-04-25,ALL_UNQUALIFIED,SIMULATED
430148,Rowan Wave Ventures,PENTAGON FRANCHISE,202603,0.0,0.0,0.0,0.2,FULLY_PAID,BANK_TRANSFER,2026-04-25,ALL_UNQUALIFIED,SIMULATED
328068,Swift Wood Ventures,PENTAGON FRANCHISE,202603,0.0,0.0,0.0,0.2,FULLY_PAID,BANK_TRANSFER,2026-04-25,ALL_UNQUALIFIED,SIMULATED
430147,Orchid Star Communications,PENTAGON FRANCHISE,202603,0.0,0.0,0.0,0.2,FULLY_PAID,BANK_TRANSFER,2026-04-25,ALL_UNQUALIFIED,SIMULATED
19863,Olive Moon Ventures,CONNECT STORES,202603,0.0,0.0,0.0,0.2,FULLY_PAID,MTN_INTERNAL_SETTLEMENT,2026-04-25,ALL_UNQUALIFIED,SIMULATED
296062,Meadow Stream Communications,PENTAGON FRANCHISE,202603,0.0,0.0,0.0,0.2,FULLY_PAID,BANK_TRANSFER,2026-04-25,ALL_UNQUALIFIED,SIMULATED
405090,Forest Stone Networks,DEALER,202603,0.0,0.0,0.0,0.2,FULLY_PAID,BANK_TRANSFER,2026-04-25,ALL_UNQUALIFIED,SIMULATED
365104,Willow Brook Communications,PENTAGON FRANCHISE,202603,0.0,0.0,0.0,0.2,FULLY_PAID,BANK_TRANSFER,2026-04-25,ALL_UNQUALIFIED,SIMULATED
441145,Sunset Brook Networks,PENTAGON FRANCHISE,202603,0.0,0.0,0.0,0.2,FULLY_PAID,BANK_TRANSFER,2026-04-25,ALL_UNQUALIFIED,SIMULATED
19519,Ember Point Trading,CONNECT STORES,202603,0.0,0.0,0.0,0.2,FULLY_PAID,MTN_INTERNAL_SETTLEMENT,2026-04-25,ALL_UNQUALIFIED,SIMULATED
400089,Azure Moon Communications,PENTAGON FRANCHISE,202603,0.0,0.0,0.0,0.2,FULLY_PAID,BANK_TRANSFER,2026-04-25,ALL_UNQUALIFIED,SIMULATED
411091,Ruby Valley Networks,PENTAGON FRANCHISE,202603,0.0,0.0,0.0,0.2,FULLY_PAID,BANK_TRANSFER,2026-04-25,ALL_UNQUALIFIED,SIMULATED
344069,Quartz Beacon Trading,PENTAGON FRANCHISE,202603,0.0,0.0,0.0,0.2,FULLY_PAID,BANK_TRANSFER,2026-04-25,ALL_UNQUALIFIED,SIMULATED
342066,Juniper Path Communications,PENTAGON FRANCHISE,202603,0.0,0.0,0.0,0.2,FULLY_PAID,BANK_TRANSFER,2026-04-25,ALL_UNQUALIFIED,SIMULATED
389079,Hazel Hill Ventures,PENTAGON FRANCHISE,202603,0.0,0.0,0.0,0.2,FULLY_PAID,BANK_TRANSFER,2026-04-25,ALL_UNQUALIFIED,SIMULATED
357065,Ruby Beacon Trading,PENTAGON FRANCHISE,202603,0.0,0.0,0.0,0.2,FULLY_PAID,BANK_TRANSFER,2026-04-25,ALL_UNQUALIFIED,SIMULATED
21252,Dawn Delta Networks,ENTERPRISE BUSINESS,202603,0.0,0.0,0.0,0.2,FULLY_PAID,BANK_TRANSFER,2026-04-25,ALL_UNQUALIFIED,SIMULATED
416141,Silver Moon Communications,PENTAGON FRANCHISE,202603,0.0,0.0,0.0,0.2,FULLY_PAID,BANK_TRANSFER,2026-04-25,ALL_UNQUALIFIED,SIMULATED
327086,Cedar Gate Ventures,PENTAGON FRANCHISE,202603,0.0,0.0,0.0,0.2,FULLY_PAID,BANK_TRANSFER,2026-04-25,ALL_UNQUALIFIED,SIMULATED
337089,Coral Crown Trading,PENTAGON FRANCHISE,202603,0.0,0.0,0.0,0.2,FULLY_PAID,BANK_TRANSFER,2026-04-25,ALL_UNQUALIFIED,SIMULATED
322062,Aspen Peak Trading,PENTAGON FRANCHISE,202603,0.0,0.0,0.0,0.2,FULLY_PAID,BANK_TRANSFER,2026-04-25,ALL_UNQUALIFIED,SIMULATED
19398,Harbor Moon Communications,CONNECT STORES,202603,0.0,0.0,0.0,0.2,FULLY_PAID,MTN_INTERNAL_SETTLEMENT,2026-04-25,ALL_UNQUALIFIED,SIMULATED
374078,Jade Isle Trading,PENTAGON FRANCHISE,202603,0.0,0.0,0.0,0.2,FULLY_PAID,BANK_TRANSFER,2026-04-25,ALL_UNQUALIFIED,SIMULATED
354066,Forest Beacon Communications,PENTAGON FRANCHISE,202603,0.0,0.0,0.0,0.2,FULLY_PAID,BANK_TRANSFER,2026-04-25,ALL_UNQUALIFIED,SIMULATED
335059,Oak Beacon Communications,PENTAGON FRANCHISE,202603,0.0,0.0,0.0,0.2,FULLY_PAID,BANK_TRANSFER,2026-04-25,ALL_UNQUALIFIED,SIMULATED
356068,Winter Trail Communications,PENTAGON FRANCHISE,202603,0.0,0.0,0.0,0.2,FULLY_PAID,BANK_TRANSFER,2026-04-25,ALL_UNQUALIFIED,SIMULATED
294128,Orchid Crown Communications,PENTAGON FRANCHISE,202603,0.0,0.0,0.0,0.2,FULLY_PAID,BANK_TRANSFER,2026-04-25,ALL_UNQUALIFIED,SIMULATED
393084,Ivory Stream Networks,PENTAGON FRANCHISE,202603,0.0,0.0,0.0,0.2,FULLY_PAID,BANK_TRANSFER,2026-04-25,ALL_UNQUALIFIED,SIMULATED
98052,Ember Hill Networks,FIXED BROADBAND,202601,667852.7,601067.43,66785.27,0.9,PENDING,BANK_TRANSFER,,,SIMULATED
74050,Stone Light Networks,FIXED BROADBAND,202601,653607.96,588247.16,65360.8,0.9,PENDING,BANK_TRANSFER,,,SIMULATED
296065,River Isle Ventures,ENTERPRISE BUSINESS,202601,597470.49,537723.44,59747.05,0.9,PENDING,BANK_TRANSFER,,,SIMULATED
205044,Sunset Crest Communications,FIXED BROADBAND,202601,485284.81,436756.33,48528.48,0.9,PENDING,BANK_TRANSFER,,,SIMULATED
88031,Oak Field Communications,FIXED BROADBAND,202601,410711.82999999996,369640.65,41071.18,0.9,PENDING,BANK_TRANSFER,,,SIMULATED
19477,Ocean Vale Ventures,CONNECT STORES,202601,391930.35,352737.32,39193.03,0.9,PENDING,MTN_INTERNAL_SETTLEMENT,,,SIMULATED
73037,Azure Trail Networks,ENTERPRISE BUSINESS,202601,369738.85,332764.96,36973.89,0.9,PENDING,BANK_TRANSFER,,,SIMULATED
19357,Quartz Meadow Networks,DATA PARTNERS,202601,368589.03,331730.13,36858.9,0.9,PENDING,BANK_TRANSFER,,,SIMULATED
19948,Meadow Haven Networks,DATA PARTNERS,202601,357555.06999999995,321799.56,35755.51,0.9,PENDING,BANK_TRANSFER,,,SIMULATED
98053,Raven Sky Networks,FIXED BROADBAND,202601,352794.4299999999,317514.99,35279.44,0.9,PENDING,BANK_TRANSFER,,,SIMULATED
19931,Swift Meadow Ventures,CONNECT STORES,202601,350025.8399999999,315023.26,35002.58,0.9,PENDING,MTN_INTERNAL_SETTLEMENT,,,SIMULATED
19392,Pine Lake Ventures,CONNECT STORES,202601,349300.22,314370.2,34930.02,0.9,PENDING,MTN_INTERNAL_SETTLEMENT,,,SIMULATED
110035,Olive Hill Networks,FIXED BROADBAND,202601,348177.76,313359.98,34817.78,0.9,PENDING,BANK_TRANSFER,,,SIMULATED
19657,Birch Wave Ventures,DATA PARTNERS,202601,341848.61,307663.75,34184.86,0.9,PENDING,BANK_TRANSFER,,,SIMULATED
254048,Juniper Shore Communications,ENTERPRISE BUSINESS,202601,334487.11,133794.84,200692.27,0.4,DISPUTED,BANK_TRANSFER,,CONFIRMED_MISMATCH,SIMULATED
95040,Hazel Light Communications,FIXED BROADBAND,202601,333800.42999999993,300420.39,33380.04,0.9,PENDING,BANK_TRANSFER,,,SIMULATED
90032,Quartz Meadow Networks,FIXED BROADBAND,202601,333214.45,299893.01,33321.44,0.9,PENDING,BANK_TRANSFER,,,SIMULATED
19793,Jade Lake Communications,CONNECT STORES,202601,314963.4799999999,283467.13,31496.35,0.9,PENDING,MTN_INTERNAL_SETTLEMENT,,,SIMULATED
19810,Birch Path Networks,CONNECT STORES,202601,309778.01999999996,278800.22,30977.8,0.9,PENDING,MTN_INTERNAL_SETTLEMENT,,,SIMULATED
69031,Azure Leaf Communications,DATA PARTNERS,202601,307104.44,276394.0,30710.44,0.9,PENDING,BANK_TRANSFER,,,SIMULATED
379102,Coral Haven Trading,FIXED BROADBAND,202601,298900.05,269010.04,29890.01,0.9,PENDING,BANK_TRANSFER,,,SIMULATED
19597,Olive Wave Ventures,CONNECT STORES,202601,284148.73999999993,255733.87,28414.87,0.9,PENDING,MTN_INTERNAL_SETTLEMENT,,,SIMULATED
213044,Silver Grove Communications,CONNECT STORES,202601,274503.86,247053.47,27450.39,0.9,PENDING,MTN_INTERNAL_SETTLEMENT,,,SIMULATED
19664,Cedar Stone Communications,DATA PARTNERS,202601,264825.55000000005,238343.0,26482.55,0.9,PENDING,BANK_TRANSFER,,,SIMULATED
98048,Coral Wave Networks,FIXED BROADBAND,202601,259534.13999999993,233580.73,25953.41,0.9,PENDING,BANK_TRANSFER,,,SIMULATED
19647,Silver Valley Ventures,CONNECT STORES,202601,258083.44,232275.1,25808.34,0.9,PENDING,MTN_INTERNAL_SETTLEMENT,,,SIMULATED
19618,Golden Moon Communications,CONNECT STORES,202601,256046.31999999998,230441.69,25604.63,0.9,PENDING,MTN_INTERNAL_SETTLEMENT,,,SIMULATED
19594,Olive Wave Ventures,CONNECT STORES,202601,255622.13999999998,230059.93,25562.21,0.9,PENDING,MTN_INTERNAL_SETTLEMENT,,,SIMULATED
357063,Azure Leaf Communications,FIXED BROADBAND,202601,245564.05999999994,221007.65,24556.41,0.9,PENDING,BANK_TRANSFER,,,SIMULATED
19761,Ivory Peak Networks,DATA PARTNERS,202601,239246.32999999996,215321.7,23924.63,0.9,PENDING,BANK_TRANSFER,,,SIMULATED
19562,Indigo Arc Communications,DATA PARTNERS,202601,230500.11000000004,207450.1,23050.01,0.9,PENDING,BANK_TRANSFER,,,SIMULATED
19343,Sunset Leaf Ventures,CONNECT STORES,202601,229255.63999999996,206330.08,22925.56,0.9,PENDING,MTN_INTERNAL_SETTLEMENT,,,SIMULATED
19478,Ocean Vale Ventures,CONNECT STORES,202601,224634.03999999998,202170.64,22463.4,0.9,PENDING,MTN_INTERNAL_SETTLEMENT,,,SIMULATED
79043,River Shore Ventures,FIXED BROADBAND,202601,222340.21,200106.19,22234.02,0.9,PENDING,BANK_TRANSFER,,,SIMULATED
19367,Jade Point Trading,CONNECT STORES,202601,218997.08,197097.37,21899.71,0.9,PENDING,MTN_INTERNAL_SETTLEMENT,,,SIMULATED
19818,Winter View Communications,CONNECT STORES,202601,216010.94,194409.85,21601.09,0.9,PENDING,MTN_INTERNAL_SETTLEMENT,,,SIMULATED
90031,Indigo Haven Trading,FIXED BROADBAND,202601,215062.03999999998,193555.84,21506.2,0.9,PENDING,BANK_TRANSFER,,,SIMULATED
409091,Laurel Light Ventures,PENTAGON FRANCHISE,202601,212650.55999999997,85060.22,127590.34,0.4,DISPUTED,BANK_TRANSFER,,CONFIRMED_MISMATCH,SIMULATED
311069,Cedar Stone Communications,FIXED BROADBAND,202601,206433.27000000002,185789.94,20643.33,0.9,PENDING,BANK_TRANSFER,,,SIMULATED
19808,Ivory Spring Networks,DATA PARTNERS,202601,206176.62,185558.96,20617.66,0.9,PENDING,BANK_TRANSFER,,,SIMULATED
19513,Opal Ridge Communications,DATA PARTNERS,202601,205339.36,184805.42,20533.94,0.9,PENDING,BANK_TRANSFER,,,SIMULATED
19932,Swift Meadow Ventures,CONNECT STORES,202601,202777.53999999998,182499.79,20277.75,0.9,PENDING,MTN_INTERNAL_SETTLEMENT,,,SIMULATED
19523,Juniper Coast Networks,DATA PARTNERS,202601,199205.07999999996,179284.57,19920.51,0.9,PENDING,BANK_TRANSFER,,,SIMULATED
19554,Ruby Reach Ventures,DATA PARTNERS,202601,199054.57999999996,179149.12,19905.46,0.9,PENDING,BANK_TRANSFER,,,SIMULATED
19531,Orchid Stream Networks,CONNECT STORES,202601,197123.55,177411.2,19712.35,0.9,PENDING,MTN_INTERNAL_SETTLEMENT,,,SIMULATED
255075,Quartz Light Ventures,FIXED BROADBAND,202601,194650.66999999995,175185.6,19465.07,0.9,PENDING,BANK_TRANSFER,,,SIMULATED
19839,Laurel Park Trading,CONNECT STORES,202601,193043.57999999996,173739.22,19304.36,0.9,PENDING,MTN_INTERNAL_SETTLEMENT,,,SIMULATED
290074,Ocean Field Trading,FIXED BROADBAND,202601,177019.16999999995,159317.25,17701.92,0.9,PENDING,BANK_TRANSFER,,,SIMULATED
19335,Raven View Networks,CONNECT STORES,202601,172163.58,154947.22,17216.36,0.9,PENDING,MTN_INTERNAL_SETTLEMENT,,,SIMULATED
21259,Oak Crest Networks,CONNECT STORES,202601,171220.28999999998,154098.26,17122.03,0.9,PENDING,MTN_INTERNAL_SETTLEMENT,,,SIMULATED
19688,Ivory Stone Communications,CONNECT STORES,202601,170695.67,153626.1,17069.57,0.9,PENDING,MTN_INTERNAL_SETTLEMENT,,,SIMULATED
19372,Jade Point Trading,CONNECT STORES,202601,169545.90999999997,152591.32,16954.59,0.9,PENDING,MTN_INTERNAL_SETTLEMENT,,,SIMULATED
19903,Linden Valley Ventures,CONNECT STORES,202601,169177.47999999998,152259.73,16917.75,0.9,PENDING,MTN_INTERNAL_SETTLEMENT,,,SIMULATED
21276,Stone Light Networks,ENTERPRISE BUSINESS,202601,168965.33999999997,152068.81,16896.53,0.9,PENDING,BANK_TRANSFER,,,SIMULATED
19632,Coral Point Ventures,CONNECT STORES,202601,168552.43999999997,151697.2,16855.24,0.9,PENDING,MTN_INTERNAL_SETTLEMENT,,,SIMULATED
294071,Linden Crest Communications,FIXED BROADBAND,202601,167190.53999999998,150471.49,16719.05,0.9,PENDING,BANK_TRANSFER,,,SIMULATED
19698,Aspen Park Networks,DATA PARTNERS,202601,166185.58999999994,149567.03,16618.56,0.9,PENDING,BANK_TRANSFER,,,SIMULATED
19649,Silver Valley Ventures,CONNECT STORES,202601,164885.47000000003,148396.92,16488.55,0.9,PENDING,MTN_INTERNAL_SETTLEMENT,,,SIMULATED
19643,Birch Meadow Communications,CONNECT STORES,202601,164360.87000000002,147924.78,16436.09,0.9,PENDING,MTN_INTERNAL_SETTLEMENT,,,SIMULATED
19958,Meadow Wind Networks,CONNECT STORES,202601,163467.90000000008,147121.11,16346.79,0.9,PENDING,MTN_INTERNAL_SETTLEMENT,,,SIMULATED
19555,Teal Reach Networks,CONNECT STORES,202601,163372.91,98023.75,65349.16,0.6,PARTIALLY_PAID,MTN_INTERNAL_SETTLEMENT,2026-03-02,HIGH_UNQUALIFIED_RATE,SIMULATED
121038,River Isle Ventures,FIXED BROADBAND,202601,160587.49,144528.74,16058.75,0.9,PENDING,BANK_TRANSFER,,,SIMULATED
19628,Coral Point Ventures,CONNECT STORES,202601,159024.88999999998,63609.96,95414.93,0.4,DISPUTED,MTN_INTERNAL_SETTLEMENT,,CONFIRMED_MISMATCH,SIMULATED
255073,Azure Ridge Ventures,ENTERPRISE BUSINESS,202601,156663.82999999996,140997.45,15666.38,0.9,PENDING,BANK_TRANSFER,,,SIMULATED
78073,Coral View Communications,FIXED BROADBAND,202601,155357.86000000002,139822.07,15535.79,0.9,PENDING,BANK_TRANSFER,,,SIMULATED
21258,Oak Crest Networks,CONNECT STORES,202601,153482.72,138134.45,15348.27,0.9,PENDING,MTN_INTERNAL_SETTLEMENT,,,SIMULATED
250047,Quartz Vale Trading,FIXED BROADBAND,202601,145780.09,131202.08,14578.01,0.9,PENDING,BANK_TRANSFER,,,SIMULATED
78075,Jade View Ventures,FIXED BROADBAND,202601,140131.83,126118.65,14013.18,0.9,PENDING,BANK_TRANSFER,,,SIMULATED
336060,Orchid Sky Communications,FIXED BROADBAND,202601,138619.41,124757.47,13861.94,0.9,PENDING,BANK_TRANSFER,,,SIMULATED
19915,Orchid Glen Communications,DATA PARTNERS,202601,138407.27,124566.54,13840.73,0.9,PENDING,BANK_TRANSFER,,,SIMULATED
54253,Topaz Haven Ventures,DATA PARTNERS,202601,135527.18,121974.46,13552.72,0.9,PENDING,BANK_TRANSFER,,,SIMULATED
19615,Raven Port Trading,DATA PARTNERS,202601,134371.72999999998,120934.56,13437.17,0.9,PENDING,BANK_TRANSFER,,,SIMULATED
353061,Forest Reach Communications,FIXED BROADBAND,202601,133115.95999999996,119804.36,13311.6,0.9,PENDING,BANK_TRANSFER,,,SIMULATED
74051,Forest Arc Trading,FIXED BROADBAND,202601,131966.29999999996,118769.67,13196.63,0.9,PENDING,BANK_TRANSFER,,,SIMULATED
19549,Azure Crest Communications,CONNECT STORES,202601,129348.50999999998,116413.66,12934.85,0.9,PENDING,MTN_INTERNAL_SETTLEMENT,,,SIMULATED
19511,Teal Vale Trading,DATA PARTNERS,202601,126323.64999999998,113691.28,12632.37,0.9,PENDING,BANK_TRANSFER,,,SIMULATED
19816,Winter View Communications,CONNECT STORES,202601,124855.75999999998,112370.18,12485.58,0.9,PENDING,MTN_INTERNAL_SETTLEMENT,,,SIMULATED
265054,Raven Arc Ventures,FIXED BROADBAND,202601,124587.76999999999,112128.99,12458.78,0.9,PENDING,BANK_TRANSFER,,,SIMULATED
97095,Quartz Delta Ventures,FIXED BROADBAND,202601,124431.37999999998,111988.24,12443.14,0.9,PENDING,BANK_TRANSFER,,,SIMULATED
74054,Teal Port Networks,FIXED BROADBAND,202601,124431.33999999997,111988.21,12443.13,0.9,PENDING,BANK_TRANSFER,,,SIMULATED
19577,Topaz Bridge Trading,CONNECT STORES,202601,124280.78,111852.7,12428.08,0.9,PENDING,MTN_INTERNAL_SETTLEMENT,,,SIMULATED
19420,Stone Ridge Trading,DATA PARTNERS,202601,122288.12999999999,110059.32,12228.81,0.9,PENDING,BANK_TRANSFER,,,SIMULATED
20047,Teal Ridge Ventures,CONNECT STORES,202601,117164.52999999998,105448.08,11716.45,0.9,PENDING,MTN_INTERNAL_SETTLEMENT,,,SIMULATED
19969,River Isle Trading,DATA PARTNERS,202601,116790.40999999996,105111.37,11679.04,0.9,PENDING,BANK_TRANSFER,,,SIMULATED
19505,Elm Horizon Communications,DATA PARTNERS,202601,116377.52999999997,104739.78,11637.75,0.9,PENDING,BANK_TRANSFER,,,SIMULATED
351061,Birch Path Networks,CONNECT HUB,202601,114965.56999999998,103469.01,11496.56,0.9,PENDING,MTN_INTERNAL_SETTLEMENT,,,SIMULATED
214045,Quartz Park Trading,FIXED BROADBAND,202601,108368.16999999997,97531.35,10836.82,0.9,PENDING,BANK_TRANSFER,,,SIMULATED
19437,Birch Dale Communications,CONNECT STORES,202601,108111.56,97300.4,10811.16,0.9,PENDING,MTN_INTERNAL_SETTLEMENT,,,SIMULATED
215043,Stone Stone Trading,FIXED BROADBAND,202601,107530.90999999997,96777.82,10753.09,0.9,PENDING,BANK_TRANSFER,,,SIMULATED
337088,Sage Wood Trading,PENTAGON FRANCHISE,202601,106743.84999999996,96069.46,10674.39,0.9,PENDING,BANK_TRANSFER,,,SIMULATED
19781,Raven Isle Communications,DEALER,202601,104868.76999999999,62921.26,41947.51,0.6,PARTIALLY_PAID,BANK_TRANSFER,2026-03-02,HIGH_UNQUALIFIED_RATE,SIMULATED
19957,Meadow Wind Networks,CONNECT STORES,202601,104081.73,93673.56,10408.17,0.9,PENDING,MTN_INTERNAL_SETTLEMENT,,,SIMULATED
19415,Spruce Sky Trading,DATA PARTNERS,202601,102245.38999999997,92020.85,10224.54,0.9,PENDING,BANK_TRANSFER,,,SIMULATED
78074,Harbor Moon Ventures,FIXED BROADBAND,202601,100883.48999999998,90795.14,10088.35,0.9,PENDING,BANK_TRANSFER,,,SIMULATED
83033,Meadow Dale Trading,FIXED BROADBAND,202601,100464.83999999998,90418.36,10046.48,0.9,PENDING,BANK_TRANSFER,,,SIMULATED
239048,Stone Leaf Networks,FIXED BROADBAND,202601,100414.65999999999,90373.19,10041.47,0.9,PENDING,BANK_TRANSFER,,,SIMULATED
379100,Laurel Light Ventures,FIXED BROADBAND,202601,98846.34999999998,88961.71,9884.64,0.9,PENDING,BANK_TRANSFER,,,SIMULATED
19582,Topaz Bridge Trading,CONNECT STORES,202601,98639.91999999998,88775.93,9863.99,0.9,PENDING,MTN_INTERNAL_SETTLEMENT,,,SIMULATED
19922,Sunset Path Trading,CONNECT STORES,202601,98589.72,59153.83,39435.89,0.6,PARTIALLY_PAID,MTN_INTERNAL_SETTLEMENT,2026-03-02,HIGH_UNQUALIFIED_RATE,SIMULATED
130062,Amber Arc Communications,ENTERPRISE BUSINESS,202601,98477.91999999997,88630.13,9847.79,0.9,PENDING,BANK_TRANSFER,,,SIMULATED
19366,Jade Point Trading,CONNECT STORES,202601,94559.95,85103.96,9455.99,0.9,PENDING,MTN_INTERNAL_SETTLEMENT,,,SIMULATED
223046,Ivory Brook Communications,FIXED BROADBAND,202601,93767.17999999998,84390.46,9376.72,0.9,PENDING,BANK_TRANSFER,,,SIMULATED
19596,Olive Wave Ventures,CONNECT STORES,202601,91730.21999999999,82557.2,9173.02,0.9,PENDING,MTN_INTERNAL_SETTLEMENT,,,SIMULATED
19583,Topaz Bridge Trading,CONNECT STORES,202601,90111.56999999999,81100.41,9011.16,0.9,PENDING,MTN_INTERNAL_SETTLEMENT,,,SIMULATED
19817,Winter View Communications,CONNECT STORES,202601,90055.63999999998,81050.08,9005.56,0.9,PENDING,MTN_INTERNAL_SETTLEMENT,,,SIMULATED
19570,Rowan Light Communications,CONNECT STORES,202601,89743.2,80768.88,8974.32,0.9,PENDING,MTN_INTERNAL_SETTLEMENT,,,SIMULATED
74052,Forest Horizon Communications,FIXED BROADBAND,202601,89268.63999999998,80341.78,8926.86,0.9,PENDING,BANK_TRANSFER,,,SIMULATED
206055,Jade Arc Ventures,CONNECT STORES,202601,87544.01999999999,78789.62,8754.4,0.9,PENDING,MTN_INTERNAL_SETTLEMENT,,,SIMULATED
19896,Flint Grove Trading,CONNECT STORES,202601,85657.57999999999,77091.82,8565.76,0.9,PENDING,MTN_INTERNAL_SETTLEMENT,,,SIMULATED
153031,Coral Point Ventures,CONNECT HUB,202601,85400.90999999999,76860.82,8540.09,0.9,PENDING,MTN_INTERNAL_SETTLEMENT,,,SIMULATED
19571,Rowan Light Communications,CONNECT STORES,202601,84926.51,76433.86,8492.65,0.9,PENDING,MTN_INTERNAL_SETTLEMENT,,,SIMULATED
19812,Hazel Bay Trading,DATA PARTNERS,202601,84770.07999999999,76293.07,8477.01,0.9,PENDING,BANK_TRANSFER,,,SIMULATED
295085,Harbor Field Networks,FIXED BROADBAND,202601,84139.30999999997,75725.38,8413.93,0.9,PENDING,BANK_TRANSFER,,,SIMULATED
68028,Teal Delta Ventures,ENTERPRISE BUSINESS,202601,83983.09999999999,75584.79,8398.31,0.9,PENDING,BANK_TRANSFER,,,SIMULATED
395095,Topaz Light Communications,CONNECT HUB,202601,83776.66999999998,75399.0,8377.67,0.9,PENDING,MTN_INTERNAL_SETTLEMENT,,,SIMULATED
249048,Indigo Lake Trading,FIXED BROADBAND,202601,83564.51,75208.06,8356.45,0.9,PENDING,BANK_TRANSFER,,,SIMULATED
275053,Opal Dale Networks,ENTERPRISE BUSINESS,202601,83201.75,74881.57,8320.18,0.9,PENDING,BANK_TRANSFER,,,SIMULATED
19580,Topaz Bridge Trading,CONNECT STORES,202601,82364.59,74128.13,8236.46,0.9,PENDING,MTN_INTERNAL_SETTLEMENT,,,SIMULATED
19501,Laurel Peak Networks,DATA PARTNERS,202601,81996.12,73796.51,8199.61,0.9,PENDING,BANK_TRANSFER,,,SIMULATED
19448,Hazel Meadow Trading,DATA PARTNERS,202601,81421.29999999997,32568.52,48852.78,0.4,DISPUTED,BANK_TRANSFER,,CONFIRMED_MISMATCH,SIMULATED
19951,Coral Reach Trading,DATA PARTNERS,202601,80634.19999999998,72570.78,8063.42,0.9,PENDING,BANK_TRANSFER,,,SIMULATED
341065,Quartz Coast Networks,PENTAGON FRANCHISE,202601,80371.83999999997,72334.66,8037.18,0.9,PENDING,BANK_TRANSFER,,,SIMULATED
19355,Juniper Stone Communications,CONNECT STORES,202601,80059.37999999999,72053.44,8005.94,0.9,PENDING,MTN_INTERNAL_SETTLEMENT,,,SIMULATED
95039,Pearl Haven Ventures,FIXED BROADBAND,202601,79640.72999999998,71676.66,7964.07,0.9,PENDING,BANK_TRANSFER,,,SIMULATED
20018,Linden Light Ventures,DATA PARTNERS,202601,78541.20999999999,70687.09,7854.12,0.9,PENDING,BANK_TRANSFER,,,SIMULATED
19345,Harbor Brook Ventures,CONNECT STORES,202601,77291.12999999999,69562.02,7729.11,0.9,PENDING,MTN_INTERNAL_SETTLEMENT,,,SIMULATED
369075,Coral Sky Communications,FIXED BROADBAND,202601,75142.24999999999,67628.02,7514.23,0.9,PENDING,BANK_TRANSFER,,,SIMULATED
353073,Raven Grove Networks,ENTERPRISE BUSINESS,202601,74879.87,67391.88,7487.99,0.9,PENDING,BANK_TRANSFER,,,SIMULATED
291067,Juniper Light Networks,ENTERPRISE BUSINESS,202601,73674.23999999998,66306.82,7367.42,0.9,PENDING,BANK_TRANSFER,,,SIMULATED
19953,Opal Dale Networks,DATA PARTNERS,202601,73205.47,65884.92,7320.55,0.9,PENDING,BANK_TRANSFER,,,SIMULATED
367077,Golden Vale Trading,FIXED BROADBAND,202601,72943.08999999998,65648.78,7294.31,0.9,PENDING,BANK_TRANSFER,,,SIMULATED
19648,Silver Valley Ventures,CONNECT STORES,202601,72892.97,65603.67,7289.3,0.9,PENDING,MTN_INTERNAL_SETTLEMENT,,,SIMULATED
107046,Birch Hill Trading,ENTERPRISE BUSINESS,202601,72211.95999999999,64990.76,7221.2,0.9,PENDING,BANK_TRANSFER,,,SIMULATED
115057,Indigo Crown Networks,CONNECT HUB,202601,72161.81999999999,64945.64,7216.18,0.9,PENDING,MTN_INTERNAL_SETTLEMENT,,,SIMULATED
19494,Olive Reach Ventures,DATA PARTNERS,202601,71112.49999999999,64001.25,7111.25,0.9,PENDING,BANK_TRANSFER,,,SIMULATED
60025,Forest Arc Trading,DATA PARTNERS,202601,70850.05999999998,63765.05,7085.01,0.9,PENDING,BANK_TRANSFER,,,SIMULATED
19327,Raven Trail Networks,DATA PARTNERS,202601,70744.00999999998,63669.61,7074.4,0.9,PENDING,BANK_TRANSFER,,,SIMULATED
19838,Laurel Park Trading,CONNECT STORES,202601,70068.79,63061.91,7006.88,0.9,PENDING,MTN_INTERNAL_SETTLEMENT,,,SIMULATED
255074,Teal Stream Networks,ENTERPRISE BUSINESS,202601,68076.12,61268.51,6807.61,0.9,PENDING,BANK_TRANSFER,,,SIMULATED
365090,Stone Crest Ventures,PENTAGON FRANCHISE,202601,67919.84999999999,61127.86,6791.99,0.9,PENDING,BANK_TRANSFER,,,SIMULATED
19938,Willow Point Networks,DATA PARTNERS,202601,67813.81999999999,61032.44,6781.38,0.9,PENDING,BANK_TRANSFER,,,SIMULATED
170045,Teal Wave Trading,DATA PARTNERS,202601,67501.3,60751.17,6750.13,0.9,PENDING,BANK_TRANSFER,,,SIMULATED
19809,Birch Point Ventures,DATA PARTNERS,202601,66038.99999999999,59435.1,6603.9,0.9,PENDING,BANK_TRANSFER,,,SIMULATED
93033,Elm Bridge Networks,FIXED BROADBAND,202601,65720.74999999999,59148.67,6572.08,0.9,PENDING,BANK_TRANSFER,,,SIMULATED
19880,Laurel Crown Networks,CONNECT STORES,202601,65464.14,39278.48,26185.66,0.6,PARTIALLY_PAID,MTN_INTERNAL_SETTLEMENT,2026-03-02,HIGH_UNQUALIFIED_RATE,SIMULATED
148031,Birch Path Networks,CONNECT HUB,202601,64727.359999999986,58254.62,6472.74,0.9,PENDING,MTN_INTERNAL_SETTLEMENT,,,SIMULATED
345064,Meadow Haven Networks,PENTAGON FRANCHISE,202601,64626.93999999999,58164.25,6462.69,0.9,PENDING,BANK_TRANSFER,,,SIMULATED
19746,Quartz Horizon Trading,CONNECT STORES,202601,63683.62999999999,57315.27,6368.36,0.9,PENDING,MTN_INTERNAL_SETTLEMENT,,,SIMULATED
19952,Swift Ridge Ventures,DATA PARTNERS,202601,62896.69,56607.02,6289.67,0.9,PENDING,BANK_TRANSFER,,,SIMULATED
162043,Teal Ridge Ventures,CONNECT HUB,202601,62790.51999999999,56511.47,6279.05,0.9,PENDING,MTN_INTERNAL_SETTLEMENT,,,SIMULATED
83035,Amber Park Communications,FIXED BROADBAND,202601,62371.94999999999,56134.75,6237.2,0.9,PENDING,BANK_TRANSFER,,,SIMULATED
19382,Willow Stone Trading,DATA PARTNERS,202601,62215.84,55994.26,6221.58,0.9,PENDING,BANK_TRANSFER,,,SIMULATED
19559,Coral Wave Networks,DATA PARTNERS,202601,62165.49999999999,55948.95,6216.55,0.9,PENDING,BANK_TRANSFER,,,SIMULATED
19805,Harbor Shore Ventures,DEALER,202601,61640.899999999994,55476.81,6164.09,0.9,PENDING,BANK_TRANSFER,,,SIMULATED
19556,Teal Reach Networks,CONNECT STORES,202601,61172.00999999999,36703.21,24468.8,0.6,PARTIALLY_PAID,MTN_INTERNAL_SETTLEMENT,2026-03-02,HIGH_UNQUALIFIED_RATE,SIMULATED
366074,Ivory Light Networks,PENTAGON FRANCHISE,202601,60597.18999999999,24238.88,36358.31,0.4,DISPUTED,BANK_TRANSFER,,CONFIRMED_MISMATCH,SIMULATED
19687,Ivory Stone Communications,CONNECT STORES,202601,60122.78999999999,54110.51,6012.28,0.9,PENDING,MTN_INTERNAL_SETTLEMENT,,,SIMULATED
26033,Quartz Trail Communications,DATA PARTNERS,202601,59966.439999999995,53969.8,5996.64,0.9,PENDING,BANK_TRANSFER,,,SIMULATED
332069,Linden Light Ventures,FIXED BROADBAND,202601,59704.03999999999,53733.64,5970.4,0.9,PENDING,BANK_TRANSFER,,,SIMULATED
19462,Orchid View Networks,DEALER,202601,58973.00999999998,53075.71,5897.3,0.9,PENDING,BANK_TRANSFER,,,SIMULATED
19516,Aspen Reach Communications,DATA PARTNERS,202601,58710.649999999994,52839.58,5871.07,0.9,PENDING,BANK_TRANSFER,,,SIMULATED
74049,Linden Park Communications,ENTERPRISE BUSINESS,202601,58554.34,52698.91,5855.43,0.9,PENDING,BANK_TRANSFER,,,SIMULATED
19959,Meadow Wind Networks,CONNECT STORES,202601,58186.009999999995,52367.41,5818.6,0.9,PENDING,MTN_INTERNAL_SETTLEMENT,,,SIMULATED
19792,Sunset Port Ventures,DEALER,202601,57560.86999999998,51804.78,5756.09,0.9,PENDING,BANK_TRANSFER,,,SIMULATED
393082,Opal Dale Networks,PENTAGON FRANCHISE,202601,57560.86999999998,51804.78,5756.09,0.9,PENDING,BANK_TRANSFER,,,SIMULATED
179044,Birch Crown Ventures,ENTERPRISE BUSINESS,202601,56773.80999999999,51096.43,5677.38,0.9,PENDING,BANK_TRANSFER,,,SIMULATED
107036,Stone Leaf Networks,ENTERPRISE BUSINESS,202601,56617.579999999994,50955.82,5661.76,0.9,PENDING,BANK_TRANSFER,,,SIMULATED
19669,Spruce Spring Ventures,CONNECT STORES,202601,56092.87999999999,50483.59,5609.29,0.9,PENDING,MTN_INTERNAL_SETTLEMENT,,,SIMULATED
21260,Oak Crest Networks,CONNECT STORES,202601,55361.749999999985,49825.57,5536.18,0.9,PENDING,MTN_INTERNAL_SETTLEMENT,,,SIMULATED
113048,Willow Lake Communications,CONNECT HUB,202601,55255.63999999999,49730.08,5525.56,0.9,PENDING,MTN_INTERNAL_SETTLEMENT,,,SIMULATED
345059,Ember Path Networks,PENTAGON FRANCHISE,202601,55205.479999999996,49684.93,5520.55,0.9,PENDING,BANK_TRANSFER,,,SIMULATED
107034,Elm Port Communications,ENTERPRISE BUSINESS,202601,55155.31999999999,49639.79,5515.53,0.9,PENDING,BANK_TRANSFER,,,SIMULATED
19529,Ocean Brook Ventures,DATA PARTNERS,202601,55099.40999999999,49589.47,5509.94,0.9,PENDING,BANK_TRANSFER,,,SIMULATED
353062,Spruce Star Ventures,PENTAGON FRANCHISE,202601,54262.18999999999,48835.97,5426.22,0.9,PENDING,BANK_TRANSFER,,,SIMULATED
19897,Flint Grove Trading,CONNECT STORES,202601,54105.95999999999,48695.36,5410.6,0.9,PENDING,MTN_INTERNAL_SETTLEMENT,,,SIMULATED
355064,Raven Arc Ventures,PENTAGON FRANCHISE,202601,53581.33999999999,48223.21,5358.13,0.9,PENDING,BANK_TRANSFER,,,SIMULATED
232044,Swift Moon Communications,FIXED BROADBAND,202601,53581.259999999995,48223.13,5358.13,0.9,PENDING,BANK_TRANSFER,,,SIMULATED
65036,Aspen Sky Trading,CONNECT HUB,202601,53581.259999999995,48223.13,5358.13,0.9,PENDING,MTN_INTERNAL_SETTLEMENT,,,SIMULATED
337090,Sunset Horizon Communications,PENTAGON FRANCHISE,202601,53424.96999999999,48082.47,5342.5,0.9,PENDING,BANK_TRANSFER,,,SIMULATED
19605,Rowan Stone Trading,DATA PARTNERS,202601,53218.55999999999,47896.7,5321.86,0.9,PENDING,BANK_TRANSFER,,,SIMULATED
19504,Raven Leaf Trading,DATA PARTNERS,202601,53162.70999999999,47846.44,5316.27,0.9,PENDING,BANK_TRANSFER,,,SIMULATED
19904,Linden Valley Ventures,CONNECT STORES,202601,52744.07999999999,47469.67,5274.41,0.9,PENDING,MTN_INTERNAL_SETTLEMENT,,,SIMULATED
19569,Rowan Light Communications,CONNECT STORES,202601,52537.67,47283.9,5253.77,0.9,PENDING,MTN_INTERNAL_SETTLEMENT,,,SIMULATED
19796,Jade Lake Communications,CONNECT STORES,202601,52537.60999999999,47283.85,5253.76,0.9,PENDING,MTN_INTERNAL_SETTLEMENT,,,SIMULATED
19837,Jade Haven Trading,DATA PARTNERS,202601,51906.979999999996,46716.28,5190.7,0.9,PENDING,BANK_TRANSFER,,,SIMULATED
65026,Stone Light Networks,DATA PARTNERS,202601,51750.61,46575.55,5175.06,0.9,PENDING,BANK_TRANSFER,,,SIMULATED
232043,River Wood Ventures,FIXED BROADBAND,202601,51750.56999999999,46575.51,5175.06,0.9,PENDING,BANK_TRANSFER,,,SIMULATED
174047,Maple Wave Trading,ENTERPRISE BUSINESS,202601,51700.42999999999,46530.39,5170.04,0.9,PENDING,BANK_TRANSFER,,,SIMULATED
19785,Stone Crest Ventures,DATA PARTNERS,202601,51332.03999999999,46198.84,5133.2,0.9,PENDING,BANK_TRANSFER,,,SIMULATED
19741,Indigo Crown Networks,CONNECT STORES,202601,51069.69999999998,45962.73,5106.97,0.9,PENDING,MTN_INTERNAL_SETTLEMENT,,,SIMULATED
360067,Rowan Vale Trading,ENTERPRISE BUSINESS,202601,51019.44,45917.5,5101.94,0.9,PENDING,BANK_TRANSFER,,,SIMULATED
19622,Ember Crest Networks,DATA PARTNERS,202601,50651.00999999998,45585.91,5065.1,0.9,PENDING,BANK_TRANSFER,,,SIMULATED
333070,Azure Sky Trading,PENTAGON FRANCHISE,202601,50338.48999999999,45304.64,5033.85,0.9,PENDING,BANK_TRANSFER,,,SIMULATED
271053,Willow Stream Ventures,ENTERPRISE BUSINESS,202601,50288.329999999994,45259.5,5028.83,0.9,PENDING,BANK_TRANSFER,,,SIMULATED
147031,Amber Lake Trading,CONNECT HUB,202601,50232.419999999984,45209.18,5023.24,0.9,PENDING,MTN_INTERNAL_SETTLEMENT,,,SIMULATED
20048,Teal Ridge Ventures,CONNECT STORES,202601,49813.82999999999,44832.45,4981.38,0.9,PENDING,MTN_INTERNAL_SETTLEMENT,,,SIMULATED
19794,Jade Lake Communications,CONNECT STORES,202601,49657.61999999998,44691.86,4965.76,0.9,PENDING,MTN_INTERNAL_SETTLEMENT,,,SIMULATED
186044,Silver Moon Ventures,FIXED BROADBAND,202601,49238.96999999998,44315.07,4923.9,0.9,PENDING,BANK_TRANSFER,,,SIMULATED
19944,Rowan Hill Trading,CONNECT STORES,202601,49188.78999999999,29513.27,19675.52,0.6,PARTIALLY_PAID,MTN_INTERNAL_SETTLEMENT,2026-03-02,HIGH_UNQUALIFIED_RATE,SIMULATED
19682,Forest Vale Communications,CONNECT STORES,202601,48664.130000000005,43797.72,4866.41,0.9,PENDING,MTN_INTERNAL_SETTLEMENT,,,SIMULATED
19921,Sunset Path Trading,CONNECT STORES,202601,48613.909999999996,29168.35,19445.56,0.6,PARTIALLY_PAID,MTN_INTERNAL_SETTLEMENT,2026-03-02,HIGH_UNQUALIFIED_RATE,SIMULATED
19609,Topaz Leaf Networks,CONNECT STORES,202601,48507.899999999994,43657.11,4850.79,0.9,PENDING,MTN_INTERNAL_SETTLEMENT,,,SIMULATED
257067,Laurel Dale Ventures,ENTERPRISE BUSINESS,202601,48507.87999999999,43657.09,4850.79,0.9,PENDING,BANK_TRANSFER,,,SIMULATED
19360,Swift Park Communications,DATA PARTNERS,202601,47720.81999999999,42948.74,4772.08,0.9,PENDING,BANK_TRANSFER,,,SIMULATED
165043,Topaz Bridge Trading,CONNECT HUB,202601,47514.40999999999,42762.97,4751.44,0.9,PENDING,MTN_INTERNAL_SETTLEMENT,,,SIMULATED
385085,Juniper Shore Communications,PENTAGON FRANCHISE,202601,47252.00999999998,42526.81,4725.2,0.9,PENDING,BANK_TRANSFER,,,SIMULATED
19916,Sage Dale Trading,DATA PARTNERS,202601,46989.67,42290.7,4698.97,0.9,PENDING,BANK_TRANSFER,,,SIMULATED
342067,Oak Wave Networks,PENTAGON FRANCHISE,202601,46833.439999999995,18733.38,28100.06,0.4,DISPUTED,BANK_TRANSFER,,CONFIRMED_MISMATCH,SIMULATED
213043,Quartz Trail Communications,ENTERPRISE BUSINESS,202601,46464.969999999994,41818.47,4646.5,0.9,PENDING,BANK_TRANSFER,,,SIMULATED
19845,Willow Horizon Networks,CONNECT STORES,202601,46414.82999999999,41773.35,4641.48,0.9,PENDING,MTN_INTERNAL_SETTLEMENT,,,SIMULATED
19895,Flint Grove Trading,CONNECT STORES,202601,46308.84,41677.96,4630.88,0.9,PENDING,MTN_INTERNAL_SETTLEMENT,,,SIMULATED
65030,Ivory Brook Communications,DATA PARTNERS,202601,45471.53999999998,40924.39,4547.15,0.9,PENDING,BANK_TRANSFER,,,SIMULATED
19408,Sunset Wood Networks,DEALER,202601,45265.09,40738.58,4526.51,0.9,PENDING,BANK_TRANSFER,,,SIMULATED
349078,Raven Horizon Communications,PENTAGON FRANCHISE,202601,44634.29999999999,17853.72,26780.58,0.4,DISPUTED,BANK_TRANSFER,,CONFIRMED_MISMATCH,SIMULATED
19425,Hazel View Trading,DATA PARTNERS,202601,44584.139999999985,40125.73,4458.41,0.9,PENDING,BANK_TRANSFER,,,SIMULATED
107031,Pearl Park Ventures,ENTERPRISE BUSINESS,202601,44371.979999999996,39934.78,4437.2,0.9,PENDING,BANK_TRANSFER,,,SIMULATED
19901,Linden Valley Ventures,CONNECT STORES,202601,44215.709999999985,39794.14,4421.57,0.9,PENDING,MTN_INTERNAL_SETTLEMENT,,,SIMULATED
391085,Raven Point Ventures,ENTERPRISE BUSINESS,202601,43534.78,39181.3,4353.48,0.9,PENDING,BANK_TRANSFER,,,SIMULATED
206069,Willow Lake Communications,ENTERPRISE BUSINESS,202601,43116.149999999994,38804.53,4311.62,0.9,PENDING,BANK_TRANSFER,,,SIMULATED
317059,Aspen Summit Ventures,FIXED BROADBAND,202601,42909.73999999999,38618.77,4290.97,0.9,PENDING,BANK_TRANSFER,,,SIMULATED
19779,Swift Stone Networks,DATA PARTNERS,202601,42697.67999999999,38427.91,4269.77,0.9,PENDING,BANK_TRANSFER,,,SIMULATED
19740,Indigo Crown Networks,CONNECT STORES,202601,42697.619999999995,38427.86,4269.76,0.9,PENDING,MTN_INTERNAL_SETTLEMENT,,,SIMULATED
203044,Sage Arc Ventures,CONNECT STORES,202601,42385.07999999999,38146.57,4238.51,0.9,PENDING,MTN_INTERNAL_SETTLEMENT,,,SIMULATED
71031,Forest Bridge Networks,DATA PARTNERS,202601,41966.44999999998,37769.8,4196.65,0.9,PENDING,BANK_TRANSFER,,,SIMULATED
329066,Jade Star Ventures,PENTAGON FRANCHISE,202601,41860.34,37674.31,4186.03,0.9,PENDING,BANK_TRANSFER,,,SIMULATED
21256,Oak Crest Networks,CONNECT STORES,202601,41441.85,37297.67,4144.18,0.9,PENDING,MTN_INTERNAL_SETTLEMENT,,,SIMULATED
19795,Jade Lake Communications,CONNECT STORES,202601,41441.749999999985,37297.57,4144.18,0.9,PENDING,MTN_INTERNAL_SETTLEMENT,,,SIMULATED
255051,Hazel Leaf Trading,PENTAGON FRANCHISE,202601,41023.15999999999,36920.84,4102.32,0.9,PENDING,BANK_TRANSFER,,,SIMULATED
19590,Spruce Brook Trading,DATA PARTNERS,202601,40604.56999999999,36544.11,4060.46,0.9,PENDING,BANK_TRANSFER,,,SIMULATED
19834,Flint Port Ventures,CONNECT STORES,202601,40185.999999999985,36167.4,4018.6,0.9,PENDING,MTN_INTERNAL_SETTLEMENT,,,SIMULATED
162044,Jade Lake Communications,CONNECT HUB,202601,40185.92,36167.33,4018.59,0.9,PENDING,MTN_INTERNAL_SETTLEMENT,,,SIMULATED
19406,Ocean Leaf Networks,DATA PARTNERS,202601,40029.68999999999,36026.72,4002.97,0.9,PENDING,BANK_TRANSFER,,,SIMULATED
19332,Ruby Brook Communications,DATA PARTNERS,202601,39767.33,35790.6,3976.73,0.9,PENDING,BANK_TRANSFER,,,SIMULATED
19913,Forest Lake Ventures,DEALER,202601,39611.159999999996,35650.04,3961.12,0.9,PENDING,BANK_TRANSFER,,,SIMULATED
197043,Forest Delta Ventures,FIXED BROADBAND,202601,39298.56,35368.7,3929.86,0.9,PENDING,BANK_TRANSFER,,,SIMULATED
84621,Cedar Haven Trading,FIXED BROADBAND,202601,39036.21999999999,35132.6,3903.62,0.9,PENDING,BANK_TRANSFER,,,SIMULATED
19330,Golden Crown Trading,DATA PARTNERS,202601,38930.14999999999,35037.13,3893.02,0.9,PENDING,BANK_TRANSFER,,,SIMULATED
19675,Dawn Path Ventures,DATA PARTNERS,202601,38930.12999999999,35037.12,3893.01,0.9,PENDING,BANK_TRANSFER,,,SIMULATED
19488,Crystal Summit Networks,DATA PARTNERS,202601,38773.93999999999,34896.55,3877.39,0.9,PENDING,BANK_TRANSFER,,,SIMULATED
342077,Teal Stream Networks,PENTAGON FRANCHISE,202601,38773.880000000005,34896.49,3877.39,0.9,PENDING,BANK_TRANSFER,,,SIMULATED
19434,Crystal Leaf Ventures,DATA PARTNERS,202601,38617.649999999994,34755.88,3861.77,0.9,PENDING,BANK_TRANSFER,,,SIMULATED
206053,Raven Arc Ventures,ENTERPRISE BUSINESS,202601,38511.619999999995,34660.46,3851.16,0.9,PENDING,BANK_TRANSFER,,,SIMULATED
19619,Golden Moon Communications,CONNECT STORES,202601,38461.34,23076.8,15384.54,0.6,PARTIALLY_PAID,MTN_INTERNAL_SETTLEMENT,2026-03-02,HIGH_UNQUALIFIED_RATE,SIMULATED
19495,Teal Isle Trading,CONNECT STORES,202601,38092.94999999999,34283.65,3809.3,0.9,PENDING,MTN_INTERNAL_SETTLEMENT,,,SIMULATED
19579,Topaz Bridge Trading,CONNECT STORES,202601,38042.78999999999,34238.51,3804.28,0.9,PENDING,MTN_INTERNAL_SETTLEMENT,,,SIMULATED
19732,Hazel Wood Communications,DATA PARTNERS,202601,37936.67999999999,34143.01,3793.67,0.9,PENDING,BANK_TRANSFER,,,SIMULATED
441144,Teal Field Ventures,PENTAGON FRANCHISE,202601,37886.49999999999,34097.85,3788.65,0.9,PENDING,BANK_TRANSFER,,,SIMULATED
19646,Rowan Wind Trading,DEALER,202601,37780.42999999999,22668.26,15112.17,0.6,PARTIALLY_PAID,BANK_TRANSFER,2026-03-02,HIGH_UNQUALIFIED_RATE,SIMULATED
19642,Birch Meadow Communications,CONNECT STORES,202601,37780.39,22668.23,15112.16,0.6,PARTIALLY_PAID,MTN_INTERNAL_SETTLEMENT,2026-03-02,HIGH_UNQUALIFIED_RATE,SIMULATED
379092,Azure Trail Networks,PENTAGON FRANCHISE,202601,37780.38999999999,34002.35,3778.04,0.9,PENDING,BANK_TRANSFER,,,SIMULATED
310067,Aspen Sky Communications,PENTAGON FRANCHISE,202601,37674.31999999999,33906.89,3767.43,0.9,PENDING,BANK_TRANSFER,,,SIMULATED
265053,Pearl Park Ventures,FIXED BROADBAND,202601,37674.299999999996,33906.87,3767.43,0.9,PENDING,BANK_TRANSFER,,,SIMULATED
19368,Jade Point Trading,CONNECT STORES,202601,37674.299999999996,22604.58,15069.72,0.6,PARTIALLY_PAID,MTN_INTERNAL_SETTLEMENT,2026-03-02,HIGH_UNQUALIFIED_RATE,SIMULATED
253047,Raven Moon Communications,ENTERPRISE BUSINESS,202601,36943.18999999999,33248.87,3694.32,0.9,PENDING,BANK_TRANSFER,,,SIMULATED
74055,Sunset Path Trading,CONNECT STORES,202601,36630.67,32967.6,3663.07,0.9,PENDING,MTN_INTERNAL_SETTLEMENT,,,SIMULATED
20046,Teal Ridge Ventures,DEALER,202601,36524.619999999995,32872.16,3652.46,0.9,PENDING,BANK_TRANSFER,,,SIMULATED
19461,Orchid View Networks,CONNECT STORES,202601,35999.92,32399.93,3599.99,0.9,PENDING,MTN_INTERNAL_SETTLEMENT,,,SIMULATED
19919,Sunset Path Trading,CONNECT STORES,202601,35949.72,32354.75,3594.97,0.9,PENDING,MTN_INTERNAL_SETTLEMENT,,,SIMULATED
26037,Crystal Stream Networks,DATA PARTNERS,202601,35843.69,32259.32,3584.37,0.9,PENDING,BANK_TRANSFER,,,SIMULATED
19435,Spruce Moon Trading,DATA PARTNERS,202601,35425.06,31882.55,3542.51,0.9,PENDING,BANK_TRANSFER,,,SIMULATED
160046,Aspen Sky Trading,CONNECT HUB,202601,35162.799999999996,31646.52,3516.28,0.9,PENDING,MTN_INTERNAL_SETTLEMENT,,,SIMULATED
365080,Willow Brook Networks,PENTAGON FRANCHISE,202601,34850.2,31365.18,3485.02,0.9,PENDING,BANK_TRANSFER,,,SIMULATED
19718,Juniper Brook Ventures,DEALER,202601,34744.149999999994,31269.73,3474.42,0.9,PENDING,BANK_TRANSFER,,,SIMULATED
65027,Coral Trail Ventures,DATA PARTNERS,202601,34744.10999999999,31269.7,3474.41,0.9,PENDING,BANK_TRANSFER,,,SIMULATED
295081,River Moon Networks,PENTAGON FRANCHISE,202601,34744.090000000004,31269.68,3474.41,0.9,PENDING,BANK_TRANSFER,,,SIMULATED
19813,Harbor Sky Communications,DATA PARTNERS,202601,34744.09,31269.68,3474.41,0.9,PENDING,BANK_TRANSFER,,,SIMULATED
19484,Coral Wood Communications,DATA PARTNERS,202601,34587.9,31129.11,3458.79,0.9,PENDING,BANK_TRANSFER,,,SIMULATED
393086,Swift Wave Communications,PENTAGON FRANCHISE,202601,34431.590000000004,30988.43,3443.16,0.9,PENDING,BANK_TRANSFER,,,SIMULATED
310068,Crystal Grove Trading,PENTAGON FRANCHISE,202601,34275.31999999999,30847.79,3427.53,0.9,PENDING,BANK_TRANSFER,,,SIMULATED
26035,Ember Grove Communications,DATA PARTNERS,202601,34169.270000000004,30752.34,3416.93,0.9,PENDING,BANK_TRANSFER,,,SIMULATED
357062,Golden Vale Trading,ENTERPRISE BUSINESS,202601,34012.95999999999,30611.66,3401.3,0.9,PENDING,BANK_TRANSFER,,,SIMULATED
19436,Birch Dale Communications,CONNECT STORES,202601,33906.869999999995,20344.12,13562.75,0.6,PARTIALLY_PAID,MTN_INTERNAL_SETTLEMENT,2026-03-02,HIGH_UNQUALIFIED_RATE,SIMULATED
19912,Fern Brook Ventures,DATA PARTNERS,202601,33594.369999999995,30234.93,3359.44,0.9,PENDING,BANK_TRANSFER,,,SIMULATED
332062,Laurel Coast Communications,PENTAGON FRANCHISE,202601,33069.67,29762.7,3306.97,0.9,PENDING,BANK_TRANSFER,,,SIMULATED
365127,Ivory Peak Networks,PENTAGON FRANCHISE,202601,32863.24,29576.92,3286.32,0.9,PENDING,BANK_TRANSFER,,,SIMULATED
319059,Dawn Wind Trading,PENTAGON FRANCHISE,202601,32863.24,29576.92,3286.32,0.9,PENDING,BANK_TRANSFER,,,SIMULATED
21240,Harbor Meadow Networks,DATA PARTNERS,202601,32757.209999999992,29481.49,3275.72,0.9,PENDING,BANK_TRANSFER,,,SIMULATED
393087,Crystal Park Ventures,PENTAGON FRANCHISE,202601,32757.170000000006,29481.45,3275.72,0.9,PENDING,BANK_TRANSFER,,,SIMULATED
400090,Rowan Port Trading,PENTAGON FRANCHISE,202601,32494.81,29245.33,3249.48,0.9,PENDING,BANK_TRANSFER,,,SIMULATED
19815,Willow Lake Communications,DEALER,202601,32232.490000000005,29009.24,3223.25,0.9,PENDING,BANK_TRANSFER,,,SIMULATED
325070,Birch Wave Ventures,PENTAGON FRANCHISE,202601,31813.88,28632.49,3181.39,0.9,PENDING,BANK_TRANSFER,,,SIMULATED
19503,Linden Path Networks,DATA PARTNERS,202601,31813.879999999997,28632.49,3181.39,0.9,PENDING,BANK_TRANSFER,,,SIMULATED
361063,Pine Delta Communications,PENTAGON FRANCHISE,202601,31763.699999999997,28587.33,3176.37,0.9,PENDING,BANK_TRANSFER,,,SIMULATED
180043,Orchid View Networks,CONNECT HUB,202601,31239.000000000007,28115.1,3123.9,0.9,PENDING,MTN_INTERNAL_SETTLEMENT,,,SIMULATED
19994,Teal Port Networks,ENTERPRISE BUSINESS,202601,30976.659999999996,27878.99,3097.67,0.9,PENDING,BANK_TRANSFER,,,SIMULATED
19640,Teal Haven Trading,DATA PARTNERS,202601,30558.090000000007,27502.28,3055.81,0.9,PENDING,BANK_TRANSFER,,,SIMULATED
19450,Quartz Isle Networks,CONNECT STORES,202601,30245.530000000002,27220.98,3024.55,0.9,PENDING,MTN_INTERNAL_SETTLEMENT,,,SIMULATED
296075,Amber Isle Networks,PENTAGON FRANCHISE,202601,29720.870000000006,26748.78,2972.09,0.9,PENDING,BANK_TRANSFER,,,SIMULATED
113032,Amber Beacon Trading,CONNECT HUB,202601,29564.62,26608.16,2956.46,0.9,PENDING,MTN_INTERNAL_SETTLEMENT,,,SIMULATED
19753,Dawn Dale Networks,DATA PARTNERS,202601,29302.300000000007,26372.07,2930.23,0.9,PENDING,BANK_TRANSFER,,,SIMULATED
19508,River Stream Networks,DATA PARTNERS,202601,29302.26,26372.03,2930.23,0.9,PENDING,BANK_TRANSFER,,,SIMULATED
19544,Aspen View Networks,DATA PARTNERS,202601,29146.01,11658.4,17487.61,0.4,DISPUTED,BANK_TRANSFER,,CONFIRMED_MISMATCH,SIMULATED
19399,Harbor Moon Communications,CONNECT STORES,202601,28989.759999999995,26090.78,2898.98,0.9,PENDING,MTN_INTERNAL_SETTLEMENT,,,SIMULATED
19631,Coral Point Ventures,CONNECT STORES,202601,28989.72000000001,26090.75,2898.97,0.9,PENDING,MTN_INTERNAL_SETTLEMENT,,,SIMULATED
373071,Meadow Hill Ventures,PENTAGON FRANCHISE,202601,28989.719999999998,26090.75,2898.97,0.9,PENDING,BANK_TRANSFER,,,SIMULATED
311059,Winter Horizon Trading,PENTAGON FRANCHISE,202601,28883.709999999995,25995.34,2888.37,0.9,PENDING,BANK_TRANSFER,,,SIMULATED
19695,Jade Park Ventures,DEALER,202601,28883.69,25995.32,2888.37,0.9,PENDING,BANK_TRANSFER,,,SIMULATED
19337,Sunset Stone Networks,CONNECT STORES,202601,28883.69,25995.32,2888.37,0.9,PENDING,MTN_INTERNAL_SETTLEMENT,,,SIMULATED
349076,Hazel Coast Trading,PENTAGON FRANCHISE,202601,28883.649999999998,25995.28,2888.37,0.9,PENDING,BANK_TRANSFER,,,SIMULATED
19353,Stone Dale Networks,DATA PARTNERS,202601,28727.399999999998,25854.66,2872.74,0.9,PENDING,BANK_TRANSFER,,,SIMULATED
295084,Stone Leaf Networks,PENTAGON FRANCHISE,202601,28465.08,25618.57,2846.51,0.9,PENDING,BANK_TRANSFER,,,SIMULATED
19893,Juniper Path Ventures,DATA PARTNERS,202601,28308.79,25477.91,2830.88,0.9,PENDING,BANK_TRANSFER,,,SIMULATED
19639,Coral Shore Communications,DATA PARTNERS,202601,28308.77,25477.89,2830.88,0.9,PENDING,BANK_TRANSFER,,,SIMULATED
21247,Linden Hill Communications,DATA PARTNERS,202601,28046.450000000004,25241.81,2804.64,0.9,PENDING,BANK_TRANSFER,,,SIMULATED
19386,Pearl Park Trading,DEALER,202601,28046.45,25241.81,2804.64,0.9,PENDING,BANK_TRANSFER,,,SIMULATED
65032,Orchid View Networks,CONNECT HUB,202601,27996.269999999997,25196.64,2799.63,0.9,PENDING,MTN_INTERNAL_SETTLEMENT,,,SIMULATED
26036,Hazel Ridge Networks,DATA PARTNERS,202601,27890.2,25101.18,2789.02,0.9,PENDING,BANK_TRANSFER,,,SIMULATED
19803,Harbor Shore Ventures,DEALER,202601,27733.93,24960.54,2773.39,0.9,PENDING,BANK_TRANSFER,,,SIMULATED
19775,Fern Valley Ventures,DATA PARTNERS,202601,27733.909999999996,24960.52,2773.39,0.9,PENDING,BANK_TRANSFER,,,SIMULATED
19941,Olive Point Ventures,DEALER,202601,27627.840000000004,24865.06,2762.78,0.9,PENDING,BANK_TRANSFER,,,SIMULATED
287073,Pine Bay Networks,PENTAGON FRANCHISE,202601,27471.59,24724.43,2747.16,0.9,PENDING,BANK_TRANSFER,,,SIMULATED
19385,Pearl Park Trading,DEALER,202601,27209.250000000007,24488.33,2720.92,0.9,PENDING,BANK_TRANSFER,,,SIMULATED
19389,Sage Crown Communications,DATA PARTNERS,202601,27053.0,24347.7,2705.3,0.9,PENDING,BANK_TRANSFER,,,SIMULATED
19502,Swift Stone Ventures,DATA PARTNERS,202601,27052.980000000003,24347.68,2705.3,0.9,PENDING,BANK_TRANSFER,,,SIMULATED
325062,Indigo Lake Trading,PENTAGON FRANCHISE,202601,27052.959999999995,24347.66,2705.3,0.9,PENDING,BANK_TRANSFER,,,SIMULATED
19950,Jade Brook Communications,DATA PARTNERS,202601,26790.64,24111.58,2679.06,0.9,PENDING,BANK_TRANSFER,,,SIMULATED
353069,Opal Brook Networks,PENTAGON FRANCHISE,202601,26790.62,24111.56,2679.06,0.9,PENDING,BANK_TRANSFER,,,SIMULATED
351060,Amber Meadow Ventures,ENTERPRISE BUSINESS,202601,26372.030000000002,23734.83,2637.2,0.9,PENDING,BANK_TRANSFER,,,SIMULATED
294094,Meadow Dale Trading,PENTAGON FRANCHISE,202601,26372.01000000001,23734.81,2637.2,0.9,PENDING,BANK_TRANSFER,,,SIMULATED
430145,Amber Leaf Networks,PENTAGON FRANCHISE,202601,26372.010000000006,23734.81,2637.2,0.9,PENDING,BANK_TRANSFER,,,SIMULATED
19394,Pine Lake Ventures,CONNECT STORES,202601,26321.85,15793.11,10528.74,0.6,PARTIALLY_PAID,MTN_INTERNAL_SETTLEMENT,2026-03-02,HIGH_UNQUALIFIED_RATE,SIMULATED
19347,Jade Arc Trading,CONNECT STORES,202601,25797.17,15478.3,10318.87,0.6,PARTIALLY_PAID,MTN_INTERNAL_SETTLEMENT,2026-03-02,HIGH_UNQUALIFIED_RATE,SIMULATED
311073,Pine Bridge Trading,PENTAGON FRANCHISE,202601,25640.899999999998,23076.81,2564.09,0.9,PENDING,BANK_TRANSFER,,,SIMULATED
19780,Ivory Vale Ventures,DATA PARTNERS,202601,25534.81,22981.33,2553.48,0.9,PENDING,BANK_TRANSFER,,,SIMULATED
21280,Maple Meadow Trading,DEALER,202601,25378.560000000005,22840.7,2537.86,0.9,PENDING,BANK_TRANSFER,,,SIMULATED
26034,Forest Sky Trading,DATA PARTNERS,202601,25378.56,22840.7,2537.86,0.9,PENDING,BANK_TRANSFER,,,SIMULATED
360059,Crystal Arc Ventures,PENTAGON FRANCHISE,202601,25222.309999999998,22700.08,2522.23,0.9,PENDING,BANK_TRANSFER,,,SIMULATED
19530,Silver Dale Ventures,DATA PARTNERS,202601,25116.22,22604.6,2511.62,0.9,PENDING,BANK_TRANSFER,,,SIMULATED
344068,River Wood Ventures,PENTAGON FRANCHISE,202601,25116.200000000004,22604.58,2511.62,0.9,PENDING,BANK_TRANSFER,,,SIMULATED
328064,Orchid Dale Communications,PENTAGON FRANCHISE,202601,25116.2,22604.58,2511.62,0.9,PENDING,BANK_TRANSFER,,,SIMULATED
21257,Oak Crest Networks,CONNECT STORES,202601,24697.67,22227.9,2469.77,0.9,PENDING,MTN_INTERNAL_SETTLEMENT,,,SIMULATED
379094,Indigo Wind Trading,ENTERPRISE BUSINESS,202601,24647.43,14788.46,9858.97,0.6,PARTIALLY_PAID,BANK_TRANSFER,2026-03-02,HIGH_UNQUALIFIED_RATE,SIMULATED
19713,Aspen Delta Networks,DATA PARTNERS,202601,24541.34,22087.21,2454.13,0.9,PENDING,BANK_TRANSFER,,,SIMULATED
350060,Amber Hill Trading,PENTAGON FRANCHISE,202601,24385.089999999997,21946.58,2438.51,0.9,PENDING,BANK_TRANSFER,,,SIMULATED
19674,Laurel Trail Trading,DATA PARTNERS,202601,24279.020000000004,21851.12,2427.9,0.9,PENDING,BANK_TRANSFER,,,SIMULATED
19438,Birch Dale Communications,CONNECT STORES,202601,24279.0,14567.4,9711.6,0.6,PARTIALLY_PAID,MTN_INTERNAL_SETTLEMENT,2026-03-02,HIGH_UNQUALIFIED_RATE,SIMULATED
19472,Laurel Horizon Communications,DATA PARTNERS,202601,23860.45,21474.41,2386.04,0.9,PENDING,BANK_TRANSFER,,,SIMULATED
290072,Linden Light Ventures,PENTAGON FRANCHISE,202601,23860.410000000003,21474.37,2386.04,0.9,PENDING,BANK_TRANSFER,,,SIMULATED
19659,Cedar Point Trading,DATA PARTNERS,202601,23860.390000000003,21474.35,2386.04,0.9,PENDING,BANK_TRANSFER,,,SIMULATED
205043,Sage Arc Ventures,CONNECT STORES,202601,23860.39,14316.23,9544.16,0.6,PARTIALLY_PAID,MTN_INTERNAL_SETTLEMENT,2026-03-02,HIGH_UNQUALIFIED_RATE,SIMULATED
19692,Laurel Grove Trading,DATA PARTNERS,202601,23704.160000000003,21333.74,2370.42,0.9,PENDING,BANK_TRANSFER,,,SIMULATED
19782,Raven Isle Communications,DEALER,202601,23704.14,21333.73,2370.41,0.9,PENDING,BANK_TRANSFER,,,SIMULATED
19567,Teal Ridge Trading,DATA PARTNERS,202601,23441.88,21097.69,2344.19,0.9,PENDING,BANK_TRANSFER,,,SIMULATED
295092,Linden Star Communications,PENTAGON FRANCHISE,202601,23441.800000000003,21097.62,2344.18,0.9,PENDING,BANK_TRANSFER,,,SIMULATED
294064,River Star Communications,PENTAGON FRANCHISE,202601,23285.53,20956.98,2328.55,0.9,PENDING,BANK_TRANSFER,,,SIMULATED
345066,Oak Star Ventures,PENTAGON FRANCHISE,202601,23285.529999999995,20956.98,2328.55,0.9,PENDING,BANK_TRANSFER,,,SIMULATED
19923,Sunset Path Trading,CONNECT STORES,202601,23023.23,20720.91,2302.32,0.9,PENDING,MTN_INTERNAL_SETTLEMENT,,,SIMULATED
296060,Opal Ridge Communications,PENTAGON FRANCHISE,202601,23023.190000000006,20720.87,2302.32,0.9,PENDING,BANK_TRANSFER,,,SIMULATED
19527,Hazel Sky Trading,CONNECT STORES,202601,23023.190000000002,20720.87,2302.32,0.9,PENDING,MTN_INTERNAL_SETTLEMENT,,,SIMULATED
357096,Crystal Leaf Trading,PENTAGON FRANCHISE,202601,22866.96,20580.26,2286.7,0.9,PENDING,BANK_TRANSFER,,,SIMULATED
19524,Flint Isle Trading,DATA PARTNERS,202601,22866.94,20580.25,2286.69,0.9,PENDING,BANK_TRANSFER,,,SIMULATED
20041,Olive Stream Ventures,DATA PARTNERS,202601,22710.670000000006,20439.6,2271.07,0.9,PENDING,BANK_TRANSFER,,,SIMULATED
19672,Maple Beacon Trading,DATA PARTNERS,202601,22604.600000000002,20344.14,2260.46,0.9,PENDING,BANK_TRANSFER,,,SIMULATED
342073,Ember Reach Ventures,PENTAGON FRANCHISE,202601,22604.580000000005,20344.12,2260.46,0.9,PENDING,BANK_TRANSFER,,,SIMULATED
19410,Opal Grove Ventures,DATA PARTNERS,202601,22604.580000000005,20344.12,2260.46,0.9,PENDING,BANK_TRANSFER,,,SIMULATED
19847,Forest Ridge Communications,DATA PARTNERS,202601,22604.580000000005,20344.12,2260.46,0.9,PENDING,BANK_TRANSFER,,,SIMULATED
334059,Harbor Moon Ventures,PENTAGON FRANCHISE,202601,22604.58,20344.12,2260.46,0.9,PENDING,BANK_TRANSFER,,,SIMULATED
113033,Pearl Beacon Communications,CONNECT HUB,202601,22604.58,20344.12,2260.46,0.9,PENDING,MTN_INTERNAL_SETTLEMENT,,,SIMULATED
310071,Sage Glen Trading,PENTAGON FRANCHISE,202601,22604.58,20344.12,2260.46,0.9,PENDING,BANK_TRANSFER,,,SIMULATED
325064,Opal Ridge Communications,ENTERPRISE BUSINESS,202601,22292.079999999998,20062.87,2229.21,0.9,PENDING,BANK_TRANSFER,,,SIMULATED
19322,Ember Coast Trading,DEALER,202601,22292.079999999994,20062.87,2229.21,0.9,PENDING,BANK_TRANSFER,,,SIMULATED
95038,Spruce Point Communications,FIXED BROADBAND,202601,22029.719999999998,19826.75,2202.97,0.9,PENDING,BANK_TRANSFER,,,SIMULATED
19804,Harbor Shore Ventures,DEALER,202601,21767.420000000002,19590.68,2176.74,0.9,PENDING,BANK_TRANSFER,,,SIMULATED
19866,Willow Beacon Ventures,DATA PARTNERS,202601,21767.399999999998,19590.66,2176.74,0.9,PENDING,BANK_TRANSFER,,,SIMULATED
115041,Flint Stone Ventures,ENTERPRISE BUSINESS,202601,21767.38,19590.64,2176.74,0.9,PENDING,BANK_TRANSFER,,,SIMULATED
19568,Rowan Light Communications,CONNECT STORES,202601,21767.379999999997,13060.43,8706.95,0.6,PARTIALLY_PAID,MTN_INTERNAL_SETTLEMENT,2026-03-02,HIGH_UNQUALIFIED_RATE,SIMULATED
19469,Jade Spring Ventures,DATA PARTNERS,202601,21454.860000000004,19309.37,2145.49,0.9,PENDING,BANK_TRANSFER,,,SIMULATED
113047,Quartz Crown Networks,CONNECT HUB,202601,21454.86,19309.37,2145.49,0.9,PENDING,MTN_INTERNAL_SETTLEMENT,,,SIMULATED
19578,Topaz Bridge Trading,CONNECT STORES,202601,21348.770000000004,19213.89,2134.88,0.9,PENDING,MTN_INTERNAL_SETTLEMENT,,,SIMULATED
347062,Harbor Field Networks,ENTERPRISE BUSINESS,202601,21348.770000000004,19213.89,2134.88,0.9,PENDING,BANK_TRANSFER,,,SIMULATED
19483,Pine Ridge Ventures,DATA PARTNERS,202601,21348.77,19213.89,2134.88,0.9,PENDING,BANK_TRANSFER,,,SIMULATED
255072,Olive Wave Ventures,CONNECT HUB,202601,21192.519999999997,19073.27,2119.25,0.9,PENDING,MTN_INTERNAL_SETTLEMENT,,,SIMULATED
19716,Topaz Hill Communications,DATA PARTNERS,202601,20930.22,18837.2,2093.02,0.9,PENDING,BANK_TRANSFER,,,SIMULATED
19424,Fern Park Communications,DATA PARTNERS,202601,20930.200000000004,8372.08,12558.12,0.4,DISPUTED,BANK_TRANSFER,,CONFIRMED_MISMATCH,SIMULATED
19686,Ivory Stone Communications,CONNECT STORES,202601,20930.2,18837.18,2093.02,0.9,PENDING,MTN_INTERNAL_SETTLEMENT,,,SIMULATED
240047,Jade View Ventures,ENTERPRISE BUSINESS,202601,20773.93,18696.54,2077.39,0.9,PENDING,BANK_TRANSFER,,,SIMULATED
19814,Winter Stone Trading,DATA PARTNERS,202601,20773.929999999997,18696.54,2077.39,0.9,PENDING,BANK_TRANSFER,,,SIMULATED
19905,Linden Valley Ventures,CONNECT STORES,202601,20511.61,18460.45,2051.16,0.9,PENDING,MTN_INTERNAL_SETTLEMENT,,,SIMULATED
347066,Aspen Glen Communications,FIXED BROADBAND,202601,20511.590000000004,18460.43,2051.16,0.9,PENDING,BANK_TRANSFER,,,SIMULATED
19833,Flint Port Ventures,CONNECT STORES,202601,20511.59,12306.95,8204.64,0.6,PARTIALLY_PAID,MTN_INTERNAL_SETTLEMENT,2026-03-02,HIGH_UNQUALIFIED_RATE,SIMULATED
296078,Juniper Light Networks,PENTAGON FRANCHISE,202601,20511.570000000003,18460.41,2051.16,0.9,PENDING,BANK_TRANSFER,,,SIMULATED
129045,Orchid Glen Networks,ENTERPRISE BUSINESS,202601,20199.049999999996,18179.14,2019.91,0.9,PENDING,BANK_TRANSFER,,,SIMULATED
20020,Maple Wave Trading,DATA PARTNERS,202601,20093.0,18083.7,2009.3,0.9,PENDING,BANK_TRANSFER,,,SIMULATED
284087,Fern Meadow Ventures,PENTAGON FRANCHISE,202601,20092.980000000003,18083.68,2009.3,0.9,PENDING,BANK_TRANSFER,,,SIMULATED
21217,Silver Grove Communications,ENTERPRISE BUSINESS,202601,20092.98,18083.68,2009.3,0.9,PENDING,BANK_TRANSFER,,,SIMULATED
311064,Cedar Stone Communications,PENTAGON FRANCHISE,202601,20092.98,18083.68,2009.3,0.9,PENDING,BANK_TRANSFER,,,SIMULATED
19595,Olive Wave Ventures,CONNECT STORES,202601,20092.96,12055.78,8037.18,0.6,PARTIALLY_PAID,MTN_INTERNAL_SETTLEMENT,2026-03-02,HIGH_UNQUALIFIED_RATE,SIMULATED
357091,Willow Delta Communications,PENTAGON FRANCHISE,202601,19518.100000000002,17566.29,1951.81,0.9,PENDING,BANK_TRANSFER,,,SIMULATED
239047,Aspen Wind Networks,FIXED BROADBAND,202601,19255.760000000002,17330.18,1925.58,0.9,PENDING,BANK_TRANSFER,,,SIMULATED
19518,Harbor Lake Networks,DATA PARTNERS,202601,19255.760000000002,17330.18,1925.58,0.9,PENDING,BANK_TRANSFER,,,SIMULATED
350061,Olive Stream Ventures,PENTAGON FRANCHISE,202601,19255.76,17330.18,1925.58,0.9,PENDING,BANK_TRANSFER,,,SIMULATED
357069,Dawn Lake Networks,PENTAGON FRANCHISE,202601,19099.51,17189.56,1909.95,0.9,PENDING,BANK_TRANSFER,,,SIMULATED
19540,Aspen Dale Ventures,CONNECT STORES,202601,18837.170000000002,16953.45,1883.72,0.9,PENDING,MTN_INTERNAL_SETTLEMENT,,,SIMULATED
313064,Golden Meadow Communications,PENTAGON FRANCHISE,202601,18837.17,16953.45,1883.72,0.9,PENDING,BANK_TRANSFER,,,SIMULATED
19627,Coral Point Ventures,CONNECT STORES,202601,18837.15,11302.29,7534.86,0.6,PARTIALLY_PAID,MTN_INTERNAL_SETTLEMENT,2026-03-02,HIGH_UNQUALIFIED_RATE,SIMULATED
19464,Orchid View Networks,CONNECT STORES,202601,18837.15,16953.44,1883.71,0.9,PENDING,MTN_INTERNAL_SETTLEMENT,,,SIMULATED
349067,Winter Arc Networks,PENTAGON FRANCHISE,202601,18837.149999999998,16953.43,1883.72,0.9,PENDING,BANK_TRANSFER,,,SIMULATED
423159,Raven Moon Communications,PENTAGON FRANCHISE,202601,18837.149999999998,16953.43,1883.72,0.9,PENDING,BANK_TRANSFER,,,SIMULATED
310070,Silver Path Trading,PENTAGON FRANCHISE,202601,18837.149999999998,16953.43,1883.72,0.9,PENDING,BANK_TRANSFER,,,SIMULATED
19757,Amber View Ventures,DATA PARTNERS,202601,18418.58,16576.72,1841.86,0.9,PENDING,BANK_TRANSFER,,,SIMULATED
19697,Birch Bay Communications,DATA PARTNERS,202601,18418.58,7367.43,11051.15,0.4,DISPUTED,BANK_TRANSFER,,CONFIRMED_MISMATCH,SIMULATED
19679,Olive Stone Communications,DATA PARTNERS,202601,18418.56,16576.7,1841.86,0.9,PENDING,BANK_TRANSFER,,,SIMULATED
79042,Harbor Grove Networks,FIXED BROADBAND,202601,18418.56,16576.7,1841.86,0.9,PENDING,BANK_TRANSFER,,,SIMULATED
295079,Maple Grove Networks,PENTAGON FRANCHISE,202601,18418.56,16576.7,1841.86,0.9,PENDING,BANK_TRANSFER,,,SIMULATED
19486,Flint Brook Communications,DATA PARTNERS,202601,18418.559999999998,16576.7,1841.86,0.9,PENDING,BANK_TRANSFER,,,SIMULATED
19685,Ivory Stone Communications,DEALER,202601,18262.31,10957.39,7304.92,0.6,PARTIALLY_PAID,BANK_TRANSFER,2026-03-02,HIGH_UNQUALIFIED_RATE,SIMULATED
19416,Harbor Ridge Trading,DATA PARTNERS,202601,18262.309999999998,16436.08,1826.23,0.9,PENDING,BANK_TRANSFER,,,SIMULATED
353066,Crystal Stream Networks,PENTAGON FRANCHISE,202601,18262.29,16436.06,1826.23,0.9,PENDING,BANK_TRANSFER,,,SIMULATED
344061,Swift Isle Ventures,PENTAGON FRANCHISE,202601,18262.289999999997,16436.06,1826.23,0.9,PENDING,BANK_TRANSFER,,,SIMULATED
306062,Silver Peak Trading,PENTAGON FRANCHISE,202601,17999.97,16199.97,1800.0,0.9,PENDING,BANK_TRANSFER,,,SIMULATED
45025,Sage Sky Trading,DATA PARTNERS,202601,17999.97,16199.97,1800.0,0.9,PENDING,BANK_TRANSFER,,,SIMULATED
356071,Jade Light Networks,PENTAGON FRANCHISE,202601,17999.95,16199.96,1799.99,0.9,PENDING,BANK_TRANSFER,,,SIMULATED
19867,Azure Isle Trading,DATA PARTNERS,202601,17999.95,16199.96,1799.99,0.9,PENDING,BANK_TRANSFER,,,SIMULATED
323083,Linden Wood Communications,PENTAGON FRANCHISE,202601,17843.699999999997,16059.33,1784.37,0.9,PENDING,BANK_TRANSFER,,,SIMULATED
176057,Fern Shore Ventures,DEALER,202601,17687.43,15918.69,1768.74,0.9,PENDING,BANK_TRANSFER,,,SIMULATED
19422,Amber Lake Trading,DEALER,202601,17581.38,15823.24,1758.14,0.9,PENDING,BANK_TRANSFER,,,SIMULATED
19831,Pearl Horizon Communications,DATA PARTNERS,202601,17581.379999999997,15823.24,1758.14,0.9,PENDING,BANK_TRANSFER,,,SIMULATED
19510,Winter Horizon Networks,DATA PARTNERS,202601,17581.36,15823.22,1758.14,0.9,PENDING,BANK_TRANSFER,,,SIMULATED
19482,Olive Light Trading,DATA PARTNERS,202601,17581.359999999997,15823.22,1758.14,0.9,PENDING,BANK_TRANSFER,,,SIMULATED
19656,Ivory Hill Communications,DATA PARTNERS,202601,17581.359999999997,15823.22,1758.14,0.9,PENDING,BANK_TRANSFER,,,SIMULATED
63048,Maple Beacon Ventures,DATA PARTNERS,202601,17581.339999999997,15823.21,1758.13,0.9,PENDING,BANK_TRANSFER,,,SIMULATED
355060,Silver Wave Networks,PENTAGON FRANCHISE,202601,17425.089999999997,15682.58,1742.51,0.9,PENDING,BANK_TRANSFER,,,SIMULATED
19981,Oak Hill Communications,DATA PARTNERS,202601,17006.5,15305.85,1700.65,0.9,PENDING,BANK_TRANSFER,,,SIMULATED
280069,Sage Isle Ventures,PENTAGON FRANCHISE,202601,16744.18,15069.76,1674.42,0.9,PENDING,BANK_TRANSFER,,,SIMULATED
351059,Flint Leaf Trading,PENTAGON FRANCHISE,202601,16587.89,14929.1,1658.79,0.9,PENDING,BANK_TRANSFER,,,SIMULATED
19541,Aspen Dale Ventures,CONNECT STORES,202601,16431.62,14788.46,1643.16,0.9,PENDING,MTN_INTERNAL_SETTLEMENT,,,SIMULATED
19581,Topaz Bridge Trading,CONNECT STORES,202601,16431.62,9858.97,6572.65,0.6,PARTIALLY_PAID,MTN_INTERNAL_SETTLEMENT,2026-03-02,HIGH_UNQUALIFIED_RATE,SIMULATED
372071,Birch Ridge Communications,PENTAGON FRANCHISE,202601,16431.62,14788.46,1643.16,0.9,PENDING,BANK_TRANSFER,,,SIMULATED
19591,Golden Spring Communications,CONNECT STORES,202601,16431.62,9858.97,6572.65,0.6,PARTIALLY_PAID,MTN_INTERNAL_SETTLEMENT,2026-03-02,HIGH_UNQUALIFIED_RATE,SIMULATED
19894,Pine Coast Ventures,DEALER,202601,16325.57,14693.01,1632.56,0.9,PENDING,BANK_TRANSFER,,,SIMULATED
21238,Rowan Vale Trading,DATA PARTNERS,202601,16325.569999999998,14693.01,1632.56,0.9,PENDING,BANK_TRANSFER,,,SIMULATED
19496,Teal Isle Trading,CONNECT STORES,202601,16325.529999999999,9795.32,6530.21,0.6,PARTIALLY_PAID,MTN_INTERNAL_SETTLEMENT,2026-03-02,HIGH_UNQUALIFIED_RATE,SIMULATED
332068,Jade Trail Networks,FIXED BROADBAND,202601,16325.529999999997,14692.98,1632.55,0.9,PENDING,BANK_TRANSFER,,,SIMULATED
314063,Coral Meadow Ventures,PENTAGON FRANCHISE,202601,16325.529999999997,14692.98,1632.55,0.9,PENDING,BANK_TRANSFER,,,SIMULATED
21251,Dawn Delta Networks,DATA PARTNERS,202601,16325.529999999997,14692.98,1632.55,0.9,PENDING,BANK_TRANSFER,,,SIMULATED
53023,Ivory Moon Ventures,DATA PARTNERS,202601,16325.529999999997,14692.98,1632.55,0.9,PENDING,BANK_TRANSFER,,,SIMULATED
388084,Laurel Field Networks,ENTERPRISE BUSINESS,202601,16169.3,14552.37,1616.93,0.9,PENDING,BANK_TRANSFER,,,SIMULATED
19849,Topaz Meadow Ventures,DATA PARTNERS,202601,16169.279999999999,14552.35,1616.93,0.9,PENDING,BANK_TRANSFER,,,SIMULATED
357092,Maple Stream Communications,PENTAGON FRANCHISE,202601,16169.279999999997,14552.35,1616.93,0.9,PENDING,BANK_TRANSFER,,,SIMULATED
19677,Oak Stream Communications,DATA PARTNERS,202601,15906.960000000001,14316.26,1590.7,0.9,PENDING,BANK_TRANSFER,,,SIMULATED
19956,Golden Port Ventures,DATA PARTNERS,202601,15906.96,14316.26,1590.7,0.9,PENDING,BANK_TRANSFER,,,SIMULATED
19321,Ember Coast Trading,DEALER,202601,15906.959999999997,14316.26,1590.7,0.9,PENDING,BANK_TRANSFER,,,SIMULATED
19429,Raven Valley Networks,DATA PARTNERS,202601,15906.939999999999,14316.25,1590.69,0.9,PENDING,BANK_TRANSFER,,,SIMULATED
19362,Fern Wood Ventures,DATA PARTNERS,202601,15488.35,13939.52,1548.83,0.9,PENDING,BANK_TRANSFER,,,SIMULATED
365100,Forest Peak Networks,PENTAGON FRANCHISE,202601,15488.329999999998,13939.5,1548.83,0.9,PENDING,BANK_TRANSFER,,,SIMULATED
290073,Indigo Wind Communications,PENTAGON FRANCHISE,202601,15488.329999999998,13939.5,1548.83,0.9,PENDING,BANK_TRANSFER,,,SIMULATED
19910,Jade Light Networks,DATA PARTNERS,202601,15069.759999999998,13562.78,1506.98,0.9,PENDING,BANK_TRANSFER,,,SIMULATED
219047,Amber View Ventures,ENTERPRISE BUSINESS,202601,15069.74,13562.77,1506.97,0.9,PENDING,BANK_TRANSFER,,,SIMULATED
19616,Flint Field Networks,DATA PARTNERS,202601,15069.719999999998,13562.75,1506.97,0.9,PENDING,BANK_TRANSFER,,,SIMULATED
20044,Teal Ridge Ventures,DEALER,202601,15069.719999999998,13562.75,1506.97,0.9,PENDING,BANK_TRANSFER,,,SIMULATED
294086,Spruce Brook Trading,PENTAGON FRANCHISE,202601,15069.719999999998,13562.75,1506.97,0.9,PENDING,BANK_TRANSFER,,,SIMULATED
294091,Silver Path Trading,ENTERPRISE BUSINESS,202601,15069.719999999998,13562.75,1506.97,0.9,PENDING,BANK_TRANSFER,,,SIMULATED
349087,Golden Point Networks,ENTERPRISE BUSINESS,202601,15069.719999999998,13562.75,1506.97,0.9,PENDING,BANK_TRANSFER,,,SIMULATED
19481,Orchid Point Networks,DATA PARTNERS,202601,14913.469999999998,13422.12,1491.35,0.9,PENDING,BANK_TRANSFER,,,SIMULATED
329064,Willow Stone Trading,PENTAGON FRANCHISE,202601,14913.469999999998,13422.12,1491.35,0.9,PENDING,BANK_TRANSFER,,,SIMULATED
203045,Sage Arc Ventures,CONNECT STORES,202601,14913.469999999998,8948.08,5965.39,0.6,PARTIALLY_PAID,MTN_INTERNAL_SETTLEMENT,2026-03-02,HIGH_UNQUALIFIED_RATE,SIMULATED
332064,Silver Sky Trading,PENTAGON FRANCHISE,202601,14651.150000000001,13186.04,1465.11,0.9,PENDING,BANK_TRANSFER,,,SIMULATED
19407,Sunset Wood Networks,DEALER,202601,14494.859999999999,13045.37,1449.49,0.9,PENDING,BANK_TRANSFER,,,SIMULATED
337071,Jade View Ventures,PENTAGON FRANCHISE,202601,14494.859999999999,13045.37,1449.49,0.9,PENDING,BANK_TRANSFER,,,SIMULATED
342068,Teal Light Ventures,PENTAGON FRANCHISE,202601,14494.859999999999,13045.37,1449.49,0.9,PENDING,BANK_TRANSFER,,,SIMULATED
280061,Juniper Bridge Trading,PENTAGON FRANCHISE,202601,14494.859999999997,13045.37,1449.49,0.9,PENDING,BANK_TRANSFER,,,SIMULATED
19517,Laurel Shore Networks,DATA PARTNERS,202601,14232.539999999999,12809.29,1423.25,0.9,PENDING,BANK_TRANSFER,,,SIMULATED
19641,Birch Meadow Communications,DATA PARTNERS,202601,14232.539999999999,12809.29,1423.25,0.9,PENDING,BANK_TRANSFER,,,SIMULATED
19427,Flint Vale Ventures,CONNECT STORES,202601,13813.909999999998,8288.35,5525.56,0.6,PARTIALLY_PAID,MTN_INTERNAL_SETTLEMENT,2026-03-02,HIGH_UNQUALIFIED_RATE,SIMULATED
365078,Oak Dale Ventures,PENTAGON FRANCHISE,202601,13813.909999999998,12432.52,1381.39,0.9,PENDING,BANK_TRANSFER,,,SIMULATED
19411,Jade Lake Ventures,DEALER,202601,13813.909999999998,12432.52,1381.39,0.9,PENDING,BANK_TRANSFER,,,SIMULATED
19463,Orchid View Networks,CONNECT STORES,202601,13657.659999999998,8194.6,5463.06,0.6,PARTIALLY_PAID,MTN_INTERNAL_SETTLEMENT,2026-03-02,HIGH_UNQUALIFIED_RATE,SIMULATED
19949,Forest Light Trading,DATA PARTNERS,202601,13395.34,12055.81,1339.53,0.9,PENDING,BANK_TRANSFER,,,SIMULATED
115058,Juniper Bridge Trading,CONNECT HUB,202601,13395.34,12055.81,1339.53,0.9,PENDING,MTN_INTERNAL_SETTLEMENT,,,SIMULATED
281061,Linden Field Communications,PENTAGON FRANCHISE,202601,13395.319999999998,12055.79,1339.53,0.9,PENDING,BANK_TRANSFER,,,SIMULATED
337058,Oak Reach Trading,PENTAGON FRANCHISE,202601,13239.07,11915.16,1323.91,0.9,PENDING,BANK_TRANSFER,,,SIMULATED
349081,Harbor Stream Networks,PENTAGON FRANCHISE,202601,13239.05,11915.15,1323.9,0.9,PENDING,BANK_TRANSFER,,,SIMULATED
355063,Quartz Park Trading,PENTAGON FRANCHISE,202601,13239.049999999997,11915.14,1323.91,0.9,PENDING,BANK_TRANSFER,,,SIMULATED
19763,Juniper Moon Networks,DATA PARTNERS,202601,12976.75,11679.08,1297.67,0.9,PENDING,BANK_TRANSFER,,,SIMULATED
291068,Forest Glen Trading,PENTAGON FRANCHISE,202601,12976.75,11679.08,1297.67,0.9,PENDING,BANK_TRANSFER,,,SIMULATED
19918,Sunset Path Trading,CONNECT STORES,202601,12976.71,11679.04,1297.67,0.9,PENDING,MTN_INTERNAL_SETTLEMENT,,,SIMULATED
360064,Flint Crest Trading,PENTAGON FRANCHISE,202601,12976.71,11679.04,1297.67,0.9,PENDING,BANK_TRANSFER,,,SIMULATED
19323,Ember Coast Trading,DEALER,202601,12976.71,11679.04,1297.67,0.9,PENDING,BANK_TRANSFER,,,SIMULATED
294062,River Brook Trading,PENTAGON FRANCHISE,202601,12976.71,11679.04,1297.67,0.9,PENDING,BANK_TRANSFER,,,SIMULATED
63049,Sunset Reach Trading,DATA PARTNERS,202601,12976.71,11679.04,1297.67,0.9,PENDING,BANK_TRANSFER,,,SIMULATED
19668,Fern Horizon Ventures,DATA PARTNERS,202601,12976.709999999997,11679.04,1297.67,0.9,PENDING,BANK_TRANSFER,,,SIMULATED
365116,Meadow Peak Ventures,PENTAGON FRANCHISE,202601,12820.46,11538.41,1282.05,0.9,PENDING,BANK_TRANSFER,,,SIMULATED
379096,Meadow Path Ventures,PENTAGON FRANCHISE,202601,12820.46,11538.41,1282.05,0.9,PENDING,BANK_TRANSFER,,,SIMULATED
392087,Fern Point Networks,PENTAGON FRANCHISE,202601,12820.46,11538.41,1282.05,0.9,PENDING,BANK_TRANSFER,,,SIMULATED
280063,Jade Point Ventures,PENTAGON FRANCHISE,202601,12558.14,11302.33,1255.81,0.9,PENDING,BANK_TRANSFER,,,SIMULATED
365083,Meadow Wood Ventures,PENTAGON FRANCHISE,202601,12558.099999999999,11302.29,1255.81,0.9,PENDING,BANK_TRANSFER,,,SIMULATED
344060,Pearl Grove Trading,PENTAGON FRANCHISE,202601,12558.099999999999,11302.29,1255.81,0.9,PENDING,BANK_TRANSFER,,,SIMULATED
311074,Linden Park Communications,PENTAGON FRANCHISE,202601,12558.099999999999,11302.29,1255.81,0.9,PENDING,BANK_TRANSFER,,,SIMULATED
19772,Quartz Stone Networks,DATA PARTNERS,202601,12558.099999999999,11302.29,1255.81,0.9,PENDING,BANK_TRANSFER,,,SIMULATED
19393,Pine Lake Ventures,CONNECT STORES,202601,12558.099999999999,11302.29,1255.81,0.9,PENDING,MTN_INTERNAL_SETTLEMENT,,,SIMULATED
21252,Dawn Delta Networks,ENTERPRISE BUSINESS,202601,12558.099999999999,11302.29,1255.81,0.9,PENDING,BANK_TRANSFER,,,SIMULATED
206054,Orchid Crown Communications,FIXED BROADBAND,202601,12558.099999999997,11302.29,1255.81,0.9,PENDING,BANK_TRANSFER,,,SIMULATED
388070,Pearl Star Trading,PENTAGON FRANCHISE,202601,12401.85,11161.67,1240.18,0.9,PENDING,BANK_TRANSFER,,,SIMULATED
358069,Ivory Bridge Networks,PENTAGON FRANCHISE,202601,12401.849999999999,11161.66,1240.19,0.9,PENDING,BANK_TRANSFER,,,SIMULATED
365122,Laurel Isle Communications,PENTAGON FRANCHISE,202601,12401.849999999999,11161.66,1240.19,0.9,PENDING,BANK_TRANSFER,,,SIMULATED
45024,Crystal Wind Ventures,DATA PARTNERS,202601,12139.529999999999,10925.58,1213.95,0.9,PENDING,BANK_TRANSFER,,,SIMULATED
396095,Ivory Stone Ventures,FIXED BROADBAND,202601,12139.51,7283.71,4855.8,0.6,PARTIALLY_PAID,BANK_TRANSFER,2026-03-02,HIGH_UNQUALIFIED_RATE,SIMULATED
345068,Ocean Coast Communications,PENTAGON FRANCHISE,202601,12139.51,10925.56,1213.95,0.9,PENDING,BANK_TRANSFER,,,SIMULATED
365110,Golden Star Ventures,PENTAGON FRANCHISE,202601,12139.51,10925.56,1213.95,0.9,PENDING,BANK_TRANSFER,,,SIMULATED
19917,Sunset Path Trading,CONNECT STORES,202601,11983.24,7189.94,4793.3,0.6,PARTIALLY_PAID,MTN_INTERNAL_SETTLEMENT,2026-03-02,HIGH_UNQUALIFIED_RATE,SIMULATED
311066,Meadow Grove Networks,PENTAGON FRANCHISE,202601,11983.24,10784.92,1198.32,0.9,PENDING,BANK_TRANSFER,,,SIMULATED
365075,Swift Ridge Ventures,PENTAGON FRANCHISE,202601,11983.239999999998,10784.92,1198.32,0.9,PENDING,BANK_TRANSFER,,,SIMULATED
337075,Sage Crown Ventures,PENTAGON FRANCHISE,202601,11983.239999999998,10784.92,1198.32,0.9,PENDING,BANK_TRANSFER,,,SIMULATED
282053,Swift Moon Communications,ENTERPRISE BUSINESS,202601,11720.9,10548.81,1172.09,0.9,PENDING,BANK_TRANSFER,,,SIMULATED
19879,Laurel Crown Networks,CONNECT STORES,202601,11720.9,7032.54,4688.36,0.6,PARTIALLY_PAID,MTN_INTERNAL_SETTLEMENT,2026-03-02,HIGH_UNQUALIFIED_RATE,SIMULATED
19485,Topaz Shore Ventures,DATA PARTNERS,202601,11720.9,10548.81,1172.09,0.9,PENDING,BANK_TRANSFER,,,SIMULATED
379086,Fern Dale Ventures,PENTAGON FRANCHISE,202601,11564.65,10408.18,1156.47,0.9,PENDING,BANK_TRANSFER,,,SIMULATED
412111,Topaz Isle Networks,PENTAGON FRANCHISE,202601,11564.65,10408.18,1156.47,0.9,PENDING,BANK_TRANSFER,,,SIMULATED
365089,Azure Valley Networks,PENTAGON FRANCHISE,202601,11302.33,10172.1,1130.23,0.9,PENDING,BANK_TRANSFER,,,SIMULATED
19680,Indigo Wave Ventures,DATA PARTNERS,202601,11302.310000000001,10172.08,1130.23,0.9,PENDING,BANK_TRANSFER,,,SIMULATED
20031,Dawn Spring Communications,DATA PARTNERS,202601,11302.31,10172.08,1130.23,0.9,PENDING,BANK_TRANSFER,,,SIMULATED
19787,Maple Wave Networks,CONNECT STORES,202601,11302.31,10172.08,1130.23,0.9,PENDING,MTN_INTERNAL_SETTLEMENT,,,SIMULATED
19807,Winter Wave Trading,DATA PARTNERS,202601,11302.31,10172.08,1130.23,0.9,PENDING,BANK_TRANSFER,,,SIMULATED
349085,Cedar Bay Trading,ENTERPRISE BUSINESS,202601,11302.31,10172.08,1130.23,0.9,PENDING,BANK_TRANSFER,,,SIMULATED
19625,Topaz Coast Communications,CONNECT STORES,202601,11302.289999999999,10172.06,1130.23,0.9,PENDING,MTN_INTERNAL_SETTLEMENT,,,SIMULATED
295082,Harbor Grove Networks,PENTAGON FRANCHISE,202601,11302.289999999999,10172.06,1130.23,0.9,PENDING,BANK_TRANSFER,,,SIMULATED
416142,Orchid Sky Communications,ENTERPRISE BUSINESS,202601,11302.289999999999,10172.06,1130.23,0.9,PENDING,BANK_TRANSFER,,,SIMULATED
19663,Jade View Trading,DATA PARTNERS,202601,11302.289999999999,10172.06,1130.23,0.9,PENDING,BANK_TRANSFER,,,SIMULATED
319063,Willow Shore Communications,PENTAGON FRANCHISE,202601,11302.289999999999,10172.06,1130.23,0.9,PENDING,BANK_TRANSFER,,,SIMULATED
19365,Jade Point Trading,CONNECT STORES,202601,11302.289999999999,6781.37,4520.92,0.6,PARTIALLY_PAID,MTN_INTERNAL_SETTLEMENT,2026-03-02,HIGH_UNQUALIFIED_RATE,SIMULATED
332065,Coral Crest Communications,PENTAGON FRANCHISE,202601,11302.289999999999,10172.06,1130.23,0.9,PENDING,BANK_TRANSFER,,,SIMULATED
338060,Indigo Bridge Communications,PENTAGON FRANCHISE,202601,11302.289999999999,10172.06,1130.23,0.9,PENDING,BANK_TRANSFER,,,SIMULATED
19391,Olive Gate Trading,DATA PARTNERS,202601,11302.289999999999,10172.06,1130.23,0.9,PENDING,BANK_TRANSFER,,,SIMULATED
393085,Laurel Lake Trading,PENTAGON FRANCHISE,202601,11146.039999999999,10031.44,1114.6,0.9,PENDING,BANK_TRANSFER,,,SIMULATED
73036,River Field Trading,DATA PARTNERS,202601,10883.72,9795.35,1088.37,0.9,PENDING,BANK_TRANSFER,,,SIMULATED
365103,Pine Valley Ventures,PENTAGON FRANCHISE,202601,10883.72,9795.35,1088.37,0.9,PENDING,BANK_TRANSFER,,,SIMULATED
61028,Oak Leaf Communications,DATA PARTNERS,202601,10883.7,9795.33,1088.37,0.9,PENDING,BANK_TRANSFER,,,SIMULATED
19417,Indigo Path Ventures,DATA PARTNERS,202601,10883.699999999999,9795.33,1088.37,0.9,PENDING,BANK_TRANSFER,,,SIMULATED
19497,Teal Isle Trading,CONNECT STORES,202601,10883.699999999999,9795.33,1088.37,0.9,PENDING,MTN_INTERNAL_SETTLEMENT,,,SIMULATED
380078,Meadow Haven Networks,PENTAGON FRANCHISE,202601,10727.43,9654.69,1072.74,0.9,PENDING,BANK_TRANSFER,,,SIMULATED
323081,Flint Horizon Ventures,PENTAGON FRANCHISE,202601,10727.429999999998,9654.69,1072.74,0.9,PENDING,BANK_TRANSFER,,,SIMULATED
360060,Oak Horizon Trading,PENTAGON FRANCHISE,202601,10727.429999999998,9654.69,1072.74,0.9,PENDING,BANK_TRANSFER,,,SIMULATED
19693,Maple Meadow Trading,DEALER,202601,10465.09,9418.58,1046.51,0.9,PENDING,BANK_TRANSFER,,,SIMULATED
311075,Maple Port Networks,PENTAGON FRANCHISE,202601,10465.09,9418.58,1046.51,0.9,PENDING,BANK_TRANSFER,,,SIMULATED
337072,Meadow Haven Trading,PENTAGON FRANCHISE,202601,10046.5,9041.85,1004.65,0.9,PENDING,BANK_TRANSFER,,,SIMULATED
19629,Coral Point Ventures,CONNECT STORES,202601,10046.5,6027.9,4018.6,0.6,PARTIALLY_PAID,MTN_INTERNAL_SETTLEMENT,2026-03-02,HIGH_UNQUALIFIED_RATE,SIMULATED
19515,Hazel Moon Networks,DATA PARTNERS,202601,10046.499999999998,9041.85,1004.65,0.9,PENDING,BANK_TRANSFER,,,SIMULATED
19525,Maple Isle Ventures,DATA PARTNERS,202601,10046.48,9041.83,1004.65,0.9,PENDING,BANK_TRANSFER,,,SIMULATED
357058,Willow Wave Communications,PENTAGON FRANCHISE,202601,10046.48,6027.89,4018.59,0.6,PARTIALLY_PAID,BANK_TRANSFER,2026-03-02,HIGH_UNQUALIFIED_RATE,SIMULATED
159043,Aspen Sky Trading,CONNECT HUB,202601,10046.48,9041.83,1004.65,0.9,PENDING,MTN_INTERNAL_SETTLEMENT,,,SIMULATED
19351,Sage Glen Ventures,CONNECT STORES,202601,10046.48,9041.83,1004.65,0.9,PENDING,MTN_INTERNAL_SETTLEMENT,,,SIMULATED
411126,Teal Crown Communications,PENTAGON FRANCHISE,202601,10046.48,9041.83,1004.65,0.9,PENDING,BANK_TRANSFER,,,SIMULATED
322074,Crystal Stone Networks,PENTAGON FRANCHISE,202601,10046.479999999998,9041.83,1004.65,0.9,PENDING,BANK_TRANSFER,,,SIMULATED
19788,Maple Wave Networks,CONNECT STORES,202601,9890.23,8901.21,989.02,0.9,PENDING,MTN_INTERNAL_SETTLEMENT,,,SIMULATED
365128,Amber View Ventures,PENTAGON FRANCHISE,202601,9890.23,8901.21,989.02,0.9,PENDING,BANK_TRANSFER,,,SIMULATED
430151,Willow Bridge Trading,PENTAGON FRANCHISE,202601,9890.23,8901.21,989.02,0.9,PENDING,BANK_TRANSFER,,,SIMULATED
19339,Sunset Stone Networks,DATA PARTNERS,202601,9627.91,8665.12,962.79,0.9,PENDING,BANK_TRANSFER,,,SIMULATED
19920,Sunset Path Trading,CONNECT STORES,202601,9627.91,8665.12,962.79,0.9,PENDING,MTN_INTERNAL_SETTLEMENT,,,SIMULATED
19551,Stone Peak Networks,DATA PARTNERS,202601,9627.91,8665.12,962.79,0.9,PENDING,BANK_TRANSFER,,,SIMULATED
19937,Topaz Wind Ventures,DATA PARTNERS,202601,9627.89,8665.1,962.79,0.9,PENDING,BANK_TRANSFER,,,SIMULATED
295093,Rowan Bridge Networks,PENTAGON FRANCHISE,202601,9627.889999999998,8665.1,962.79,0.9,PENDING,BANK_TRANSFER,,,SIMULATED
356077,Golden Moon Networks,PENTAGON FRANCHISE,202601,9471.619999999999,8524.46,947.16,0.9,PENDING,BANK_TRANSFER,,,SIMULATED
295083,Sunset Crest Communications,PENTAGON FRANCHISE,202601,9471.619999999999,8524.46,947.16,0.9,PENDING,BANK_TRANSFER,,,SIMULATED
377077,Opal Summit Communications,PENTAGON FRANCHISE,202601,9471.619999999999,8524.46,947.16,0.9,PENDING,BANK_TRANSFER,,,SIMULATED
109031,Sage Glen Trading,ENTERPRISE BUSINESS,202601,9209.3,8288.37,920.93,0.9,PENDING,BANK_TRANSFER,,,SIMULATED
294092,Linden Lake Ventures,PENTAGON FRANCHISE,202601,9209.3,8288.37,920.93,0.9,PENDING,BANK_TRANSFER,,,SIMULATED
50046,Maple Wind Communications,DATA PARTNERS,202601,9209.3,8288.37,920.93,0.9,PENDING,BANK_TRANSFER,,,SIMULATED
345069,Linden Leaf Networks,PENTAGON FRANCHISE,202601,9209.279999999999,8288.35,920.93,0.9,PENDING,BANK_TRANSFER,,,SIMULATED
294132,Willow Isle Ventures,PENTAGON FRANCHISE,202601,9209.279999999999,8288.35,920.93,0.9,PENDING,BANK_TRANSFER,,,SIMULATED
357098,Fern Meadow Ventures,PENTAGON FRANCHISE,202601,8790.69,7911.62,879.07,0.9,PENDING,BANK_TRANSFER,,,SIMULATED
311072,Coral View Communications,PENTAGON FRANCHISE,202601,8790.69,7911.62,879.07,0.9,PENDING,BANK_TRANSFER,,,SIMULATED
19960,Meadow Wind Networks,CONNECT STORES,202601,8790.69,7911.62,879.07,0.9,PENDING,MTN_INTERNAL_SETTLEMENT,,,SIMULATED
71045,Ivory Bay Ventures,DATA PARTNERS,202601,8790.689999999999,7911.62,879.07,0.9,PENDING,BANK_TRANSFER,,,SIMULATED
413171,Jade Lake Communications,CONNECT HUB,202601,8790.67,7911.6,879.07,0.9,PENDING,MTN_INTERNAL_SETTLEMENT,,,SIMULATED
19328,Golden Dale Communications,DEALER,202601,8790.669999999998,7911.6,879.07,0.9,PENDING,BANK_TRANSFER,,,SIMULATED
335061,Teal Vale Trading,PENTAGON FRANCHISE,202601,8790.669999999998,7911.6,879.07,0.9,PENDING,BANK_TRANSFER,,,SIMULATED
294129,River Isle Ventures,PENTAGON FRANCHISE,202601,8790.669999999998,7911.6,879.07,0.9,PENDING,BANK_TRANSFER,,,SIMULATED
255048,Quartz Delta Ventures,PENTAGON FRANCHISE,202601,8790.669999999998,7911.6,879.07,0.9,PENDING,BANK_TRANSFER,,,SIMULATED
19630,Coral Point Ventures,CONNECT STORES,202601,8372.08,5023.25,3348.83,0.6,PARTIALLY_PAID,MTN_INTERNAL_SETTLEMENT,2026-03-02,HIGH_UNQUALIFIED_RATE,SIMULATED
413181,Teal Dale Networks,ENTERPRISE BUSINESS,202601,8372.08,7534.87,837.21,0.9,PENDING,BANK_TRANSFER,,,SIMULATED
414142,Juniper Valley Communications,ENTERPRISE BUSINESS,202601,8215.81,4929.49,3286.32,0.6,PARTIALLY_PAID,BANK_TRANSFER,2026-03-02,HIGH_UNQUALIFIED_RATE,SIMULATED
314064,Aspen Peak Ventures,PENTAGON FRANCHISE,202601,8215.81,7394.23,821.58,0.9,PENDING,BANK_TRANSFER,,,SIMULATED
361066,Raven Summit Ventures,PENTAGON FRANCHISE,202601,8215.81,7394.23,821.58,0.9,PENDING,BANK_TRANSFER,,,SIMULATED
367073,Aspen Grove Trading,PENTAGON FRANCHISE,202601,8215.81,7394.23,821.58,0.9,PENDING,BANK_TRANSFER,,,SIMULATED
423146,Orchid Bridge Ventures,PENTAGON FRANCHISE,202601,8215.81,7394.23,821.58,0.9,PENDING,BANK_TRANSFER,,,SIMULATED
358059,Stone View Ventures,PENTAGON FRANCHISE,202601,8215.81,7394.23,821.58,0.9,PENDING,BANK_TRANSFER,,,SIMULATED
19492,Meadow View Networks,CONNECT STORES,202601,8215.81,7394.23,821.58,0.9,PENDING,MTN_INTERNAL_SETTLEMENT,,,SIMULATED
382116,Raven Meadow Networks,PENTAGON FRANCHISE,202601,8215.81,7394.23,821.58,0.9,PENDING,BANK_TRANSFER,,,SIMULATED
409090,Cedar Isle Ventures,PENTAGON FRANCHISE,202601,8215.81,7394.23,821.58,0.9,PENDING,BANK_TRANSFER,,,SIMULATED
411113,Jade Port Ventures,PENTAGON FRANCHISE,202601,8215.81,7394.23,821.58,0.9,PENDING,BANK_TRANSFER,,,SIMULATED
19830,Birch Meadow Trading,DEALER,202601,8215.81,7394.23,821.58,0.9,PENDING,BANK_TRANSFER,,,SIMULATED
303070,Willow Crown Communications,PENTAGON FRANCHISE,202601,8215.81,4929.49,3286.32,0.6,PARTIALLY_PAID,BANK_TRANSFER,2026-03-02,HIGH_UNQUALIFIED_RATE,SIMULATED
19431,Ivory Delta Ventures,CONNECT STORES,202601,7953.469999999999,4772.08,3181.39,0.6,PARTIALLY_PAID,MTN_INTERNAL_SETTLEMENT,2026-03-02,HIGH_UNQUALIFIED_RATE,SIMULATED
19985,Orchid Wood Ventures,DATA PARTNERS,202601,7953.469999999999,7158.12,795.35,0.9,PENDING,BANK_TRANSFER,,,SIMULATED
347058,River Isle Networks,DEALER,202601,7953.469999999999,7158.12,795.35,0.9,PENDING,BANK_TRANSFER,,,SIMULATED
27023,Ivory Valley Networks,DATA PARTNERS,202601,7953.469999999999,7158.12,795.35,0.9,PENDING,BANK_TRANSFER,,,SIMULATED
284086,Stone Brook Communications,PENTAGON FRANCHISE,202601,7534.88,6781.39,753.49,0.9,PENDING,BANK_TRANSFER,,,SIMULATED
19441,Olive Path Trading,DATA PARTNERS,202601,7534.879999999999,4520.93,3013.95,0.6,PARTIALLY_PAID,BANK_TRANSFER,2026-03-02,HIGH_UNQUALIFIED_RATE,SIMULATED
365081,Spruce Grove Ventures,PENTAGON FRANCHISE,202601,7534.879999999999,6781.39,753.49,0.9,PENDING,BANK_TRANSFER,,,SIMULATED
299073,Laurel Shore Trading,PENTAGON FRANCHISE,202601,7534.879999999999,6781.39,753.49,0.9,PENDING,BANK_TRANSFER,,,SIMULATED
19370,Jade Point Trading,CONNECT STORES,202601,7534.86,4520.92,3013.94,0.6,PARTIALLY_PAID,MTN_INTERNAL_SETTLEMENT,2026-03-02,HIGH_UNQUALIFIED_RATE,SIMULATED
357073,Harbor Shore Communications,PENTAGON FRANCHISE,202601,7534.859999999999,6781.37,753.49,0.9,PENDING,BANK_TRANSFER,,,SIMULATED
287072,Aspen Glen Communications,PENTAGON FRANCHISE,202601,7534.859999999999,6781.37,753.49,0.9,PENDING,BANK_TRANSFER,,,SIMULATED
322061,Hazel Wood Communications,PENTAGON FRANCHISE,202601,7534.859999999999,6781.37,753.49,0.9,PENDING,BANK_TRANSFER,,,SIMULATED
19454,Hazel Hill Ventures,DATA PARTNERS,202601,7534.859999999999,6781.37,753.49,0.9,PENDING,BANK_TRANSFER,,,SIMULATED
327087,Meadow Bay Communications,PENTAGON FRANCHISE,202601,7534.859999999999,6781.37,753.49,0.9,PENDING,BANK_TRANSFER,,,SIMULATED
19681,Forest Vale Communications,CONNECT STORES,202601,7534.859999999999,4520.92,3013.94,0.6,PARTIALLY_PAID,MTN_INTERNAL_SETTLEMENT,2026-03-02,HIGH_UNQUALIFIED_RATE,SIMULATED
406084,Hazel Point Ventures,PENTAGON FRANCHISE,202601,7534.859999999999,6781.37,753.49,0.9,PENDING,BANK_TRANSFER,,,SIMULATED
294075,Fern Meadow Ventures,ENTERPRISE BUSINESS,202601,7116.27,6404.64,711.63,0.9,PENDING,BANK_TRANSFER,,,SIMULATED
19384,Pearl Park Trading,DEALER,202601,7116.269999999999,6404.64,711.63,0.9,PENDING,BANK_TRANSFER,,,SIMULATED
19742,Indigo Crown Networks,CONNECT STORES,202601,7116.269999999999,6404.64,711.63,0.9,PENDING,MTN_INTERNAL_SETTLEMENT,,,SIMULATED
357066,Winter Point Trading,PENTAGON FRANCHISE,202601,7116.269999999999,4269.76,2846.51,0.6,PARTIALLY_PAID,BANK_TRANSFER,2026-03-02,HIGH_UNQUALIFIED_RATE,SIMULATED
334061,Juniper Moon Networks,PENTAGON FRANCHISE,202601,6697.68,6027.91,669.77,0.9,PENDING,BANK_TRANSFER,,,SIMULATED
347060,Willow Bridge Trading,ENTERPRISE BUSINESS,202601,6697.68,6027.91,669.77,0.9,PENDING,BANK_TRANSFER,,,SIMULATED
19475,Fern Coast Trading,DEALER,202601,6697.66,6027.89,669.77,0.9,PENDING,BANK_TRANSFER,,,SIMULATED
365126,Birch Stone Trading,PENTAGON FRANCHISE,202601,6697.66,6027.89,669.77,0.9,PENDING,BANK_TRANSFER,,,SIMULATED
19694,Maple Meadow Trading,DEALER,202601,6697.66,6027.89,669.77,0.9,PENDING,BANK_TRANSFER,,,SIMULATED
19678,Quartz Dale Ventures,DATA PARTNERS,202601,6697.66,6027.89,669.77,0.9,PENDING,BANK_TRANSFER,,,SIMULATED
322066,Winter Shore Trading,PENTAGON FRANCHISE,202601,6697.66,6027.89,669.77,0.9,PENDING,BANK_TRANSFER,,,SIMULATED
21284,Ember Coast Trading,DEALER,202601,6697.66,6027.89,669.77,0.9,PENDING,BANK_TRANSFER,,,SIMULATED
306060,Orchid Stone Networks,PENTAGON FRANCHISE,202601,6697.66,6027.89,669.77,0.9,PENDING,BANK_TRANSFER,,,SIMULATED
19397,Dawn Delta Ventures,DATA PARTNERS,202601,6697.66,6027.89,669.77,0.9,PENDING,BANK_TRANSFER,,,SIMULATED
337061,Fern Light Ventures,PENTAGON FRANCHISE,202601,6697.66,6027.89,669.77,0.9,PENDING,BANK_TRANSFER,,,SIMULATED
240049,Pearl Port Communications,ENTERPRISE BUSINESS,202601,6697.66,6027.89,669.77,0.9,PENDING,BANK_TRANSFER,,,SIMULATED
329069,Elm Glen Networks,PENTAGON FRANCHISE,202601,6279.07,5651.16,627.91,0.9,PENDING,BANK_TRANSFER,,,SIMULATED
357068,Ruby Sky Trading,PENTAGON FRANCHISE,202601,6279.07,5651.16,627.91,0.9,PENDING,BANK_TRANSFER,,,SIMULATED
52023,Birch Delta Communications,DATA PARTNERS,202601,6279.07,5651.16,627.91,0.9,PENDING,BANK_TRANSFER,,,SIMULATED
408090,Amber Dale Communications,PENTAGON FRANCHISE,202601,6279.07,5651.16,627.91,0.9,PENDING,BANK_TRANSFER,,,SIMULATED
19783,Raven Isle Communications,DEALER,202601,6279.049999999999,5651.14,627.91,0.9,PENDING,BANK_TRANSFER,,,SIMULATED
377071,Ivory Wave Networks,PENTAGON FRANCHISE,202601,6279.049999999999,5651.14,627.91,0.9,PENDING,BANK_TRANSFER,,,SIMULATED
284085,Quartz Trail Communications,PENTAGON FRANCHISE,202601,6279.049999999999,5651.14,627.91,0.9,PENDING,BANK_TRANSFER,,,SIMULATED
327084,Orchid Grove Communications,PENTAGON FRANCHISE,202601,6279.049999999999,5651.14,627.91,0.9,PENDING,BANK_TRANSFER,,,SIMULATED
341076,Linden Park Communications,PENTAGON FRANCHISE,202601,6279.049999999999,5651.14,627.91,0.9,PENDING,BANK_TRANSFER,,,SIMULATED
409089,Quartz Leaf Communications,PENTAGON FRANCHISE,202601,6279.049999999999,5651.14,627.91,0.9,PENDING,BANK_TRANSFER,,,SIMULATED
287074,Raven Point Ventures,PENTAGON FRANCHISE,202601,6279.049999999999,5651.14,627.91,0.9,PENDING,BANK_TRANSFER,,,SIMULATED
269055,Linden Star Ventures,PENTAGON FRANCHISE,202601,6279.049999999999,5651.14,627.91,0.9,PENDING,BANK_TRANSFER,,,SIMULATED
344064,Silver Shore Networks,PENTAGON FRANCHISE,202601,6279.049999999999,5651.14,627.91,0.9,PENDING,BANK_TRANSFER,,,SIMULATED
392085,Ocean Crest Communications,PENTAGON FRANCHISE,202601,6279.049999999999,5651.14,627.91,0.9,PENDING,BANK_TRANSFER,,,SIMULATED
19673,Rowan View Ventures,CONNECT STORES,202601,6279.049999999999,3767.43,2511.62,0.6,PARTIALLY_PAID,MTN_INTERNAL_SETTLEMENT,2026-03-02,HIGH_UNQUALIFIED_RATE,SIMULATED
65034,Topaz Bridge Trading,CONNECT HUB,202601,6279.049999999999,5651.14,627.91,0.9,PENDING,MTN_INTERNAL_SETTLEMENT,,,SIMULATED
390078,Birch Horizon Ventures,PENTAGON FRANCHISE,202601,6279.049999999999,5651.14,627.91,0.9,PENDING,BANK_TRANSFER,,,SIMULATED
345065,Aspen Moon Communications,PENTAGON FRANCHISE,202601,6279.049999999999,5651.14,627.91,0.9,PENDING,BANK_TRANSFER,,,SIMULATED
19341,Stone Wind Communications,CONNECT STORES,202601,6279.049999999999,5651.14,627.91,0.9,PENDING,MTN_INTERNAL_SETTLEMENT,,,SIMULATED
146041,Oak Crest Networks,CONNECT HUB,202601,5860.46,5274.41,586.05,0.9,PENDING,MTN_INTERNAL_SETTLEMENT,,,SIMULATED
19963,River Star Communications,DATA PARTNERS,202601,5860.46,5274.41,586.05,0.9,PENDING,BANK_TRANSFER,,,SIMULATED
19560,Spruce Bridge Communications,CONNECT STORES,202601,5860.46,5274.41,586.05,0.9,PENDING,MTN_INTERNAL_SETTLEMENT,,,SIMULATED
19936,Azure Reach Networks,DATA PARTNERS,202601,5860.46,5274.41,586.05,0.9,PENDING,BANK_TRANSFER,,,SIMULATED
19661,Coral Haven Networks,DEALER,202601,5860.459999999999,5274.41,586.05,0.9,PENDING,BANK_TRANSFER,,,SIMULATED
294066,Coral Trail Networks,PENTAGON FRANCHISE,202601,5860.459999999999,5274.41,586.05,0.9,PENDING,BANK_TRANSFER,,,SIMULATED
360058,Pearl Valley Trading,PENTAGON FRANCHISE,202601,5441.85,4897.67,544.18,0.9,PENDING,BANK_TRANSFER,,,SIMULATED
240048,Maple Port Ventures,ENTERPRISE BUSINESS,202601,5441.85,4897.67,544.18,0.9,PENDING,BANK_TRANSFER,,,SIMULATED
357093,Meadow Crown Communications,PENTAGON FRANCHISE,202601,5441.85,4897.67,544.18,0.9,PENDING,BANK_TRANSFER,,,SIMULATED
19751,Teal Beacon Communications,DATA PARTNERS,202601,5441.85,4897.67,544.18,0.9,PENDING,BANK_TRANSFER,,,SIMULATED
19349,Sage Glen Ventures,CONNECT STORES,202601,5441.85,4897.67,544.18,0.9,PENDING,MTN_INTERNAL_SETTLEMENT,,,SIMULATED
355066,Elm Shore Networks,PENTAGON FRANCHISE,202601,5441.85,4897.67,544.18,0.9,PENDING,BANK_TRANSFER,,,SIMULATED
294090,Coral Summit Networks,PENTAGON FRANCHISE,202601,5441.85,4897.67,544.18,0.9,PENDING,BANK_TRANSFER,,,SIMULATED
19471,Harbor Grove Networks,DEALER,202601,5441.85,4897.67,544.18,0.9,PENDING,BANK_TRANSFER,,,SIMULATED
19871,Meadow Horizon Trading,DEALER,202601,5441.85,4897.67,544.18,0.9,PENDING,BANK_TRANSFER,,,SIMULATED
357071,Spruce Light Communications,PENTAGON FRANCHISE,202601,5441.85,4897.67,544.18,0.9,PENDING,BANK_TRANSFER,,,SIMULATED
346061,Winter Ridge Ventures,PENTAGON FRANCHISE,202601,5441.85,4897.67,544.18,0.9,PENDING,BANK_TRANSFER,,,SIMULATED
323080,Hazel Crown Networks,PENTAGON FRANCHISE,202601,5441.85,4897.67,544.18,0.9,PENDING,BANK_TRANSFER,,,SIMULATED
126031,Meadow Bay Communications,ENTERPRISE BUSINESS,202601,5441.85,4897.67,544.18,0.9,PENDING,BANK_TRANSFER,,,SIMULATED
344062,Spruce Field Communications,PENTAGON FRANCHISE,202601,5023.26,4520.93,502.33,0.9,PENDING,BANK_TRANSFER,,,SIMULATED
365108,Laurel Glen Trading,PENTAGON FRANCHISE,202601,5023.26,4520.93,502.33,0.9,PENDING,BANK_TRANSFER,,,SIMULATED
115034,Flint Grove Trading,CONNECT HUB,202601,5023.26,4520.93,502.33,0.9,PENDING,MTN_INTERNAL_SETTLEMENT,,,SIMULATED
356066,Laurel Point Networks,PENTAGON FRANCHISE,202601,5023.26,4520.93,502.33,0.9,PENDING,BANK_TRANSFER,,,SIMULATED
19862,Olive Moon Ventures,CONNECT STORES,202601,5023.26,4520.93,502.33,0.9,PENDING,MTN_INTERNAL_SETTLEMENT,,,SIMULATED
366072,Spruce Reach Ventures,PENTAGON FRANCHISE,202601,5023.26,4520.93,502.33,0.9,PENDING,BANK_TRANSFER,,,SIMULATED
353065,Azure Spring Trading,PENTAGON FRANCHISE,202601,5023.26,4520.93,502.33,0.9,PENDING,BANK_TRANSFER,,,SIMULATED
349080,Topaz Glen Communications,PENTAGON FRANCHISE,202601,5023.24,4520.92,502.32,0.9,PENDING,BANK_TRANSFER,,,SIMULATED
341064,River Park Networks,PENTAGON FRANCHISE,202601,5023.24,4520.92,502.32,0.9,PENDING,BANK_TRANSFER,,,SIMULATED
358073,Dawn Path Trading,PENTAGON FRANCHISE,202601,5023.24,4520.92,502.32,0.9,PENDING,BANK_TRANSFER,,,SIMULATED
349071,Birch Delta Trading,PENTAGON FRANCHISE,202601,5023.24,4520.92,502.32,0.9,PENDING,BANK_TRANSFER,,,SIMULATED
342075,Ruby Glen Trading,PENTAGON FRANCHISE,202601,5023.24,4520.92,502.32,0.9,PENDING,BANK_TRANSFER,,,SIMULATED
311058,Quartz Star Ventures,PENTAGON FRANCHISE,202601,5023.24,4520.92,502.32,0.9,PENDING,BANK_TRANSFER,,,SIMULATED
413175,Ruby Hill Ventures,PENTAGON FRANCHISE,202601,5023.24,4520.92,502.32,0.9,PENDING,BANK_TRANSFER,,,SIMULATED
296077,River Star Communications,PENTAGON FRANCHISE,202601,5023.24,4520.92,502.32,0.9,PENDING,BANK_TRANSFER,,,SIMULATED
357067,Teal Meadow Networks,PENTAGON FRANCHISE,202601,5023.24,3013.94,2009.3,0.6,PARTIALLY_PAID,BANK_TRANSFER,2026-03-02,HIGH_UNQUALIFIED_RATE,SIMULATED
360063,Teal Ridge Ventures,PENTAGON FRANCHISE,202601,5023.24,4520.92,502.32,0.9,PENDING,BANK_TRANSFER,,,SIMULATED
19519,Ember Point Trading,CONNECT STORES,202601,5023.24,4520.92,502.32,0.9,PENDING,MTN_INTERNAL_SETTLEMENT,,,SIMULATED
349069,Indigo Wind Trading,PENTAGON FRANCHISE,202601,5023.24,3013.94,2009.3,0.6,PARTIALLY_PAID,BANK_TRANSFER,2026-03-02,HIGH_UNQUALIFIED_RATE,SIMULATED
306061,Hazel Leaf Communications,PENTAGON FRANCHISE,202601,5023.24,4520.92,502.32,0.9,PENDING,BANK_TRANSFER,,,SIMULATED
341061,Hazel Park Communications,PENTAGON FRANCHISE,202601,5023.24,4520.92,502.32,0.9,PENDING,BANK_TRANSFER,,,SIMULATED
344059,Dawn Wave Ventures,PENTAGON FRANCHISE,202601,5023.24,4520.92,502.32,0.9,PENDING,BANK_TRANSFER,,,SIMULATED
314062,Crystal Isle Ventures,PENTAGON FRANCHISE,202601,5023.24,4520.92,502.32,0.9,PENDING,BANK_TRANSFER,,,SIMULATED
341068,Ruby Meadow Networks,PENTAGON FRANCHISE,202601,5023.24,4520.92,502.32,0.9,PENDING,BANK_TRANSFER,,,SIMULATED
319060,Teal Grove Networks,PENTAGON FRANCHISE,202601,5023.24,4520.92,502.32,0.9,PENDING,BANK_TRANSFER,,,SIMULATED
349089,Coral Reach Trading,ENTERPRISE BUSINESS,202601,5023.24,4520.92,502.32,0.9,PENDING,BANK_TRANSFER,,,SIMULATED
350072,Meadow Light Networks,PENTAGON FRANCHISE,202601,5023.24,4520.92,502.32,0.9,PENDING,BANK_TRANSFER,,,SIMULATED
377072,Crystal Bridge Ventures,PENTAGON FRANCHISE,202601,5023.24,4520.92,502.32,0.9,PENDING,BANK_TRANSFER,,,SIMULATED
328065,Willow Port Networks,PENTAGON FRANCHISE,202601,5023.24,4520.92,502.32,0.9,PENDING,BANK_TRANSFER,,,SIMULATED
365113,River Summit Networks,PENTAGON FRANCHISE,202601,5023.24,4520.92,502.32,0.9,PENDING,BANK_TRANSFER,,,SIMULATED
368077,Amber Light Networks,PENTAGON FRANCHISE,202601,5023.24,4520.92,502.32,0.9,PENDING,BANK_TRANSFER,,,SIMULATED
350059,Raven Ridge Networks,PENTAGON FRANCHISE,202601,5023.24,4520.92,502.32,0.9,PENDING,BANK_TRANSFER,,,SIMULATED
319061,Teal Vale Trading,PENTAGON FRANCHISE,202601,5023.24,4520.92,502.32,0.9,PENDING,BANK_TRANSFER,,,SIMULATED
345062,Fern Park Networks,PENTAGON FRANCHISE,202601,5023.24,4520.92,502.32,0.9,PENDING,BANK_TRANSFER,,,SIMULATED
107035,Spruce Point Communications,ENTERPRISE BUSINESS,202601,5023.24,4520.92,502.32,0.9,PENDING,BANK_TRANSFER,,,SIMULATED
361068,Golden Crown Trading,PENTAGON FRANCHISE,202601,5023.24,4520.92,502.32,0.9,PENDING,BANK_TRANSFER,,,SIMULATED
353067,Silver Horizon Networks,PENTAGON FRANCHISE,202601,5023.24,4520.92,502.32,0.9,PENDING,BANK_TRANSFER,,,SIMULATED
353064,Amber Wood Networks,PENTAGON FRANCHISE,202601,5023.24,4520.92,502.32,0.9,PENDING,BANK_TRANSFER,,,SIMULATED
19755,Amber View Ventures,DEALER,202601,5023.24,4520.92,502.32,0.9,PENDING,BANK_TRANSFER,,,SIMULATED
367081,Dawn Dale Networks,PENTAGON FRANCHISE,202601,5023.24,4520.92,502.32,0.9,PENDING,BANK_TRANSFER,,,SIMULATED
400088,River Lake Trading,PENTAGON FRANCHISE,202601,5023.24,4520.92,502.32,0.9,PENDING,BANK_TRANSFER,,,SIMULATED
379099,Birch Field Ventures,PENTAGON FRANCHISE,202601,5023.24,4520.92,502.32,0.9,PENDING,BANK_TRANSFER,,,SIMULATED
405095,Jade Bay Networks,PENTAGON FRANCHISE,202601,4604.65,4144.18,460.47,0.9,PENDING,BANK_TRANSFER,,,SIMULATED
358060,Golden Valley Communications,PENTAGON FRANCHISE,202601,4604.65,4144.18,460.47,0.9,PENDING,BANK_TRANSFER,,,SIMULATED
337074,Dawn Haven Trading,PENTAGON FRANCHISE,202601,4604.65,4144.18,460.47,0.9,PENDING,BANK_TRANSFER,,,SIMULATED
126032,Rowan Hill Trading,CONNECT HUB,202601,4604.65,2762.79,1841.86,0.6,PARTIALLY_PAID,MTN_INTERNAL_SETTLEMENT,2026-03-02,HIGH_UNQUALIFIED_RATE,SIMULATED
367085,Rowan Horizon Communications,PENTAGON FRANCHISE,202601,4604.65,4144.18,460.47,0.9,PENDING,BANK_TRANSFER,,,SIMULATED
357072,Birch Hill Trading,PENTAGON FRANCHISE,202601,4604.65,4144.18,460.47,0.9,PENDING,BANK_TRANSFER,,,SIMULATED
365096,Opal Wood Communications,PENTAGON FRANCHISE,202601,4604.65,4144.18,460.47,0.9,PENDING,BANK_TRANSFER,,,SIMULATED
339064,Willow Lake Communications,PENTAGON FRANCHISE,202601,4604.65,4144.18,460.47,0.9,PENDING,BANK_TRANSFER,,,SIMULATED
174046,Indigo Crown Networks,ENTERPRISE BUSINESS,202601,4604.65,4144.18,460.47,0.9,PENDING,BANK_TRANSFER,,,SIMULATED
351063,Ember Stream Networks,PENTAGON FRANCHISE,202601,4186.04,3767.44,418.6,0.9,PENDING,BANK_TRANSFER,,,SIMULATED
337059,Amber Meadow Networks,PENTAGON FRANCHISE,202601,4186.04,3767.44,418.6,0.9,PENDING,BANK_TRANSFER,,,SIMULATED
19914,Elm Wave Ventures,DATA PARTNERS,202601,4186.04,3767.44,418.6,0.9,PENDING,BANK_TRANSFER,,,SIMULATED
349068,Linden Point Trading,PENTAGON FRANCHISE,202601,4186.04,3767.44,418.6,0.9,PENDING,BANK_TRANSFER,,,SIMULATED
327085,Crystal Sky Ventures,PENTAGON FRANCHISE,202601,4186.04,3767.44,418.6,0.9,PENDING,BANK_TRANSFER,,,SIMULATED
311060,Pearl Port Communications,PENTAGON FRANCHISE,202601,4186.04,3767.44,418.6,0.9,PENDING,BANK_TRANSFER,,,SIMULATED
349077,Jade Peak Trading,PENTAGON FRANCHISE,202601,4186.04,3767.44,418.6,0.9,PENDING,BANK_TRANSFER,,,SIMULATED
314061,Linden Bay Trading,PENTAGON FRANCHISE,202601,4186.04,3767.44,418.6,0.9,PENDING,BANK_TRANSFER,,,SIMULATED
357064,Spruce Leaf Trading,PENTAGON FRANCHISE,202601,4186.04,3767.44,418.6,0.9,PENDING,BANK_TRANSFER,,,SIMULATED
280064,Aspen Isle Networks,PENTAGON FRANCHISE,202601,4186.04,3767.44,418.6,0.9,PENDING,BANK_TRANSFER,,,SIMULATED
295091,Spruce Point Ventures,PENTAGON FRANCHISE,202601,4186.04,3767.44,418.6,0.9,PENDING,BANK_TRANSFER,,,SIMULATED
294093,Oak Meadow Communications,PENTAGON FRANCHISE,202601,4186.04,3767.44,418.6,0.9,PENDING,BANK_TRANSFER,,,SIMULATED
19662,Cedar Hill Networks,DATA PARTNERS,202601,4186.04,2511.62,1674.42,0.6,PARTIALLY_PAID,BANK_TRANSFER,2026-03-02,HIGH_UNQUALIFIED_RATE,SIMULATED
365098,Harbor Light Trading,PENTAGON FRANCHISE,202601,3767.43,3390.69,376.74,0.9,PENDING,BANK_TRANSFER,,,SIMULATED
349074,Amber Delta Networks,PENTAGON FRANCHISE,202601,3767.43,3390.69,376.74,0.9,PENDING,BANK_TRANSFER,,,SIMULATED
19786,Maple Wave Networks,CONNECT STORES,202601,3767.43,3390.69,376.74,0.9,PENDING,MTN_INTERNAL_SETTLEMENT,,,SIMULATED
339065,Teal Wind Networks,PENTAGON FRANCHISE,202601,3767.43,3390.69,376.74,0.9,PENDING,BANK_TRANSFER,,,SIMULATED
19902,Linden Valley Ventures,CONNECT STORES,202601,3767.43,2260.46,1506.97,0.6,PARTIALLY_PAID,MTN_INTERNAL_SETTLEMENT,2026-03-02,HIGH_UNQUALIFIED_RATE,SIMULATED
358061,Sunset Gate Communications,PENTAGON FRANCHISE,202601,3767.43,3390.69,376.74,0.9,PENDING,BANK_TRANSFER,,,SIMULATED
368076,Ivory Wood Trading,PENTAGON FRANCHISE,202601,3767.43,3390.69,376.74,0.9,PENDING,BANK_TRANSFER,,,SIMULATED
311061,Spruce Meadow Communications,PENTAGON FRANCHISE,202601,3767.43,3390.69,376.74,0.9,PENDING,BANK_TRANSFER,,,SIMULATED
412091,Harbor Wood Ventures,PENTAGON FRANCHISE,202601,3767.43,3390.69,376.74,0.9,PENDING,BANK_TRANSFER,,,SIMULATED
311071,Silver Coast Communications,PENTAGON FRANCHISE,202601,3767.43,3390.69,376.74,0.9,PENDING,BANK_TRANSFER,,,SIMULATED
353072,River Isle Ventures,PENTAGON FRANCHISE,202601,3767.43,3390.69,376.74,0.9,PENDING,BANK_TRANSFER,,,SIMULATED
337091,Silver Crown Communications,PENTAGON FRANCHISE,202601,3767.43,3390.69,376.74,0.9,PENDING,BANK_TRANSFER,,,SIMULATED
337092,Pearl Haven Ventures,PENTAGON FRANCHISE,202601,3767.43,3390.69,376.74,0.9,PENDING,BANK_TRANSFER,,,SIMULATED
65035,Topaz Bridge Trading,CONNECT HUB,202601,3767.43,3390.69,376.74,0.9,PENDING,MTN_INTERNAL_SETTLEMENT,,,SIMULATED
115033,Meadow Wind Networks,CONNECT HUB,202601,3767.43,3390.69,376.74,0.9,PENDING,MTN_INTERNAL_SETTLEMENT,,,SIMULATED
341059,Spruce Vale Communications,PENTAGON FRANCHISE,202601,3767.43,3390.69,376.74,0.9,PENDING,BANK_TRANSFER,,,SIMULATED
360066,Harbor Sky Communications,PENTAGON FRANCHISE,202601,3767.43,3390.69,376.74,0.9,PENDING,BANK_TRANSFER,,,SIMULATED
367075,Opal Delta Trading,PENTAGON FRANCHISE,202601,3767.43,3390.69,376.74,0.9,PENDING,BANK_TRANSFER,,,SIMULATED
337060,Rowan Lake Communications,PENTAGON FRANCHISE,202601,3767.43,3390.69,376.74,0.9,PENDING,BANK_TRANSFER,,,SIMULATED
349070,Cedar Vale Ventures,PENTAGON FRANCHISE,202601,3767.43,3390.69,376.74,0.9,PENDING,BANK_TRANSFER,,,SIMULATED
341075,Flint Wood Communications,PENTAGON FRANCHISE,202601,3767.43,3390.69,376.74,0.9,PENDING,BANK_TRANSFER,,,SIMULATED
344066,Quartz Park Trading,PENTAGON FRANCHISE,202601,3348.84,3013.96,334.88,0.9,PENDING,BANK_TRANSFER,,,SIMULATED
404084,Fern Arc Trading,PENTAGON FRANCHISE,202601,3348.84,3013.96,334.88,0.9,PENDING,BANK_TRANSFER,,,SIMULATED
367089,Quartz Meadow Ventures,PENTAGON FRANCHISE,202601,3348.84,3013.96,334.88,0.9,PENDING,BANK_TRANSFER,,,SIMULATED
379095,Forest Leaf Networks,PENTAGON FRANCHISE,202601,3348.84,3013.96,334.88,0.9,PENDING,BANK_TRANSFER,,,SIMULATED
21254,Juniper Summit Communications,DATA PARTNERS,202601,3348.84,3013.96,334.88,0.9,PENDING,BANK_TRANSFER,,,SIMULATED
423154,Rowan Lake Trading,PENTAGON FRANCHISE,202601,3348.84,3013.96,334.88,0.9,PENDING,BANK_TRANSFER,,,SIMULATED
19776,Cedar Grove Trading,DEALER,202601,3348.84,3013.96,334.88,0.9,PENDING,BANK_TRANSFER,,,SIMULATED
361064,Rowan View Communications,PENTAGON FRANCHISE,202601,3348.84,3013.96,334.88,0.9,PENDING,BANK_TRANSFER,,,SIMULATED
206056,Jade Arc Ventures,CONNECT STORES,202601,3348.84,3013.96,334.88,0.9,PENDING,MTN_INTERNAL_SETTLEMENT,,,SIMULATED
388072,Rowan Arc Networks,PENTAGON FRANCHISE,202601,3348.84,3013.96,334.88,0.9,PENDING,BANK_TRANSFER,,,SIMULATED
378071,Meadow Reach Ventures,PENTAGON FRANCHISE,202601,3348.84,3013.96,334.88,0.9,PENDING,BANK_TRANSFER,,,SIMULATED
176051,Maple Point Communications,ENTERPRISE BUSINESS,202601,3348.84,3013.96,334.88,0.9,PENDING,BANK_TRANSFER,,,SIMULATED
391081,Rowan Grove Trading,PENTAGON FRANCHISE,202601,3348.84,3013.96,334.88,0.9,PENDING,BANK_TRANSFER,,,SIMULATED
113031,Golden Dale Communications,CONNECT HUB,202601,3348.84,3013.96,334.88,0.9,PENDING,MTN_INTERNAL_SETTLEMENT,,,SIMULATED
368078,Raven Wave Ventures,PENTAGON FRANCHISE,202601,3348.84,3013.96,334.88,0.9,PENDING,BANK_TRANSFER,,,SIMULATED
361067,Fern Isle Trading,PENTAGON FRANCHISE,202601,3348.84,3013.96,334.88,0.9,PENDING,BANK_TRANSFER,,,SIMULATED
379082,Ivory Path Networks,PENTAGON FRANCHISE,202601,2930.23,2637.21,293.02,0.9,PENDING,BANK_TRANSFER,,,SIMULATED
411112,Raven Crown Ventures,PENTAGON FRANCHISE,202601,2930.23,2637.21,293.02,0.9,PENDING,BANK_TRANSFER,,,SIMULATED
19942,Dawn Spring Ventures,DEALER,202601,2930.23,2637.21,293.02,0.9,PENDING,BANK_TRANSFER,,,SIMULATED
223044,Meadow Stone Trading,ENTERPRISE BUSINESS,202601,2930.23,2637.21,293.02,0.9,PENDING,BANK_TRANSFER,,,SIMULATED
356067,Birch Wave Communications,PENTAGON FRANCHISE,202601,2930.23,2637.21,293.02,0.9,PENDING,BANK_TRANSFER,,,SIMULATED
365112,Teal Vale Networks,PENTAGON FRANCHISE,202601,2930.23,2637.21,293.02,0.9,PENDING,BANK_TRANSFER,,,SIMULATED
335058,Cedar Bay Trading,PENTAGON FRANCHISE,202601,2930.23,1758.14,1172.09,0.6,PARTIALLY_PAID,BANK_TRANSFER,2026-03-02,HIGH_UNQUALIFIED_RATE,SIMULATED
19733,Topaz Light Communications,CONNECT STORES,202601,2930.23,2637.21,293.02,0.9,PENDING,MTN_INTERNAL_SETTLEMENT,,,SIMULATED
377073,Golden Glen Ventures,PENTAGON FRANCHISE,202601,2930.23,2637.21,293.02,0.9,PENDING,BANK_TRANSFER,,,SIMULATED
19369,Jade Point Trading,CONNECT STORES,202601,2930.23,1758.14,1172.09,0.6,PARTIALLY_PAID,MTN_INTERNAL_SETTLEMENT,2026-03-02,HIGH_UNQUALIFIED_RATE,SIMULATED
327081,Willow Glen Communications,PENTAGON FRANCHISE,202601,2930.23,2637.21,293.02,0.9,PENDING,BANK_TRANSFER,,,SIMULATED
344063,Sunset Bay Ventures,PENTAGON FRANCHISE,202601,2930.23,2637.21,293.02,0.9,PENDING,BANK_TRANSFER,,,SIMULATED
311062,Coral Hill Networks,PENTAGON FRANCHISE,202601,2930.23,2637.21,293.02,0.9,PENDING,BANK_TRANSFER,,,SIMULATED
333068,Raven Sky Networks,PENTAGON FRANCHISE,202601,2930.23,2637.21,293.02,0.9,PENDING,BANK_TRANSFER,,,SIMULATED
19490,Teal Sky Ventures,DEALER,202601,2930.23,2637.21,293.02,0.9,PENDING,BANK_TRANSFER,,,SIMULATED
347063,Azure Beacon Networks,ENTERPRISE BUSINESS,202601,2930.23,2637.21,293.02,0.9,PENDING,BANK_TRANSFER,,,SIMULATED
332070,Stone Wind Communications,DEALER,202601,2930.23,2637.21,293.02,0.9,PENDING,BANK_TRANSFER,,,SIMULATED
303069,Cedar Lake Networks,PENTAGON FRANCHISE,202601,2930.23,2637.21,293.02,0.9,PENDING,BANK_TRANSFER,,,SIMULATED
356083,Willow Stream Ventures,PENTAGON FRANCHISE,202601,2511.62,2260.46,251.16,0.9,PENDING,BANK_TRANSFER,,,SIMULATED
410086,Willow Light Ventures,PENTAGON FRANCHISE,202601,2511.62,2260.46,251.16,0.9,PENDING,BANK_TRANSFER,,,SIMULATED
19966,River Star Communications,DEALER,202601,2511.62,2260.46,251.16,0.9,PENDING,BANK_TRANSFER,,,SIMULATED
339066,Forest Peak Trading,PENTAGON FRANCHISE,202601,2511.62,2260.46,251.16,0.9,PENDING,BANK_TRANSFER,,,SIMULATED
19612,Aspen Sky Trading,DEALER,202601,2511.62,2260.46,251.16,0.9,PENDING,BANK_TRANSFER,,,SIMULATED
327083,Teal Hill Communications,PENTAGON FRANCHISE,202601,2511.62,2260.46,251.16,0.9,PENDING,BANK_TRANSFER,,,SIMULATED
19412,Jade Lake Ventures,DEALER,202601,2511.62,2260.46,251.16,0.9,PENDING,BANK_TRANSFER,,,SIMULATED
311076,Ivory Bay Ventures,PENTAGON FRANCHISE,202601,2511.62,2260.46,251.16,0.9,PENDING,BANK_TRANSFER,,,SIMULATED
368075,Orchid Ridge Networks,PENTAGON FRANCHISE,202601,2511.62,2260.46,251.16,0.9,PENDING,BANK_TRANSFER,,,SIMULATED
413173,Harbor Horizon Ventures,PENTAGON FRANCHISE,202601,2511.62,2260.46,251.16,0.9,PENDING,BANK_TRANSFER,,,SIMULATED
333072,Aspen Reach Networks,PENTAGON FRANCHISE,202601,2511.62,2260.46,251.16,0.9,PENDING,BANK_TRANSFER,,,SIMULATED
75032,Amber Isle Networks,SIM REG AGENCY,202601,2511.62,2260.46,251.16,0.9,PENDING,BANK_TRANSFER,,,SIMULATED
332059,Swift Star Ventures,PENTAGON FRANCHISE,202601,2511.62,2260.46,251.16,0.9,PENDING,BANK_TRANSFER,,,SIMULATED
391086,Laurel Bridge Communications,ENTERPRISE BUSINESS,202601,2511.62,2260.46,251.16,0.9,PENDING,BANK_TRANSFER,,,SIMULATED
332067,Quartz Stone Networks,PENTAGON FRANCHISE,202601,2511.62,2260.46,251.16,0.9,PENDING,BANK_TRANSFER,,,SIMULATED
379087,Jade Glen Ventures,PENTAGON FRANCHISE,202601,2511.62,2260.46,251.16,0.9,PENDING,BANK_TRANSFER,,,SIMULATED
328067,Sunset Valley Trading,PENTAGON FRANCHISE,202601,2511.62,2260.46,251.16,0.9,PENDING,BANK_TRANSFER,,,SIMULATED
361069,Forest Reach Communications,PENTAGON FRANCHISE,202601,2511.62,2260.46,251.16,0.9,PENDING,BANK_TRANSFER,,,SIMULATED
430143,Topaz Trail Trading,PENTAGON FRANCHISE,202601,2511.62,1506.97,1004.65,0.6,PARTIALLY_PAID,BANK_TRANSFER,2026-03-02,HIGH_UNQUALIFIED_RATE,SIMULATED
356082,Ivory Vale Ventures,PENTAGON FRANCHISE,202601,2511.62,2260.46,251.16,0.9,PENDING,BANK_TRANSFER,,,SIMULATED
342076,Juniper Bridge Trading,PENTAGON FRANCHISE,202601,2511.62,2260.46,251.16,0.9,PENDING,BANK_TRANSFER,,,SIMULATED
130061,Spruce Vale Communications,ENTERPRISE BUSINESS,202601,2511.62,2260.46,251.16,0.9,PENDING,BANK_TRANSFER,,,SIMULATED
298062,Silver Light Communications,PENTAGON FRANCHISE,202601,2511.62,2260.46,251.16,0.9,PENDING,BANK_TRANSFER,,,SIMULATED
355061,Fern Trail Ventures,PENTAGON FRANCHISE,202601,2511.62,2260.46,251.16,0.9,PENDING,BANK_TRANSFER,,,SIMULATED
325080,Ember Isle Networks,PENTAGON FRANCHISE,202601,2511.62,2260.46,251.16,0.9,PENDING,BANK_TRANSFER,,,SIMULATED
337093,Oak Hill Communications,PENTAGON FRANCHISE,202601,2511.62,2260.46,251.16,0.9,PENDING,BANK_TRANSFER,,,SIMULATED
294072,Jade Point Ventures,FIXED BROADBAND,202601,2511.62,2260.46,251.16,0.9,PENDING,BANK_TRANSFER,,,SIMULATED
323082,Crystal Vale Communications,PENTAGON FRANCHISE,202601,2511.62,1506.97,1004.65,0.6,PARTIALLY_PAID,BANK_TRANSFER,2026-03-02,HIGH_UNQUALIFIED_RATE,SIMULATED
21285,Aspen Sky Trading,DEALER,202601,2511.62,2260.46,251.16,0.9,PENDING,BANK_TRANSFER,,,SIMULATED
382125,Orchid Port Networks,PENTAGON FRANCHISE,202601,2511.62,1506.97,1004.65,0.6,PARTIALLY_PAID,BANK_TRANSFER,2026-03-02,HIGH_UNQUALIFIED_RATE,SIMULATED
19850,Elm Leaf Networks,DATA PARTNERS,202601,2511.62,1506.97,1004.65,0.6,PARTIALLY_PAID,BANK_TRANSFER,2026-03-02,HIGH_UNQUALIFIED_RATE,SIMULATED
19537,Maple Isle Communications,CONNECT STORES,202601,2511.62,1506.97,1004.65,0.6,PARTIALLY_PAID,MTN_INTERNAL_SETTLEMENT,2026-03-02,HIGH_UNQUALIFIED_RATE,SIMULATED
368083,Topaz View Networks,PENTAGON FRANCHISE,202601,2511.62,2260.46,251.16,0.9,PENDING,BANK_TRANSFER,,,SIMULATED
377076,Spruce Coast Communications,PENTAGON FRANCHISE,202601,2511.62,2260.46,251.16,0.9,PENDING,BANK_TRANSFER,,,SIMULATED
295076,Dawn Park Communications,PENTAGON FRANCHISE,202601,2511.62,2260.46,251.16,0.9,PENDING,BANK_TRANSFER,,,SIMULATED
19832,Amber Beacon Trading,DEALER,202601,2511.62,2260.46,251.16,0.9,PENDING,BANK_TRANSFER,,,SIMULATED
386077,Ivory Trail Communications,PENTAGON FRANCHISE,202601,2511.62,2260.46,251.16,0.9,PENDING,BANK_TRANSFER,,,SIMULATED
19784,Raven Isle Communications,DEALER,202601,2511.62,2260.46,251.16,0.9,PENDING,BANK_TRANSFER,,,SIMULATED
423151,Flint Hill Communications,ENTERPRISE BUSINESS,202601,2511.62,2260.46,251.16,0.9,PENDING,BANK_TRANSFER,,,SIMULATED
341060,Opal Crest Ventures,PENTAGON FRANCHISE,202601,2511.62,2260.46,251.16,0.9,PENDING,BANK_TRANSFER,,,SIMULATED
413208,Meadow Brook Networks,PENTAGON FRANCHISE,202601,2511.62,2260.46,251.16,0.9,PENDING,BANK_TRANSFER,,,SIMULATED
354066,Forest Beacon Communications,PENTAGON FRANCHISE,202601,2511.62,2260.46,251.16,0.9,PENDING,BANK_TRANSFER,,,SIMULATED
342078,Ivory Sky Trading,PENTAGON FRANCHISE,202601,2511.62,2260.46,251.16,0.9,PENDING,BANK_TRANSFER,,,SIMULATED
332063,Silver Haven Ventures,PENTAGON FRANCHISE,202601,2511.62,2260.46,251.16,0.9,PENDING,BANK_TRANSFER,,,SIMULATED
234047,Sage Port Networks,ENTERPRISE BUSINESS,202601,2511.62,2260.46,251.16,0.9,PENDING,BANK_TRANSFER,,,SIMULATED
452147,Stone Stone Trading,PENTAGON FRANCHISE,202601,2511.62,2260.46,251.16,0.9,PENDING,BANK_TRANSFER,,,SIMULATED
132031,Coral Point Ventures,CONNECT HUB,202601,2511.62,2260.46,251.16,0.9,PENDING,MTN_INTERNAL_SETTLEMENT,,,SIMULATED
322059,Golden Haven Networks,PENTAGON FRANCHISE,202601,2511.62,2260.46,251.16,0.9,PENDING,BANK_TRANSFER,,,SIMULATED
377075,Winter Summit Trading,PENTAGON FRANCHISE,202601,2511.62,2260.46,251.16,0.9,PENDING,BANK_TRANSFER,,,SIMULATED
368080,Hazel Ridge Networks,PENTAGON FRANCHISE,202601,2511.62,2260.46,251.16,0.9,PENDING,BANK_TRANSFER,,,SIMULATED
449143,Teal Dale Networks,PENTAGON FRANCHISE,202601,2511.62,2260.46,251.16,0.9,PENDING,BANK_TRANSFER,,,SIMULATED
360061,Elm Stone Communications,PENTAGON FRANCHISE,202601,2511.62,2260.46,251.16,0.9,PENDING,BANK_TRANSFER,,,SIMULATED
294131,Indigo Coast Networks,PENTAGON FRANCHISE,202601,2511.62,2260.46,251.16,0.9,PENDING,BANK_TRANSFER,,,SIMULATED
19863,Olive Moon Ventures,CONNECT STORES,202601,1674.42,1004.65,669.77,0.6,PARTIALLY_PAID,MTN_INTERNAL_SETTLEMENT,2026-03-02,HIGH_UNQUALIFIED_RATE,SIMULATED
19400,Harbor Moon Communications,CONNECT STORES,202601,1674.42,1506.98,167.44,0.9,PENDING,MTN_INTERNAL_SETTLEMENT,,,SIMULATED
423153,Dawn Hill Ventures,PENTAGON FRANCHISE,202601,1674.42,1506.98,167.44,0.9,PENDING,BANK_TRANSFER,,,SIMULATED
47026,Forest Hill Trading,ENTERPRISE BUSINESS,202601,1674.42,1506.98,167.44,0.9,PENDING,BANK_TRANSFER,,,SIMULATED
296061,Stone Brook Networks,PENTAGON FRANCHISE,202601,1674.42,1506.98,167.44,0.9,PENDING,BANK_TRANSFER,,,SIMULATED
329072,Pine Bay Trading,PENTAGON FRANCHISE,202601,1674.42,1506.98,167.44,0.9,PENDING,BANK_TRANSFER,,,SIMULATED
416141,Silver Moon Communications,PENTAGON FRANCHISE,202601,1674.42,1506.98,167.44,0.9,PENDING,BANK_TRANSFER,,,SIMULATED
296074,Fern Isle Trading,ENTERPRISE BUSINESS,202601,1674.42,1506.98,167.44,0.9,PENDING,BANK_TRANSFER,,,SIMULATED
400091,Olive Vale Trading,PENTAGON FRANCHISE,202601,1674.42,1506.98,167.44,0.9,PENDING,BANK_TRANSFER,,,SIMULATED
411100,Winter Light Communications,PENTAGON FRANCHISE,202601,1674.42,1506.98,167.44,0.9,PENDING,BANK_TRANSFER,,,SIMULATED
358068,Laurel Dale Ventures,PENTAGON FRANCHISE,202601,1674.42,1004.65,669.77,0.6,PARTIALLY_PAID,BANK_TRANSFER,2026-03-02,HIGH_UNQUALIFIED_RATE,SIMULATED
328062,Harbor Lake Networks,PENTAGON FRANCHISE,202601,1674.42,1004.65,669.77,0.6,PARTIALLY_PAID,BANK_TRANSFER,2026-03-02,HIGH_UNQUALIFIED_RATE,SIMULATED
351064,Spruce Peak Communications,PENTAGON FRANCHISE,202601,1674.42,1506.98,167.44,0.9,PENDING,BANK_TRANSFER,,,SIMULATED
386072,Ivory Gate Ventures,PENTAGON FRANCHISE,202601,1674.42,1506.98,167.44,0.9,PENDING,BANK_TRANSFER,,,SIMULATED
379083,Winter Valley Trading,PENTAGON FRANCHISE,202601,1674.42,1506.98,167.44,0.9,PENDING,BANK_TRANSFER,,,SIMULATED
380076,Birch Crown Networks,PENTAGON FRANCHISE,202601,1674.42,1506.98,167.44,0.9,PENDING,BANK_TRANSFER,,,SIMULATED
382124,Sunset Port Communications,PENTAGON FRANCHISE,202601,1674.42,1506.98,167.44,0.9,PENDING,BANK_TRANSFER,,,SIMULATED
379085,Sage Peak Ventures,PENTAGON FRANCHISE,202601,1255.81,1130.23,125.58,0.9,PENDING,BANK_TRANSFER,,,SIMULATED
347059,Azure Light Communications,PENTAGON FRANCHISE,202601,1255.81,1130.23,125.58,0.9,PENDING,BANK_TRANSFER,,,SIMULATED
365102,Rowan Haven Trading,PENTAGON FRANCHISE,202601,1255.81,1130.23,125.58,0.9,PENDING,BANK_TRANSFER,,,SIMULATED
374078,Jade Isle Trading,PENTAGON FRANCHISE,202601,1255.81,1130.23,125.58,0.9,PENDING,BANK_TRANSFER,,,SIMULATED
385083,Birch Wind Communications,PENTAGON FRANCHISE,202601,1255.81,1130.23,125.58,0.9,PENDING,BANK_TRANSFER,,,SIMULATED
405089,Rowan Light Communications,DEALER,202601,1255.81,1130.23,125.58,0.9,PENDING,BANK_TRANSFER,,,SIMULATED
377078,Ocean Field Trading,PENTAGON FRANCHISE,202601,1255.81,1130.23,125.58,0.9,PENDING,BANK_TRANSFER,,,SIMULATED
19964,River Star Communications,DEALER,202601,1255.81,1130.23,125.58,0.9,PENDING,BANK_TRANSFER,,,SIMULATED
71046,Hazel Hill Ventures,SIM REG AGENCY,202601,1255.81,753.49,502.32,0.6,PARTIALLY_PAID,BANK_TRANSFER,2026-03-02,HIGH_UNQUALIFIED_RATE,SIMULATED
367086,Ember Brook Ventures,PENTAGON FRANCHISE,202601,1255.81,753.49,502.32,0.6,PARTIALLY_PAID,BANK_TRANSFER,2026-03-02,HIGH_UNQUALIFIED_RATE,SIMULATED
365111,Silver Brook Trading,PENTAGON FRANCHISE,202601,1255.81,1130.23,125.58,0.9,PENDING,BANK_TRANSFER,,,SIMULATED
355062,Harbor Moon Ventures,PENTAGON FRANCHISE,202601,1255.81,1130.23,125.58,0.9,PENDING,BANK_TRANSFER,,,SIMULATED
341066,Pine Star Communications,PENTAGON FRANCHISE,202601,1255.81,1130.23,125.58,0.9,PENDING,BANK_TRANSFER,,,SIMULATED
345058,Sunset Point Trading,PENTAGON FRANCHISE,202601,1255.81,1130.23,125.58,0.9,PENDING,BANK_TRANSFER,,,SIMULATED
357070,Sunset Point Communications,PENTAGON FRANCHISE,202601,1255.81,1130.23,125.58,0.9,PENDING,BANK_TRANSFER,,,SIMULATED
255047,Sunset Spring Networks,PENTAGON FRANCHISE,202601,1255.81,1130.23,125.58,0.9,PENDING,BANK_TRANSFER,,,SIMULATED
19870,Meadow Horizon Trading,DEALER,202601,1255.81,1130.23,125.58,0.9,PENDING,BANK_TRANSFER,,,SIMULATED
367071,Indigo Ridge Ventures,PENTAGON FRANCHISE,202601,1255.81,753.49,502.32,0.6,PARTIALLY_PAID,BANK_TRANSFER,2026-03-02,HIGH_UNQUALIFIED_RATE,SIMULATED
400093,Dawn Bridge Networks,PENTAGON FRANCHISE,202601,1255.81,1130.23,125.58,0.9,PENDING,BANK_TRANSFER,,,SIMULATED
339062,Harbor Star Communications,PENTAGON FRANCHISE,202601,1255.81,1130.23,125.58,0.9,PENDING,BANK_TRANSFER,,,SIMULATED
389080,Swift Brook Communications,PENTAGON FRANCHISE,202601,1255.81,1130.23,125.58,0.9,PENDING,BANK_TRANSFER,,,SIMULATED
408085,Coral Stream Ventures,PENTAGON FRANCHISE,202601,1255.81,1130.23,125.58,0.9,PENDING,BANK_TRANSFER,,,SIMULATED
365121,Raven Hill Trading,PENTAGON FRANCHISE,202601,1255.81,1130.23,125.58,0.9,PENDING,BANK_TRANSFER,,,SIMULATED
416149,Coral Sky Trading,PENTAGON FRANCHISE,202601,1255.81,1130.23,125.58,0.9,PENDING,BANK_TRANSFER,,,SIMULATED
329068,Harbor Valley Ventures,PENTAGON FRANCHISE,202601,1255.81,1130.23,125.58,0.9,PENDING,BANK_TRANSFER,,,SIMULATED
332066,Silver Moon Ventures,PENTAGON FRANCHISE,202601,1255.81,1130.23,125.58,0.9,PENDING,BANK_TRANSFER,,,SIMULATED
369074,Teal Grove Ventures,PENTAGON FRANCHISE,202601,1255.81,1130.23,125.58,0.9,PENDING,BANK_TRANSFER,,,SIMULATED
365101,Golden Field Trading,PENTAGON FRANCHISE,202601,1255.81,1130.23,125.58,0.9,PENDING,BANK_TRANSFER,,,SIMULATED
341069,Ruby Vale Ventures,PENTAGON FRANCHISE,202601,1255.81,1130.23,125.58,0.9,PENDING,BANK_TRANSFER,,,SIMULATED
437144,Willow Bay Trading,PENTAGON FRANCHISE,202601,1255.81,1130.23,125.58,0.9,PENDING,BANK_TRANSFER,,,SIMULATED
356068,Winter Trail Communications,PENTAGON FRANCHISE,202601,1255.81,1130.23,125.58,0.9,PENDING,BANK_TRANSFER,,,SIMULATED
338058,Harbor Horizon Trading,PENTAGON FRANCHISE,202601,1255.81,753.49,502.32,0.6,PARTIALLY_PAID,BANK_TRANSFER,2026-03-02,HIGH_UNQUALIFIED_RATE,SIMULATED
65033,Sunset Path Trading,CONNECT HUB,202601,1255.81,1130.23,125.58,0.9,PENDING,MTN_INTERNAL_SETTLEMENT,,,SIMULATED
334060,Coral View Communications,PENTAGON FRANCHISE,202601,1255.81,1130.23,125.58,0.9,PENDING,BANK_TRANSFER,,,SIMULATED
366073,Forest Bridge Ventures,PENTAGON FRANCHISE,202601,1255.81,753.49,502.32,0.6,PARTIALLY_PAID,BANK_TRANSFER,2026-03-02,HIGH_UNQUALIFIED_RATE,SIMULATED
379076,Winter Wood Trading,PENTAGON FRANCHISE,202601,1255.81,1130.23,125.58,0.9,PENDING,BANK_TRANSFER,,,SIMULATED
21283,Ember Coast Trading,DEALER,202601,1255.81,1130.23,125.58,0.9,PENDING,BANK_TRANSFER,,,SIMULATED
382115,Rowan Haven Communications,PENTAGON FRANCHISE,202601,1255.81,1130.23,125.58,0.9,PENDING,BANK_TRANSFER,,,SIMULATED
365114,Oak Leaf Communications,PENTAGON FRANCHISE,202601,1255.81,753.49,502.32,0.6,PARTIALLY_PAID,BANK_TRANSFER,2026-03-02,HIGH_UNQUALIFIED_RATE,SIMULATED
374077,Sage Dale Trading,PENTAGON FRANCHISE,202601,1255.81,753.49,502.32,0.6,PARTIALLY_PAID,BANK_TRANSFER,2026-03-02,HIGH_UNQUALIFIED_RATE,SIMULATED
358071,Crystal Leaf Communications,PENTAGON FRANCHISE,202601,1255.81,753.49,502.32,0.6,PARTIALLY_PAID,BANK_TRANSFER,2026-03-02,HIGH_UNQUALIFIED_RATE,SIMULATED
328069,Azure Crest Trading,PENTAGON FRANCHISE,202601,1255.81,1130.23,125.58,0.9,PENDING,BANK_TRANSFER,,,SIMULATED
332061,Swift Grove Trading,PENTAGON FRANCHISE,202601,1255.81,1130.23,125.58,0.9,PENDING,BANK_TRANSFER,,,SIMULATED
393084,Ivory Stream Networks,PENTAGON FRANCHISE,202601,1255.81,1130.23,125.58,0.9,PENDING,BANK_TRANSFER,,,SIMULATED
19387,Cedar Stream Ventures,CONNECT STORES,202601,1255.81,753.49,502.32,0.6,PARTIALLY_PAID,MTN_INTERNAL_SETTLEMENT,2026-03-02,HIGH_UNQUALIFIED_RATE,SIMULATED
322064,Ivory Valley Trading,PENTAGON FRANCHISE,202601,1255.81,753.49,502.32,0.6,PARTIALLY_PAID,BANK_TRANSFER,2026-03-02,HIGH_UNQUALIFIED_RATE,SIMULATED
408086,Sunset Sky Communications,PENTAGON FRANCHISE,202601,1255.81,1130.23,125.58,0.9,PENDING,BANK_TRANSFER,,,SIMULATED
350065,Opal Beacon Ventures,PENTAGON FRANCHISE,202601,1255.81,1130.23,125.58,0.9,PENDING,BANK_TRANSFER,,,SIMULATED
342070,Juniper Leaf Communications,PENTAGON FRANCHISE,202601,1255.81,1130.23,125.58,0.9,PENDING,BANK_TRANSFER,,,SIMULATED
400086,Azure Trail Networks,PENTAGON FRANCHISE,202601,1255.81,1130.23,125.58,0.9,PENDING,BANK_TRANSFER,,,SIMULATED
107032,Forest Delta Ventures,ENTERPRISE BUSINESS,202601,1255.81,1130.23,125.58,0.9,PENDING,BANK_TRANSFER,,,SIMULATED
327086,Cedar Gate Ventures,PENTAGON FRANCHISE,202601,1255.81,1130.23,125.58,0.9,PENDING,BANK_TRANSFER,,,SIMULATED
295077,Pearl Stone Communications,PENTAGON FRANCHISE,202601,1255.81,1130.23,125.58,0.9,PENDING,BANK_TRANSFER,,,SIMULATED
19676,Ivory Crest Ventures,DATA PARTNERS,202601,1255.81,753.49,502.32,0.6,PARTIALLY_PAID,BANK_TRANSFER,2026-03-02,HIGH_UNQUALIFIED_RATE,SIMULATED
368082,Sunset Park Communications,PENTAGON FRANCHISE,202601,1255.81,1130.23,125.58,0.9,PENDING,BANK_TRANSFER,,,SIMULATED
377070,Maple Crest Trading,PENTAGON FRANCHISE,202601,1255.81,1130.23,125.58,0.9,PENDING,BANK_TRANSFER,,,SIMULATED
19606,Laurel Stream Ventures,CONNECT STORES,202601,1255.81,1130.23,125.58,0.9,PENDING,MTN_INTERNAL_SETTLEMENT,,,SIMULATED
344067,Laurel Leaf Trading,PENTAGON FRANCHISE,202601,1255.81,1130.23,125.58,0.9,PENDING,BANK_TRANSFER,,,SIMULATED
19380,Spruce Wood Ventures,CONNECT STORES,202601,1255.81,753.49,502.32,0.6,PARTIALLY_PAID,MTN_INTERNAL_SETTLEMENT,2026-03-02,HIGH_UNQUALIFIED_RATE,SIMULATED
19350,Sage Glen Ventures,CONNECT STORES,202601,1255.81,753.49,502.32,0.6,PARTIALLY_PAID,MTN_INTERNAL_SETTLEMENT,2026-03-02,HIGH_UNQUALIFIED_RATE,SIMULATED
19660,Coral Haven Networks,DEALER,202601,1255.81,1130.23,125.58,0.9,PENDING,BANK_TRANSFER,,,SIMULATED
294128,Orchid Crown Communications,PENTAGON FRANCHISE,202601,1255.81,1130.23,125.58,0.9,PENDING,BANK_TRANSFER,,,SIMULATED
367087,Meadow Stream Trading,PENTAGON FRANCHISE,202601,1255.81,1130.23,125.58,0.9,PENDING,BANK_TRANSFER,,,SIMULATED
366070,Forest Point Communications,PENTAGON FRANCHISE,202601,1255.81,1130.23,125.58,0.9,PENDING,BANK_TRANSFER,,,SIMULATED
280065,Silver Stream Communications,PENTAGON FRANCHISE,202601,1255.81,753.49,502.32,0.6,PARTIALLY_PAID,BANK_TRANSFER,2026-03-02,HIGH_UNQUALIFIED_RATE,SIMULATED
322063,Pearl Ridge Networks,PENTAGON FRANCHISE,202601,1255.81,753.49,502.32,0.6,PARTIALLY_PAID,BANK_TRANSFER,2026-03-02,HIGH_UNQUALIFIED_RATE,SIMULATED
379105,Ember Stream Ventures,PENTAGON FRANCHISE,202601,1255.81,1130.23,125.58,0.9,PENDING,BANK_TRANSFER,,,SIMULATED
350062,Hazel Meadow Trading,PENTAGON FRANCHISE,202601,1255.81,1130.23,125.58,0.9,PENDING,BANK_TRANSFER,,,SIMULATED
386071,Olive Isle Communications,PENTAGON FRANCHISE,202601,1255.81,1130.23,125.58,0.9,PENDING,BANK_TRANSFER,,,SIMULATED
328066,Dawn Field Communications,PENTAGON FRANCHISE,202601,1255.81,1130.23,125.58,0.9,PENDING,BANK_TRANSFER,,,SIMULATED
353068,Azure Valley Ventures,PENTAGON FRANCHISE,202601,1255.81,1130.23,125.58,0.9,PENDING,BANK_TRANSFER,,,SIMULATED
391084,Ivory Wave Ventures,PENTAGON FRANCHISE,202601,0.0,0.0,0.0,0.2,FULLY_PAID,BANK_TRANSFER,2026-02-25,ALL_UNQUALIFIED,SIMULATED
19946,Willow Path Ventures,CONNECT STORES,202601,0.0,0.0,0.0,0.2,FULLY_PAID,MTN_INTERNAL_SETTLEMENT,2026-02-25,ALL_UNQUALIFIED,SIMULATED
350066,Forest Valley Trading,ENTERPRISE BUSINESS,202601,0.0,0.0,0.0,0.2,FULLY_PAID,BANK_TRANSFER,2026-02-25,ALL_UNQUALIFIED,SIMULATED
405090,Forest Stone Networks,DEALER,202601,0.0,0.0,0.0,0.2,FULLY_PAID,BANK_TRANSFER,2026-02-25,ALL_UNQUALIFIED,SIMULATED
322062,Aspen Peak Trading,PENTAGON FRANCHISE,202601,0.0,0.0,0.0,0.2,FULLY_PAID,BANK_TRANSFER,2026-02-25,ALL_UNQUALIFIED,SIMULATED
19401,Harbor Moon Communications,CONNECT STORES,202601,0.0,0.0,0.0,0.2,FULLY_PAID,MTN_INTERNAL_SETTLEMENT,2026-02-25,ALL_UNQUALIFIED,SIMULATED
334058,Sage Brook Ventures,PENTAGON FRANCHISE,202601,0.0,0.0,0.0,0.2,FULLY_PAID,BANK_TRANSFER,2026-02-25,ALL_UNQUALIFIED,SIMULATED
19398,Harbor Moon Communications,CONNECT STORES,202601,0.0,0.0,0.0,0.2,FULLY_PAID,MTN_INTERNAL_SETTLEMENT,2026-02-25,ALL_UNQUALIFIED,SIMULATED
341062,Quartz Leaf Trading,PENTAGON FRANCHISE,202601,0.0,0.0,0.0,0.2,FULLY_PAID,BANK_TRANSFER,2026-02-25,ALL_UNQUALIFIED,SIMULATED
328063,Forest Wood Trading,PENTAGON FRANCHISE,202601,0.0,0.0,0.0,0.2,FULLY_PAID,BANK_TRANSFER,2026-02-25,ALL_UNQUALIFIED,SIMULATED
338059,Sunset Hill Ventures,PENTAGON FRANCHISE,202601,0.0,0.0,0.0,0.2,FULLY_PAID,BANK_TRANSFER,2026-02-25,ALL_UNQUALIFIED,SIMULATED
379075,Ocean Wave Communications,PENTAGON FRANCHISE,202601,0.0,0.0,0.0,0.2,FULLY_PAID,BANK_TRANSFER,2026-02-25,ALL_UNQUALIFIED,SIMULATED
280062,Oak Field Communications,PENTAGON FRANCHISE,202601,0.0,0.0,0.0,0.2,FULLY_PAID,BANK_TRANSFER,2026-02-25,ALL_UNQUALIFIED,SIMULATED
357075,Silver Trail Trading,FIXED BROADBAND,202601,0.0,0.0,0.0,0.2,FULLY_PAID,BANK_TRANSFER,2026-02-25,ALL_UNQUALIFIED,SIMULATED
357094,Orchid Coast Trading,PENTAGON FRANCHISE,202601,0.0,0.0,0.0,0.2,FULLY_PAID,BANK_TRANSFER,2026-02-25,ALL_UNQUALIFIED,SIMULATED
357095,Silver Trail Trading,PENTAGON FRANCHISE,202601,0.0,0.0,0.0,0.2,FULLY_PAID,BANK_TRANSFER,2026-02-25,ALL_UNQUALIFIED,SIMULATED
19982,River Stone Trading,DATA PARTNERS,202601,0.0,0.0,0.0,0.2,FULLY_PAID,BANK_TRANSFER,2026-02-25,ALL_UNQUALIFIED,SIMULATED
322058,Orchid Valley Networks,PENTAGON FRANCHISE,202601,0.0,0.0,0.0,0.2,FULLY_PAID,BANK_TRANSFER,2026-02-25,ALL_UNQUALIFIED,SIMULATED
327082,Stone Haven Networks,PENTAGON FRANCHISE,202601,0.0,0.0,0.0,0.2,FULLY_PAID,BANK_TRANSFER,2026-02-25,ALL_UNQUALIFIED,SIMULATED
430148,Rowan Wave Ventures,PENTAGON FRANCHISE,202601,0.0,0.0,0.0,0.2,FULLY_PAID,BANK_TRANSFER,2026-02-25,ALL_UNQUALIFIED,SIMULATED
356084,Harbor Crest Communications,PENTAGON FRANCHISE,202601,0.0,0.0,0.0,0.2,FULLY_PAID,BANK_TRANSFER,2026-02-25,ALL_UNQUALIFIED,SIMULATED
349073,Amber Horizon Communications,PENTAGON FRANCHISE,202601,0.0,0.0,0.0,0.2,FULLY_PAID,BANK_TRANSFER,2026-02-25,ALL_UNQUALIFIED,SIMULATED
296062,Meadow Stream Communications,PENTAGON FRANCHISE,202601,0.0,0.0,0.0,0.2,FULLY_PAID,BANK_TRANSFER,2026-02-25,ALL_UNQUALIFIED,SIMULATED
349083,Willow Vale Trading,PENTAGON FRANCHISE,202601,0.0,0.0,0.0,0.2,FULLY_PAID,BANK_TRANSFER,2026-02-25,ALL_UNQUALIFIED,SIMULATED
19840,Laurel Park Trading,CONNECT STORES,202601,0.0,0.0,0.0,0.2,FULLY_PAID,MTN_INTERNAL_SETTLEMENT,2026-02-25,ALL_UNQUALIFIED,SIMULATED
19514,Pearl Crest Communications,DEALER,202601,0.0,0.0,0.0,0.2,FULLY_PAID,BANK_TRANSFER,2026-02-25,ALL_UNQUALIFIED,SIMULATED
281059,Elm Port Communications,PENTAGON FRANCHISE,202601,0.0,0.0,0.0,0.2,FULLY_PAID,BANK_TRANSFER,2026-02-25,ALL_UNQUALIFIED,SIMULATED
74050,Stone Light Networks,FIXED BROADBAND,202604,1078552.05,970696.85,107855.2,0.9,PENDING,BANK_TRANSFER,,,SIMULATED
296065,River Isle Ventures,ENTERPRISE BUSINESS,202604,883868.3899999999,353547.36,530321.03,0.4,DISPUTED,BANK_TRANSFER,,CONFIRMED_MISMATCH,SIMULATED
98052,Ember Hill Networks,FIXED BROADBAND,202604,869457.7,782511.93,86945.77,0.9,PENDING,BANK_TRANSFER,,,SIMULATED
73037,Azure Trail Networks,ENTERPRISE BUSINESS,202604,781985.8200000001,703787.24,78198.58,0.9,PENDING,BANK_TRANSFER,,,SIMULATED
19392,Pine Lake Ventures,CONNECT STORES,202604,586403.24,527762.92,58640.32,0.9,PENDING,MTN_INTERNAL_SETTLEMENT,,,SIMULATED
90032,Quartz Meadow Networks,FIXED BROADBAND,202604,575066.8899999999,517560.2,57506.69,0.9,PENDING,BANK_TRANSFER,,,SIMULATED
88031,Oak Field Communications,FIXED BROADBAND,202604,562770.8899999999,506493.8,56277.09,0.9,PENDING,BANK_TRANSFER,,,SIMULATED
19477,Ocean Vale Ventures,CONNECT STORES,202604,526888.3799999999,474199.54,52688.84,0.9,PENDING,MTN_INTERNAL_SETTLEMENT,,,SIMULATED
213044,Silver Grove Communications,CONNECT STORES,202604,490408.58999999997,441367.73,49040.86,0.9,PENDING,MTN_INTERNAL_SETTLEMENT,,,SIMULATED
357063,Azure Leaf Communications,FIXED BROADBAND,202604,478307.83999999997,430477.06,47830.78,0.9,PENDING,BANK_TRANSFER,,,SIMULATED
69031,Azure Leaf Communications,DATA PARTNERS,202604,449373.6499999999,404436.28,44937.37,0.9,PENDING,BANK_TRANSFER,,,SIMULATED
19657,Birch Wave Ventures,DATA PARTNERS,202604,414635.43,373171.89,41463.54,0.9,PENDING,BANK_TRANSFER,,,SIMULATED
205044,Sunset Crest Communications,FIXED BROADBAND,202604,402808.3599999999,362527.52,40280.84,0.9,PENDING,BANK_TRANSFER,,,SIMULATED
19664,Cedar Stone Communications,DATA PARTNERS,202604,402657.88,362392.09,40265.79,0.9,PENDING,BANK_TRANSFER,,,SIMULATED
19562,Indigo Arc Communications,DATA PARTNERS,202604,374248.77,149699.51,224549.26,0.4,DISPUTED,BANK_TRANSFER,,CONFIRMED_MISMATCH,SIMULATED
379100,Laurel Light Ventures,FIXED BROADBAND,202604,345002.36,310502.12,34500.24,0.9,PENDING,BANK_TRANSFER,,,SIMULATED
311069,Cedar Stone Communications,FIXED BROADBAND,202604,342016.5799999999,307814.92,34201.66,0.9,PENDING,BANK_TRANSFER,,,SIMULATED
19948,Meadow Haven Networks,DATA PARTNERS,202604,337406.22000000003,303665.6,33740.62,0.9,PENDING,BANK_TRANSFER,,,SIMULATED
98053,Raven Sky Networks,FIXED BROADBAND,202604,336094.68000000005,302485.21,33609.47,0.9,PENDING,BANK_TRANSFER,,,SIMULATED
19793,Jade Lake Communications,CONNECT STORES,202604,322397.77999999997,290158.0,32239.78,0.9,PENDING,MTN_INTERNAL_SETTLEMENT,,,SIMULATED
19958,Meadow Wind Networks,CONNECT STORES,202604,302293.83999999997,272064.46,30229.38,0.9,PENDING,MTN_INTERNAL_SETTLEMENT,,,SIMULATED
19618,Golden Moon Communications,CONNECT STORES,202604,292414.58999999997,263173.13,29241.46,0.9,PENDING,MTN_INTERNAL_SETTLEMENT,,,SIMULATED
19647,Silver Valley Ventures,CONNECT STORES,202604,289372.7799999999,260435.5,28937.28,0.9,PENDING,MTN_INTERNAL_SETTLEMENT,,,SIMULATED
369075,Coral Sky Communications,FIXED BROADBAND,202604,282100.22,253890.2,28210.02,0.9,PENDING,BANK_TRANSFER,,,SIMULATED
110035,Olive Hill Networks,FIXED BROADBAND,202604,275497.02999999997,110198.81,165298.22,0.4,DISPUTED,BANK_TRANSFER,,CONFIRMED_MISMATCH,SIMULATED
19357,Quartz Meadow Networks,DATA PARTNERS,202604,274922.18999999994,247429.97,27492.22,0.9,PENDING,BANK_TRANSFER,,,SIMULATED
95040,Hazel Light Communications,FIXED BROADBAND,202604,270060.91,243054.82,27006.09,0.9,PENDING,BANK_TRANSFER,,,SIMULATED
19785,Stone Crest Ventures,DATA PARTNERS,202604,256721.6,231049.44,25672.16,0.9,PENDING,BANK_TRANSFER,,,SIMULATED
19478,Ocean Vale Ventures,CONNECT STORES,202604,256659.97999999998,230993.98,25666.0,0.9,PENDING,MTN_INTERNAL_SETTLEMENT,,,SIMULATED
19810,Birch Path Networks,CONNECT STORES,202604,253467.26999999996,228120.54,25346.73,0.9,PENDING,MTN_INTERNAL_SETTLEMENT,,,SIMULATED
250047,Quartz Vale Trading,FIXED BROADBAND,202604,249437.43999999994,224493.7,24943.74,0.9,PENDING,BANK_TRANSFER,,,SIMULATED
19372,Jade Point Trading,CONNECT STORES,202604,242544.87,218290.38,24254.49,0.9,PENDING,MTN_INTERNAL_SETTLEMENT,,,SIMULATED
19643,Birch Meadow Communications,CONNECT STORES,202604,240558.00999999998,216502.21,24055.8,0.9,PENDING,MTN_INTERNAL_SETTLEMENT,,,SIMULATED
19839,Laurel Park Trading,CONNECT STORES,202604,235635.06999999998,94254.03,141381.04,0.4,DISPUTED,MTN_INTERNAL_SETTLEMENT,,CONFIRMED_MISMATCH,SIMULATED
409091,Laurel Light Ventures,PENTAGON FRANCHISE,202604,232743.47999999992,93097.39,139646.09,0.4,DISPUTED,BANK_TRANSFER,,CONFIRMED_MISMATCH,SIMULATED
19649,Silver Valley Ventures,CONNECT STORES,202604,226950.59,204255.53,22695.06,0.9,PENDING,MTN_INTERNAL_SETTLEMENT,,,SIMULATED
254048,Juniper Shore Communications,ENTERPRISE BUSINESS,202604,226738.29,90695.32,136042.97,0.4,DISPUTED,BANK_TRANSFER,,CONFIRMED_MISMATCH,SIMULATED
19554,Ruby Reach Ventures,DATA PARTNERS,202604,224483.31999999998,202034.99,22448.33,0.9,PENDING,BANK_TRANSFER,,,SIMULATED
21276,Stone Light Networks,ENTERPRISE BUSINESS,202604,218466.62999999998,196619.97,21846.66,0.9,PENDING,BANK_TRANSFER,,,SIMULATED
379102,Coral Haven Trading,FIXED BROADBAND,202604,214336.41999999993,192902.78,21433.64,0.9,PENDING,BANK_TRANSFER,,,SIMULATED
19808,Ivory Spring Networks,DATA PARTNERS,202604,212768.23,191491.41,21276.82,0.9,PENDING,BANK_TRANSFER,,,SIMULATED
19367,Jade Point Trading,CONNECT STORES,202604,203246.32999999996,81298.53,121947.8,0.4,DISPUTED,MTN_INTERNAL_SETTLEMENT,,CONFIRMED_MISMATCH,SIMULATED
98048,Coral Wave Networks,FIXED BROADBAND,202604,203022.70999999993,182720.44,20302.27,0.9,PENDING,BANK_TRANSFER,,,SIMULATED
19761,Ivory Peak Networks,DATA PARTNERS,202604,202716.17999999996,182444.56,20271.62,0.9,PENDING,BANK_TRANSFER,,,SIMULATED
19494,Olive Reach Ventures,DATA PARTNERS,202604,201772.71000000002,181595.44,20177.27,0.9,PENDING,BANK_TRANSFER,,,SIMULATED
74051,Forest Arc Trading,FIXED BROADBAND,202604,200879.61999999997,180791.66,20087.96,0.9,PENDING,BANK_TRANSFER,,,SIMULATED
21258,Oak Crest Networks,CONNECT STORES,202604,199216.62000000002,179294.96,19921.66,0.9,PENDING,MTN_INTERNAL_SETTLEMENT,,,SIMULATED
265054,Raven Arc Ventures,FIXED BROADBAND,202604,194550.39,175095.35,19455.04,0.9,PENDING,BANK_TRANSFER,,,SIMULATED
337088,Sage Wood Trading,PENTAGON FRANCHISE,202604,192139.02999999997,76855.61,115283.42,0.4,DISPUTED,BANK_TRANSFER,,CONFIRMED_MISMATCH,SIMULATED
19597,Olive Wave Ventures,CONNECT STORES,202604,189220.24,170298.22,18922.02,0.9,PENDING,MTN_INTERNAL_SETTLEMENT,,,SIMULATED
78073,Coral View Communications,FIXED BROADBAND,202604,188740.06999999998,169866.06,18874.01,0.9,PENDING,BANK_TRANSFER,,,SIMULATED
97095,Quartz Delta Ventures,FIXED BROADBAND,202604,188689.87,169820.88,18868.99,0.9,PENDING,BANK_TRANSFER,,,SIMULATED
19437,Birch Dale Communications,CONNECT STORES,202604,187389.56999999998,168650.61,18738.96,0.9,PENDING,MTN_INTERNAL_SETTLEMENT,,,SIMULATED
19355,Juniper Stone Communications,CONNECT STORES,202604,186652.77,167987.49,18665.28,0.9,PENDING,MTN_INTERNAL_SETTLEMENT,,,SIMULATED
336060,Orchid Sky Communications,FIXED BROADBAND,202604,186290.03,167661.03,18629.0,0.9,PENDING,BANK_TRANSFER,,,SIMULATED
19632,Coral Point Ventures,CONNECT STORES,202604,175088.22,157579.4,17508.82,0.9,PENDING,MTN_INTERNAL_SETTLEMENT,,,SIMULATED
19555,Teal Reach Networks,CONNECT STORES,202604,173000.78,155700.7,17300.08,0.9,PENDING,MTN_INTERNAL_SETTLEMENT,,,SIMULATED
19382,Willow Stone Trading,DATA PARTNERS,202604,172576.56000000003,155318.9,17257.66,0.9,PENDING,BANK_TRANSFER,,,SIMULATED
291067,Juniper Light Networks,ENTERPRISE BUSINESS,202604,170902.06,153811.85,17090.21,0.9,PENDING,BANK_TRANSFER,,,SIMULATED
19648,Silver Valley Ventures,CONNECT STORES,202604,170639.94000000003,153575.95,17063.99,0.9,PENDING,MTN_INTERNAL_SETTLEMENT,,,SIMULATED
19818,Winter View Communications,CONNECT STORES,202604,170226.82,153204.14,17022.68,0.9,PENDING,MTN_INTERNAL_SETTLEMENT,,,SIMULATED
21259,Oak Crest Networks,CONNECT STORES,202604,169908.58999999997,152917.73,16990.86,0.9,PENDING,MTN_INTERNAL_SETTLEMENT,,,SIMULATED
19461,Orchid View Networks,CONNECT STORES,202604,169127.26,152214.53,16912.73,0.9,PENDING,MTN_INTERNAL_SETTLEMENT,,,SIMULATED
255075,Quartz Light Ventures,FIXED BROADBAND,202604,169115.77999999994,152204.2,16911.58,0.9,PENDING,BANK_TRANSFER,,,SIMULATED
214045,Quartz Park Trading,FIXED BROADBAND,202604,168647.11,151782.4,16864.71,0.9,PENDING,BANK_TRANSFER,,,SIMULATED
19523,Juniper Coast Networks,DATA PARTNERS,202604,166972.62999999998,150275.37,16697.26,0.9,PENDING,BANK_TRANSFER,,,SIMULATED
21260,Oak Crest Networks,CONNECT STORES,202604,165359.84999999998,148823.86,16535.99,0.9,PENDING,MTN_INTERNAL_SETTLEMENT,,,SIMULATED
19698,Aspen Park Networks,DATA PARTNERS,202604,165192.09999999998,148672.89,16519.21,0.9,PENDING,BANK_TRANSFER,,,SIMULATED
19366,Jade Point Trading,CONNECT STORES,202604,163529.15999999997,147176.24,16352.92,0.9,PENDING,MTN_INTERNAL_SETTLEMENT,,,SIMULATED
90031,Indigo Haven Trading,FIXED BROADBAND,202604,161424.66999999998,145282.2,16142.47,0.9,PENDING,BANK_TRANSFER,,,SIMULATED
232044,Swift Moon Communications,FIXED BROADBAND,202604,157394.89999999997,141655.41,15739.49,0.9,PENDING,BANK_TRANSFER,,,SIMULATED
19781,Raven Isle Communications,DEALER,202604,155419.44,93251.66,62167.78,0.6,PARTIALLY_PAID,BANK_TRANSFER,2026-05-30,HIGH_UNQUALIFIED_RATE,SIMULATED
74049,Linden Park Communications,ENTERPRISE BUSINESS,202604,154682.58,139214.32,15468.26,0.9,PENDING,BANK_TRANSFER,,,SIMULATED
19609,Topaz Leaf Networks,CONNECT STORES,202604,154157.97999999998,138742.18,15415.8,0.9,PENDING,MTN_INTERNAL_SETTLEMENT,,,SIMULATED
255073,Azure Ridge Ventures,ENTERPRISE BUSINESS,202604,152846.22000000003,137561.6,15284.62,0.9,PENDING,BANK_TRANSFER,,,SIMULATED
19513,Opal Ridge Communications,DATA PARTNERS,202604,152539.43,137285.49,15253.94,0.9,PENDING,BANK_TRANSFER,,,SIMULATED
19420,Stone Ridge Trading,DATA PARTNERS,202604,151378.18999999997,136240.37,15137.82,0.9,PENDING,BANK_TRANSFER,,,SIMULATED
353061,Forest Reach Communications,FIXED BROADBAND,202604,147610.86000000002,132849.77,14761.09,0.9,PENDING,BANK_TRANSFER,,,SIMULATED
395095,Topaz Light Communications,CONNECT HUB,202604,144167.33000000002,129750.6,14416.73,0.9,PENDING,MTN_INTERNAL_SETTLEMENT,,,SIMULATED
215043,Stone Stone Trading,FIXED BROADBAND,202604,143268.44999999995,128941.6,14326.85,0.9,PENDING,BANK_TRANSFER,,,SIMULATED
19501,Laurel Peak Networks,DATA PARTNERS,202604,141599.80000000002,127439.82,14159.98,0.9,PENDING,BANK_TRANSFER,,,SIMULATED
121038,River Isle Ventures,FIXED BROADBAND,202604,139763.4,125787.06,13976.34,0.9,PENDING,BANK_TRANSFER,,,SIMULATED
19969,River Isle Trading,DATA PARTNERS,202604,139657.33,125691.6,13965.73,0.9,PENDING,BANK_TRANSFER,,,SIMULATED
19345,Harbor Brook Ventures,CONNECT STORES,202604,138200.77999999997,124380.7,13820.08,0.9,PENDING,MTN_INTERNAL_SETTLEMENT,,,SIMULATED
83035,Amber Park Communications,FIXED BROADBAND,202604,137145.70999999996,123431.14,13714.57,0.9,PENDING,BANK_TRANSFER,,,SIMULATED
65032,Orchid View Networks,CONNECT HUB,202604,137051.06,123345.95,13705.11,0.9,PENDING,MTN_INTERNAL_SETTLEMENT,,,SIMULATED
19594,Olive Wave Ventures,CONNECT STORES,202604,134896.44999999998,121406.8,13489.65,0.9,PENDING,MTN_INTERNAL_SETTLEMENT,,,SIMULATED
19549,Azure Crest Communications,CONNECT STORES,202604,134745.91,121271.32,13474.59,0.9,PENDING,MTN_INTERNAL_SETTLEMENT,,,SIMULATED
19580,Topaz Bridge Trading,CONNECT STORES,202604,134377.56,120939.8,13437.76,0.9,PENDING,MTN_INTERNAL_SETTLEMENT,,,SIMULATED
206055,Jade Arc Ventures,CONNECT STORES,202604,134377.47999999998,120939.73,13437.75,0.9,PENDING,MTN_INTERNAL_SETTLEMENT,,,SIMULATED
68028,Teal Delta Ventures,ENTERPRISE BUSINESS,202604,133590.52,120231.47,13359.05,0.9,PENDING,BANK_TRANSFER,,,SIMULATED
107037,Winter Delta Ventures,FIXED BROADBAND,202604,132072.31,118865.08,13207.23,0.9,PENDING,BANK_TRANSFER,,,SIMULATED
78075,Jade View Ventures,FIXED BROADBAND,202604,130554.13999999998,117498.73,13055.41,0.9,PENDING,BANK_TRANSFER,,,SIMULATED
290074,Ocean Field Trading,FIXED BROADBAND,202604,129192.25999999997,116273.03,12919.23,0.9,PENDING,BANK_TRANSFER,,,SIMULATED
19816,Winter View Communications,CONNECT STORES,202604,128360.84999999999,115524.76,12836.09,0.9,PENDING,MTN_INTERNAL_SETTLEMENT,,,SIMULATED
19628,Coral Point Ventures,CONNECT STORES,202604,128048.21,76828.93,51219.28,0.6,PARTIALLY_PAID,MTN_INTERNAL_SETTLEMENT,2026-05-30,HIGH_UNQUALIFIED_RATE,SIMULATED
19913,Forest Lake Ventures,DEALER,202604,126948.80999999998,114253.93,12694.88,0.9,PENDING,BANK_TRANSFER,,,SIMULATED
206053,Raven Arc Ventures,ENTERPRISE BUSINESS,202604,124537.52999999997,112083.78,12453.75,0.9,PENDING,BANK_TRANSFER,,,SIMULATED
19462,Orchid View Networks,DEALER,202604,124174.84999999998,111757.36,12417.49,0.9,PENDING,BANK_TRANSFER,,,SIMULATED
295085,Harbor Field Networks,FIXED BROADBAND,202604,123069.43999999997,110762.5,12306.94,0.9,PENDING,BANK_TRANSFER,,,SIMULATED
19615,Raven Port Trading,DATA PARTNERS,202604,122650.86999999998,110385.78,12265.09,0.9,PENDING,BANK_TRANSFER,,,SIMULATED
19837,Jade Haven Trading,DATA PARTNERS,202604,121506.91999999998,109356.23,12150.69,0.9,PENDING,BANK_TRANSFER,,,SIMULATED
341065,Quartz Coast Networks,PENTAGON FRANCHISE,202604,119301.94999999995,107371.75,11930.2,0.9,PENDING,BANK_TRANSFER,,,SIMULATED
19642,Birch Meadow Communications,CONNECT STORES,202604,118889.10999999999,107000.2,11888.91,0.9,PENDING,MTN_INTERNAL_SETTLEMENT,,,SIMULATED
353073,Raven Grove Networks,ENTERPRISE BUSINESS,202604,117889.92999999998,106100.94,11788.99,0.9,PENDING,BANK_TRANSFER,,,SIMULATED
437141,Harbor Isle Communications,PENTAGON FRANCHISE,202604,116796.27999999998,46718.51,70077.77,0.4,DISPUTED,BANK_TRANSFER,,CONFIRMED_MISMATCH,SIMULATED
19809,Birch Point Ventures,DATA PARTNERS,202604,116796.09999999999,105116.49,11679.61,0.9,PENDING,BANK_TRANSFER,,,SIMULATED
393087,Crystal Park Ventures,PENTAGON FRANCHISE,202604,116740.22999999997,105066.21,11674.02,0.9,PENDING,BANK_TRANSFER,,,SIMULATED
255074,Teal Stream Networks,ENTERPRISE BUSINESS,202604,116740.18999999999,105066.17,11674.02,0.9,PENDING,BANK_TRANSFER,,,SIMULATED
19746,Quartz Horizon Trading,CONNECT STORES,202604,115490.10999999999,103941.1,11549.01,0.9,PENDING,MTN_INTERNAL_SETTLEMENT,,,SIMULATED
83033,Meadow Dale Trading,FIXED BROADBAND,202604,114697.33999999997,103227.61,11469.73,0.9,PENDING,BANK_TRANSFER,,,SIMULATED
19571,Rowan Light Communications,CONNECT STORES,202604,113341.26999999999,102007.14,11334.13,0.9,PENDING,MTN_INTERNAL_SETTLEMENT,,,SIMULATED
295084,Stone Leaf Networks,PENTAGON FRANCHISE,202604,113129.06999999999,101816.16,11312.91,0.9,PENDING,BANK_TRANSFER,,,SIMULATED
54253,Topaz Haven Ventures,DATA PARTNERS,202604,112291.80999999998,101062.63,11229.18,0.9,PENDING,BANK_TRANSFER,,,SIMULATED
311059,Winter Horizon Trading,PENTAGON FRANCHISE,202604,112135.65999999997,44854.26,67281.4,0.4,DISPUTED,BANK_TRANSFER,,CONFIRMED_MISMATCH,SIMULATED
19577,Topaz Bridge Trading,CONNECT STORES,202604,110572.95999999999,99515.66,11057.3,0.9,PENDING,MTN_INTERNAL_SETTLEMENT,,,SIMULATED
19953,Opal Dale Networks,DATA PARTNERS,202604,109730.02999999998,98757.03,10973.0,0.9,PENDING,BANK_TRANSFER,,,SIMULATED
19415,Spruce Sky Trading,DATA PARTNERS,202604,108680.66999999997,97812.6,10868.07,0.9,PENDING,BANK_TRANSFER,,,SIMULATED
19581,Topaz Bridge Trading,CONNECT STORES,202604,107380.39,96642.35,10738.04,0.9,PENDING,MTN_INTERNAL_SETTLEMENT,,,SIMULATED
20046,Teal Ridge Ventures,DEALER,202604,107118.04999999999,96406.24,10711.81,0.9,PENDING,BANK_TRANSFER,,,SIMULATED
223046,Ivory Brook Communications,FIXED BROADBAND,202604,105331.80999999997,94798.63,10533.18,0.9,PENDING,BANK_TRANSFER,,,SIMULATED
74054,Teal Port Networks,FIXED BROADBAND,202604,104913.21999999997,94421.9,10491.32,0.9,PENDING,BANK_TRANSFER,,,SIMULATED
19817,Winter View Communications,CONNECT STORES,202604,104444.40999999997,93999.97,10444.44,0.9,PENDING,MTN_INTERNAL_SETTLEMENT,,,SIMULATED
19619,Golden Moon Communications,CONNECT STORES,202604,103506.87,93156.18,10350.69,0.9,PENDING,MTN_INTERNAL_SETTLEMENT,,,SIMULATED
19583,Topaz Bridge Trading,CONNECT STORES,202604,102825.91999999998,92543.33,10282.59,0.9,PENDING,MTN_INTERNAL_SETTLEMENT,,,SIMULATED
249048,Indigo Lake Trading,FIXED BROADBAND,202604,102820.22999999998,92538.21,10282.02,0.9,PENDING,BANK_TRANSFER,,,SIMULATED
19434,Crystal Leaf Ventures,DATA PARTNERS,202604,100420.40999999999,90378.37,10042.04,0.9,PENDING,BANK_TRANSFER,,,SIMULATED
19579,Topaz Bridge Trading,CONNECT STORES,202604,99164.59999999999,89248.14,9916.46,0.9,PENDING,MTN_INTERNAL_SETTLEMENT,,,SIMULATED
379092,Azure Trail Networks,PENTAGON FRANCHISE,202604,98533.81,88680.43,9853.38,0.9,PENDING,BANK_TRANSFER,,,SIMULATED
19394,Pine Lake Ventures,CONNECT STORES,202604,97696.58999999998,87926.93,9769.66,0.9,PENDING,MTN_INTERNAL_SETTLEMENT,,,SIMULATED
19896,Flint Grove Trading,CONNECT STORES,202604,97484.58999999998,87736.13,9748.46,0.9,PENDING,MTN_INTERNAL_SETTLEMENT,,,SIMULATED
78074,Harbor Moon Ventures,FIXED BROADBAND,202604,96541.19999999997,86887.08,9654.12,0.9,PENDING,BANK_TRANSFER,,,SIMULATED
19448,Hazel Meadow Trading,DATA PARTNERS,202604,95391.41999999998,38156.57,57234.85,0.4,DISPUTED,BANK_TRANSFER,,CONFIRMED_MISMATCH,SIMULATED
19347,Jade Arc Trading,CONNECT STORES,202604,94610.10999999999,37844.04,56766.07,0.4,DISPUTED,MTN_INTERNAL_SETTLEMENT,,CONFIRMED_MISMATCH,SIMULATED
19559,Coral Wave Networks,DATA PARTNERS,202604,92198.88999999998,82979.0,9219.89,0.9,PENDING,BANK_TRANSFER,,,SIMULATED
19327,Raven Trail Networks,DATA PARTNERS,202604,91099.34999999998,81989.41,9109.94,0.9,PENDING,BANK_TRANSFER,,,SIMULATED
19569,Rowan Light Communications,CONNECT STORES,202604,90161.75,81145.57,9016.18,0.9,PENDING,MTN_INTERNAL_SETTLEMENT,,,SIMULATED
19582,Topaz Bridge Trading,CONNECT STORES,202604,88956.23999999999,80060.62,8895.62,0.9,PENDING,MTN_INTERNAL_SETTLEMENT,,,SIMULATED
396095,Ivory Stone Ventures,FIXED BROADBAND,202604,88905.91999999998,80015.33,8890.59,0.9,PENDING,BANK_TRANSFER,,,SIMULATED
19531,Orchid Stream Networks,CONNECT STORES,202604,87125.54999999999,78412.99,8712.56,0.9,PENDING,MTN_INTERNAL_SETTLEMENT,,,SIMULATED
60025,Forest Arc Trading,DATA PARTNERS,202604,86757.01999999999,78081.32,8675.7,0.9,PENDING,BANK_TRANSFER,,,SIMULATED
19335,Raven View Networks,CONNECT STORES,202604,85763.53,51458.12,34305.41,0.6,PARTIALLY_PAID,MTN_INTERNAL_SETTLEMENT,2026-05-30,HIGH_UNQUALIFIED_RATE,SIMULATED
130062,Amber Arc Communications,ENTERPRISE BUSINESS,202604,85607.29999999999,77046.57,8560.73,0.9,PENDING,BANK_TRANSFER,,,SIMULATED
19779,Swift Stone Networks,DATA PARTNERS,202604,85032.43999999997,76529.2,8503.24,0.9,PENDING,BANK_TRANSFER,,,SIMULATED
95039,Pearl Haven Ventures,FIXED BROADBAND,202604,83983.03999999998,75584.74,8398.3,0.9,PENDING,BANK_TRANSFER,,,SIMULATED
239048,Stone Leaf Networks,FIXED BROADBAND,202604,83983.01999999996,75584.72,8398.3,0.9,PENDING,BANK_TRANSFER,,,SIMULATED
19687,Ivory Stone Communications,CONNECT STORES,202604,83302.28999999998,74972.06,8330.23,0.9,PENDING,MTN_INTERNAL_SETTLEMENT,,,SIMULATED
19570,Rowan Light Communications,CONNECT STORES,202604,81633.42,73470.08,8163.34,0.9,PENDING,MTN_INTERNAL_SETTLEMENT,,,SIMULATED
367077,Golden Vale Trading,FIXED BROADBAND,202604,81471.43999999999,73324.3,8147.14,0.9,PENDING,BANK_TRANSFER,,,SIMULATED
294071,Linden Crest Communications,FIXED BROADBAND,202604,81421.26,73279.13,8142.13,0.9,PENDING,BANK_TRANSFER,,,SIMULATED
19825,Juniper Shore Networks,DATA PARTNERS,202604,80740.28999999998,72666.26,8074.03,0.9,PENDING,BANK_TRANSFER,,,SIMULATED
19590,Spruce Brook Trading,DATA PARTNERS,202604,80371.89999999998,72334.71,8037.19,0.9,PENDING,BANK_TRANSFER,,,SIMULATED
19952,Swift Ridge Ventures,DATA PARTNERS,202604,79746.84,71772.16,7974.68,0.9,PENDING,BANK_TRANSFER,,,SIMULATED
65036,Aspen Sky Trading,CONNECT HUB,202604,79746.81999999999,71772.14,7974.68,0.9,PENDING,MTN_INTERNAL_SETTLEMENT,,,SIMULATED
165043,Topaz Bridge Trading,CONNECT HUB,202604,79278.10999999999,71350.3,7927.81,0.9,PENDING,MTN_INTERNAL_SETTLEMENT,,,SIMULATED
19932,Swift Meadow Ventures,CONNECT STORES,202604,79065.91,71159.32,7906.59,0.9,PENDING,MTN_INTERNAL_SETTLEMENT,,,SIMULATED
353062,Spruce Star Ventures,PENTAGON FRANCHISE,202604,78753.34999999999,70878.01,7875.34,0.9,PENDING,BANK_TRANSFER,,,SIMULATED
349078,Raven Horizon Communications,PENTAGON FRANCHISE,202604,78647.25999999998,31458.9,47188.36,0.4,DISPUTED,BANK_TRANSFER,,CONFIRMED_MISMATCH,SIMULATED
19903,Linden Valley Ventures,CONNECT STORES,202604,78384.95999999999,70546.46,7838.5,0.9,PENDING,MTN_INTERNAL_SETTLEMENT,,,SIMULATED
347061,Silver Valley Ventures,ENTERPRISE BUSINESS,202604,78128.32999999999,70315.5,7812.83,0.9,PENDING,BANK_TRANSFER,,,SIMULATED
342067,Oak Wave Networks,PENTAGON FRANCHISE,202604,78072.41999999998,31228.97,46843.45,0.4,DISPUTED,BANK_TRANSFER,,CONFIRMED_MISMATCH,SIMULATED
20018,Linden Light Ventures,DATA PARTNERS,202604,77023.09999999999,69320.79,7702.31,0.9,PENDING,BANK_TRANSFER,,,SIMULATED
162043,Teal Ridge Ventures,CONNECT HUB,202604,76816.60999999999,69134.95,7681.66,0.9,PENDING,MTN_INTERNAL_SETTLEMENT,,,SIMULATED
19938,Willow Point Networks,DATA PARTNERS,202604,76185.91999999997,68567.33,7618.59,0.9,PENDING,BANK_TRANSFER,,,SIMULATED
19605,Rowan Stone Trading,DATA PARTNERS,202604,74673.41999999998,67206.08,7467.34,0.9,PENDING,BANK_TRANSFER,,,SIMULATED
21240,Harbor Meadow Networks,DATA PARTNERS,202604,73573.89999999998,29429.56,44144.34,0.4,DISPUTED,BANK_TRANSFER,,CONFIRMED_MISMATCH,SIMULATED
65027,Coral Trail Ventures,DATA PARTNERS,202604,73417.60999999999,66075.85,7341.76,0.9,PENDING,BANK_TRANSFER,,,SIMULATED
19895,Flint Grove Trading,CONNECT STORES,202604,73205.61,65885.05,7320.56,0.9,PENDING,MTN_INTERNAL_SETTLEMENT,,,SIMULATED
19368,Jade Point Trading,CONNECT STORES,202604,72836.97999999998,43702.19,29134.79,0.6,PARTIALLY_PAID,MTN_INTERNAL_SETTLEMENT,2026-05-30,HIGH_UNQUALIFIED_RATE,SIMULATED
65034,Topaz Bridge Trading,CONNECT HUB,202604,72580.38999999998,65322.35,7258.04,0.9,PENDING,MTN_INTERNAL_SETTLEMENT,,,SIMULATED
19796,Jade Lake Communications,CONNECT STORES,202604,71949.62,64754.66,7194.96,0.9,PENDING,MTN_INTERNAL_SETTLEMENT,,,SIMULATED
113031,Golden Dale Communications,CONNECT HUB,202604,70225.04000000001,63202.54,7022.5,0.9,PENDING,MTN_INTERNAL_SETTLEMENT,,,SIMULATED
351061,Birch Path Networks,CONNECT HUB,202604,69488.26,62539.43,6948.83,0.9,PENDING,MTN_INTERNAL_SETTLEMENT,,,SIMULATED
393086,Swift Wave Communications,PENTAGON FRANCHISE,202604,69075.32,62167.79,6907.53,0.9,PENDING,BANK_TRANSFER,,,SIMULATED
332069,Linden Light Ventures,FIXED BROADBAND,202604,68494.75,61645.28,6849.47,0.9,PENDING,BANK_TRANSFER,,,SIMULATED
385085,Juniper Shore Communications,PENTAGON FRANCHISE,202604,67557.15,60801.43,6755.72,0.9,PENDING,BANK_TRANSFER,,,SIMULATED
357091,Willow Delta Communications,PENTAGON FRANCHISE,202604,67557.15,60801.43,6755.72,0.9,PENDING,BANK_TRANSFER,,,SIMULATED
296075,Amber Isle Networks,PENTAGON FRANCHISE,202604,66976.57999999999,60278.92,6697.66,0.9,PENDING,BANK_TRANSFER,,,SIMULATED
115057,Indigo Crown Networks,CONNECT HUB,202604,66613.87999999999,59952.49,6661.39,0.9,PENDING,MTN_INTERNAL_SETTLEMENT,,,SIMULATED
275053,Opal Dale Networks,ENTERPRISE BUSINESS,202604,66038.99999999999,59435.1,6603.9,0.9,PENDING,BANK_TRANSFER,,,SIMULATED
19916,Sage Dale Trading,DATA PARTNERS,202604,65564.49999999999,59008.05,6556.45,0.9,PENDING,BANK_TRANSFER,,,SIMULATED
19511,Teal Vale Trading,DATA PARTNERS,202604,65358.04999999999,58822.24,6535.81,0.9,PENDING,BANK_TRANSFER,,,SIMULATED
20047,Teal Ridge Ventures,CONNECT STORES,202604,64833.34999999999,58350.01,6483.34,0.9,PENDING,MTN_INTERNAL_SETTLEMENT,,,SIMULATED
19959,Meadow Wind Networks,CONNECT STORES,202604,64152.49999999999,57737.25,6415.25,0.9,PENDING,MTN_INTERNAL_SETTLEMENT,,,SIMULATED
365080,Willow Brook Networks,PENTAGON FRANCHISE,202604,63996.20999999999,57596.59,6399.62,0.9,PENDING,BANK_TRANSFER,,,SIMULATED
357092,Maple Stream Communications,PENTAGON FRANCHISE,202604,62427.83999999998,56185.06,6242.78,0.9,PENDING,BANK_TRANSFER,,,SIMULATED
26035,Ember Grove Communications,DATA PARTNERS,202604,62321.77,56089.59,6232.18,0.9,PENDING,BANK_TRANSFER,,,SIMULATED
162044,Jade Lake Communications,CONNECT HUB,202604,61534.68999999999,55381.22,6153.47,0.9,PENDING,MTN_INTERNAL_SETTLEMENT,,,SIMULATED
19960,Meadow Wind Networks,CONNECT STORES,202604,61172.029999999984,55054.83,6117.2,0.9,PENDING,MTN_INTERNAL_SETTLEMENT,,,SIMULATED
65030,Ivory Brook Communications,DATA PARTNERS,202604,60959.869999999995,54863.88,6095.99,0.9,PENDING,BANK_TRANSFER,,,SIMULATED
83034,Elm Stream Trading,FIXED BROADBAND,202604,60697.54999999999,54627.79,6069.76,0.9,PENDING,BANK_TRANSFER,,,SIMULATED
19919,Sunset Path Trading,CONNECT STORES,202604,60597.149999999994,54537.43,6059.72,0.9,PENDING,MTN_INTERNAL_SETTLEMENT,,,SIMULATED
360067,Rowan Vale Trading,ENTERPRISE BUSINESS,202604,59810.109999999986,53829.1,5981.01,0.9,PENDING,BANK_TRANSFER,,,SIMULATED
19838,Laurel Park Trading,CONNECT STORES,202604,59810.109999999986,53829.1,5981.01,0.9,PENDING,MTN_INTERNAL_SETTLEMENT,,,SIMULATED
19951,Coral Reach Trading,DATA PARTNERS,202604,59441.69999999999,53497.53,5944.17,0.9,PENDING,BANK_TRANSFER,,,SIMULATED
19668,Fern Horizon Ventures,DATA PARTNERS,202604,59441.67999999999,53497.51,5944.17,0.9,PENDING,BANK_TRANSFER,,,SIMULATED
379094,Indigo Wind Trading,ENTERPRISE BUSINESS,202604,59341.34,53407.21,5934.13,0.9,PENDING,BANK_TRANSFER,,,SIMULATED
19941,Olive Point Ventures,DEALER,202604,59023.109999999986,53120.8,5902.31,0.9,PENDING,BANK_TRANSFER,,,SIMULATED
19591,Golden Spring Communications,CONNECT STORES,202604,58766.479999999996,35259.89,23506.59,0.6,PARTIALLY_PAID,MTN_INTERNAL_SETTLEMENT,2026-05-30,HIGH_UNQUALIFIED_RATE,SIMULATED
19332,Ruby Brook Communications,DATA PARTNERS,202604,58448.209999999985,52603.39,5844.82,0.9,PENDING,BANK_TRANSFER,,,SIMULATED
257067,Laurel Dale Ventures,ENTERPRISE BUSINESS,202604,57873.39,52086.05,5787.34,0.9,PENDING,BANK_TRANSFER,,,SIMULATED
19957,Meadow Wind Networks,CONNECT STORES,202604,57873.34999999999,34724.01,23149.34,0.6,PARTIALLY_PAID,MTN_INTERNAL_SETTLEMENT,2026-05-30,HIGH_UNQUALIFIED_RATE,SIMULATED
333068,Raven Sky Networks,PENTAGON FRANCHISE,202604,57823.229999999996,52040.91,5782.32,0.9,PENDING,BANK_TRANSFER,,,SIMULATED
113048,Willow Lake Communications,CONNECT HUB,202604,57767.279999999984,51990.55,5776.73,0.9,PENDING,MTN_INTERNAL_SETTLEMENT,,,SIMULATED
19436,Birch Dale Communications,CONNECT STORES,202604,57767.25999999999,34660.36,23106.9,0.6,PARTIALLY_PAID,MTN_INTERNAL_SETTLEMENT,2026-05-30,HIGH_UNQUALIFIED_RATE,SIMULATED
19529,Ocean Brook Ventures,DATA PARTNERS,202604,57348.70999999999,51613.84,5734.87,0.9,PENDING,BANK_TRANSFER,,,SIMULATED
19713,Aspen Delta Networks,DATA PARTNERS,202604,57142.25999999999,51428.03,5714.23,0.9,PENDING,BANK_TRANSFER,,,SIMULATED
21280,Maple Meadow Trading,DEALER,202604,56930.07999999999,51237.07,5693.01,0.9,PENDING,BANK_TRANSFER,,,SIMULATED
19341,Stone Wind Communications,CONNECT STORES,202604,55573.909999999996,50016.52,5557.39,0.9,PENDING,MTN_INTERNAL_SETTLEMENT,,,SIMULATED
19496,Teal Isle Trading,CONNECT STORES,202604,55361.72999999998,49825.56,5536.17,0.9,PENDING,MTN_INTERNAL_SETTLEMENT,,,SIMULATED
310068,Crystal Grove Trading,PENTAGON FRANCHISE,202604,54212.029999999984,48790.83,5421.2,0.9,PENDING,BANK_TRANSFER,,,SIMULATED
400090,Rowan Port Trading,PENTAGON FRANCHISE,202604,53999.82999999999,48599.85,5399.98,0.9,PENDING,BANK_TRANSFER,,,SIMULATED
19880,Laurel Crown Networks,CONNECT STORES,202604,53637.149999999994,21454.86,32182.29,0.4,DISPUTED,MTN_INTERNAL_SETTLEMENT,,CONFIRMED_MISMATCH,SIMULATED
26037,Crystal Stream Networks,DATA PARTNERS,202604,53581.28,48223.15,5358.13,0.9,PENDING,BANK_TRANSFER,,,SIMULATED
361063,Pine Delta Communications,PENTAGON FRANCHISE,202604,53374.80999999998,48037.33,5337.48,0.9,PENDING,BANK_TRANSFER,,,SIMULATED
107046,Birch Hill Trading,ENTERPRISE BUSINESS,202604,53162.689999999995,47846.42,5316.27,0.9,PENDING,BANK_TRANSFER,,,SIMULATED
366074,Ivory Light Networks,PENTAGON FRANCHISE,202604,53112.48999999999,47801.24,5311.25,0.9,PENDING,BANK_TRANSFER,,,SIMULATED
107031,Pearl Park Ventures,ENTERPRISE BUSINESS,202604,52587.78999999999,47329.01,5258.78,0.9,PENDING,BANK_TRANSFER,,,SIMULATED
19795,Jade Lake Communications,CONNECT STORES,202604,51906.85999999999,46716.17,5190.69,0.9,PENDING,MTN_INTERNAL_SETTLEMENT,,,SIMULATED
373071,Meadow Hill Ventures,PENTAGON FRANCHISE,202604,51856.65999999999,46670.99,5185.67,0.9,PENDING,BANK_TRANSFER,,,SIMULATED
19556,Teal Reach Networks,CONNECT STORES,202604,51544.13999999999,30926.48,20617.66,0.6,PARTIALLY_PAID,MTN_INTERNAL_SETTLEMENT,2026-05-30,HIGH_UNQUALIFIED_RATE,SIMULATED
19716,Topaz Hill Communications,DATA PARTNERS,202604,51488.369999999995,46339.53,5148.84,0.9,PENDING,BANK_TRANSFER,,,SIMULATED
84621,Cedar Haven Trading,FIXED BROADBAND,202604,51175.72999999999,46058.16,5117.57,0.9,PENDING,BANK_TRANSFER,,,SIMULATED
441144,Teal Field Ventures,PENTAGON FRANCHISE,202604,50969.27999999999,45872.35,5096.93,0.9,PENDING,BANK_TRANSFER,,,SIMULATED
325070,Birch Wave Ventures,PENTAGON FRANCHISE,202604,50651.03,45585.93,5065.1,0.9,PENDING,BANK_TRANSFER,,,SIMULATED
19497,Teal Isle Trading,CONNECT STORES,202604,49813.81,44832.43,4981.38,0.9,PENDING,MTN_INTERNAL_SETTLEMENT,,,SIMULATED
19931,Swift Meadow Ventures,CONNECT STORES,202604,49657.59999999999,29794.56,19863.04,0.6,PARTIALLY_PAID,MTN_INTERNAL_SETTLEMENT,2026-05-30,HIGH_UNQUALIFIED_RATE,SIMULATED
19829,Dawn Horizon Trading,DATA PARTNERS,202604,49395.21999999999,44455.7,4939.52,0.9,PENDING,BANK_TRANSFER,,,SIMULATED
365110,Golden Star Ventures,PENTAGON FRANCHISE,202604,49238.99,44315.09,4923.9,0.9,PENDING,BANK_TRANSFER,,,SIMULATED
353072,River Isle Ventures,PENTAGON FRANCHISE,202604,48976.59,44078.93,4897.66,0.9,PENDING,BANK_TRANSFER,,,SIMULATED
180043,Orchid View Networks,CONNECT HUB,202604,48613.909999999996,43752.52,4861.39,0.9,PENDING,MTN_INTERNAL_SETTLEMENT,,,SIMULATED
19406,Ocean Leaf Networks,DATA PARTNERS,202604,48401.78999999999,43561.61,4840.18,0.9,PENDING,BANK_TRANSFER,,,SIMULATED
19504,Raven Leaf Trading,DATA PARTNERS,202604,48089.22999999999,28853.54,19235.69,0.6,PARTIALLY_PAID,BANK_TRANSFER,2026-05-30,HIGH_UNQUALIFIED_RATE,SIMULATED
19867,Azure Isle Trading,DATA PARTNERS,202604,47720.779999999984,42948.7,4772.08,0.9,PENDING,BANK_TRANSFER,,,SIMULATED
19354,Pearl Wave Communications,DATA PARTNERS,202604,47302.18999999999,42571.97,4730.22,0.9,PENDING,BANK_TRANSFER,,,SIMULATED
388084,Laurel Field Networks,ENTERPRISE BUSINESS,202604,46939.509999999995,42245.56,4693.95,0.9,PENDING,BANK_TRANSFER,,,SIMULATED
329066,Jade Star Ventures,PENTAGON FRANCHISE,202604,46883.59999999999,42195.24,4688.36,0.9,PENDING,BANK_TRANSFER,,,SIMULATED
19568,Rowan Light Communications,CONNECT STORES,202604,46464.969999999994,41818.47,4646.5,0.9,PENDING,MTN_INTERNAL_SETTLEMENT,,,SIMULATED
19682,Forest Vale Communications,CONNECT STORES,202604,46308.73999999999,41677.87,4630.87,0.9,PENDING,MTN_INTERNAL_SETTLEMENT,,,SIMULATED
19596,Olive Wave Ventures,CONNECT STORES,202604,46152.47,41537.22,4615.25,0.9,PENDING,MTN_INTERNAL_SETTLEMENT,,,SIMULATED
290072,Linden Light Ventures,PENTAGON FRANCHISE,202604,46046.46,41441.81,4604.65,0.9,PENDING,BANK_TRANSFER,,,SIMULATED
280069,Sage Isle Ventures,PENTAGON FRANCHISE,202604,45996.21999999999,41396.6,4599.62,0.9,PENDING,BANK_TRANSFER,,,SIMULATED
19740,Indigo Crown Networks,CONNECT STORES,202604,45052.94999999998,40547.65,4505.3,0.9,PENDING,MTN_INTERNAL_SETTLEMENT,,,SIMULATED
153031,Coral Point Ventures,CONNECT HUB,202604,45002.74999999999,40502.47,4500.28,0.9,PENDING,MTN_INTERNAL_SETTLEMENT,,,SIMULATED
19673,Rowan View Ventures,CONNECT STORES,202604,44846.479999999996,26907.89,17938.59,0.6,PARTIALLY_PAID,MTN_INTERNAL_SETTLEMENT,2026-05-30,HIGH_UNQUALIFIED_RATE,SIMULATED
203044,Sage Arc Ventures,CONNECT STORES,202604,44478.109999999986,40030.3,4447.81,0.9,PENDING,MTN_INTERNAL_SETTLEMENT,,,SIMULATED
19669,Spruce Spring Ventures,CONNECT STORES,202604,44372.020000000004,39934.82,4437.2,0.9,PENDING,MTN_INTERNAL_SETTLEMENT,,,SIMULATED
65026,Stone Light Networks,DATA PARTNERS,202604,44372.01999999999,39934.82,4437.2,0.9,PENDING,BANK_TRANSFER,,,SIMULATED
19646,Rowan Wind Trading,DEALER,202604,44321.81999999999,39889.64,4432.18,0.9,PENDING,BANK_TRANSFER,,,SIMULATED
170045,Teal Wave Trading,DATA PARTNERS,202604,44059.479999999996,39653.53,4405.95,0.9,PENDING,BANK_TRANSFER,,,SIMULATED
19463,Orchid View Networks,CONNECT STORES,202604,44009.28,26405.57,17603.71,0.6,PARTIALLY_PAID,MTN_INTERNAL_SETTLEMENT,2026-05-30,HIGH_UNQUALIFIED_RATE,SIMULATED
357062,Golden Vale Trading,ENTERPRISE BUSINESS,202604,43797.119999999995,39417.41,4379.71,0.9,PENDING,BANK_TRANSFER,,,SIMULATED
311077,Flint Grove Trading,FIXED BROADBAND,202604,43534.759999999995,39181.28,4353.48,0.9,PENDING,BANK_TRANSFER,,,SIMULATED
19502,Swift Stone Ventures,DATA PARTNERS,202604,43378.56999999999,39040.71,4337.86,0.9,PENDING,BANK_TRANSFER,,,SIMULATED
345059,Ember Path Networks,PENTAGON FRANCHISE,202604,43378.50999999999,39040.66,4337.85,0.9,PENDING,BANK_TRANSFER,,,SIMULATED
365078,Oak Dale Ventures,PENTAGON FRANCHISE,202604,43222.31999999999,38900.09,4322.23,0.9,PENDING,BANK_TRANSFER,,,SIMULATED
337090,Sunset Horizon Communications,PENTAGON FRANCHISE,202604,43116.149999999994,38804.53,4311.62,0.9,PENDING,BANK_TRANSFER,,,SIMULATED
295081,River Moon Networks,PENTAGON FRANCHISE,202604,42803.62999999999,38523.27,4280.36,0.9,PENDING,BANK_TRANSFER,,,SIMULATED
310067,Aspen Sky Communications,PENTAGON FRANCHISE,202604,42697.53999999999,38427.79,4269.75,0.9,PENDING,BANK_TRANSFER,,,SIMULATED
107036,Stone Leaf Networks,ENTERPRISE BUSINESS,202604,42541.30999999999,38287.18,4254.13,0.9,PENDING,BANK_TRANSFER,,,SIMULATED
271053,Willow Stream Ventures,ENTERPRISE BUSINESS,202604,42334.86,38101.37,4233.49,0.9,PENDING,BANK_TRANSFER,,,SIMULATED
19831,Pearl Horizon Communications,DATA PARTNERS,202604,42122.71999999999,37910.45,4212.27,0.9,PENDING,BANK_TRANSFER,,,SIMULATED
351059,Flint Leaf Trading,PENTAGON FRANCHISE,202604,42072.51999999999,37865.27,4207.25,0.9,PENDING,BANK_TRANSFER,,,SIMULATED
349076,Hazel Coast Trading,PENTAGON FRANCHISE,202604,41860.34,37674.31,4186.03,0.9,PENDING,BANK_TRANSFER,,,SIMULATED
287073,Pine Bay Networks,PENTAGON FRANCHISE,202604,41810.17999999999,37629.16,4181.02,0.9,PENDING,BANK_TRANSFER,,,SIMULATED
19622,Ember Crest Networks,DATA PARTNERS,202604,41704.11,37533.7,4170.41,0.9,PENDING,BANK_TRANSFER,,,SIMULATED
347062,Harbor Field Networks,ENTERPRISE BUSINESS,202604,40866.86999999998,36780.18,4086.69,0.9,PENDING,BANK_TRANSFER,,,SIMULATED
160046,Aspen Sky Trading,CONNECT HUB,202604,40710.7,36639.63,4071.07,0.9,PENDING,MTN_INTERNAL_SETTLEMENT,,,SIMULATED
71031,Forest Bridge Networks,DATA PARTNERS,202604,40710.639999999985,36639.58,4071.06,0.9,PENDING,BANK_TRANSFER,,,SIMULATED
240048,Maple Port Ventures,ENTERPRISE BUSINESS,202604,40398.1,36358.29,4039.81,0.9,PENDING,BANK_TRANSFER,,,SIMULATED
232043,River Wood Ventures,FIXED BROADBAND,202604,40185.92,36167.33,4018.59,0.9,PENDING,BANK_TRANSFER,,,SIMULATED
239047,Aspen Wind Networks,FIXED BROADBAND,202604,39611.079999999994,15844.43,23766.65,0.4,DISPUTED,BANK_TRANSFER,,CONFIRMED_MISMATCH,SIMULATED
26033,Quartz Trail Communications,DATA PARTNERS,202604,39348.77999999999,35413.9,3934.88,0.9,PENDING,BANK_TRANSFER,,,SIMULATED
19902,Linden Valley Ventures,CONNECT STORES,202604,39142.29,23485.37,15656.92,0.6,PARTIALLY_PAID,MTN_INTERNAL_SETTLEMENT,2026-05-30,HIGH_UNQUALIFIED_RATE,SIMULATED
342077,Teal Stream Networks,PENTAGON FRANCHISE,202604,38930.11,35037.1,3893.01,0.9,PENDING,BANK_TRANSFER,,,SIMULATED
355063,Quartz Park Trading,PENTAGON FRANCHISE,202604,38723.7,34851.33,3872.37,0.9,PENDING,BANK_TRANSFER,,,SIMULATED
113032,Amber Beacon Trading,CONNECT HUB,202604,38617.609999999986,34755.85,3861.76,0.9,PENDING,MTN_INTERNAL_SETTLEMENT,,,SIMULATED
355062,Harbor Moon Ventures,PENTAGON FRANCHISE,202604,37886.49999999999,15154.6,22731.9,0.4,DISPUTED,BANK_TRANSFER,,CONFIRMED_MISMATCH,SIMULATED
19385,Pearl Park Trading,DEALER,202604,37674.399999999994,33906.96,3767.44,0.9,PENDING,BANK_TRANSFER,,,SIMULATED
19813,Harbor Sky Communications,DATA PARTNERS,202604,37674.33999999999,33906.91,3767.43,0.9,PENDING,BANK_TRANSFER,,,SIMULATED
19629,Coral Point Ventures,CONNECT STORES,202604,37624.14,22574.48,15049.66,0.6,PARTIALLY_PAID,MTN_INTERNAL_SETTLEMENT,2026-05-30,HIGH_UNQUALIFIED_RATE,SIMULATED
355064,Raven Arc Ventures,PENTAGON FRANCHISE,202604,37099.46,33389.51,3709.95,0.9,PENDING,BANK_TRANSFER,,,SIMULATED
19427,Flint Vale Ventures,CONNECT STORES,202604,37099.439999999995,22259.66,14839.78,0.6,PARTIALLY_PAID,MTN_INTERNAL_SETTLEMENT,2026-05-30,HIGH_UNQUALIFIED_RATE,SIMULATED
345066,Oak Star Ventures,PENTAGON FRANCHISE,202604,36680.84999999999,33012.76,3668.09,0.9,PENDING,BANK_TRANSFER,,,SIMULATED
19495,Teal Isle Trading,CONNECT STORES,202604,36418.549999999996,32776.69,3641.86,0.9,PENDING,MTN_INTERNAL_SETTLEMENT,,,SIMULATED
332064,Silver Sky Trading,PENTAGON FRANCHISE,202604,36418.54999999999,32776.69,3641.86,0.9,PENDING,BANK_TRANSFER,,,SIMULATED
19330,Golden Crown Trading,DATA PARTNERS,202604,36418.509999999995,32776.66,3641.85,0.9,PENDING,BANK_TRANSFER,,,SIMULATED
295093,Rowan Bridge Networks,PENTAGON FRANCHISE,202604,35949.759999999995,32354.78,3594.98,0.9,PENDING,BANK_TRANSFER,,,SIMULATED
360059,Crystal Arc Ventures,PENTAGON FRANCHISE,202604,35843.67,32259.3,3584.37,0.9,PENDING,BANK_TRANSFER,,,SIMULATED
19369,Jade Point Trading,CONNECT STORES,202604,35843.63,32259.27,3584.36,0.9,PENDING,MTN_INTERNAL_SETTLEMENT,,,SIMULATED
365100,Forest Peak Networks,PENTAGON FRANCHISE,202604,35687.37999999999,32118.64,3568.74,0.9,PENDING,BANK_TRANSFER,,,SIMULATED
306061,Hazel Leaf Communications,PENTAGON FRANCHISE,202604,35581.31,32023.18,3558.13,0.9,PENDING,BANK_TRANSFER,,,SIMULATED
19411,Jade Lake Ventures,DEALER,202604,35581.31,32023.18,3558.13,0.9,PENDING,BANK_TRANSFER,,,SIMULATED
206069,Willow Lake Communications,ENTERPRISE BUSINESS,202604,35581.28999999999,32023.16,3558.13,0.9,PENDING,BANK_TRANSFER,,,SIMULATED
197043,Forest Delta Ventures,FIXED BROADBAND,202604,35268.78999999999,31741.91,3526.88,0.9,PENDING,BANK_TRANSFER,,,SIMULATED
203045,Sage Arc Ventures,CONNECT STORES,202604,35268.77,21161.26,14107.51,0.6,PARTIALLY_PAID,MTN_INTERNAL_SETTLEMENT,2026-05-30,HIGH_UNQUALIFIED_RATE,SIMULATED
93033,Elm Bridge Networks,FIXED BROADBAND,202604,35162.68,31646.41,3516.27,0.9,PENDING,BANK_TRANSFER,,,SIMULATED
365103,Pine Valley Ventures,PENTAGON FRANCHISE,202604,35006.53,31505.88,3500.65,0.9,PENDING,BANK_TRANSFER,,,SIMULATED
296078,Juniper Light Networks,PENTAGON FRANCHISE,202604,35006.45,31505.8,3500.65,0.9,PENDING,BANK_TRANSFER,,,SIMULATED
19675,Dawn Path Ventures,DATA PARTNERS,202604,34744.12999999999,31269.72,3474.41,0.9,PENDING,BANK_TRANSFER,,,SIMULATED
19674,Laurel Trail Trading,DATA PARTNERS,202604,34587.84,31129.06,3458.78,0.9,PENDING,BANK_TRANSFER,,,SIMULATED
19672,Maple Beacon Trading,DATA PARTNERS,202604,34587.84,31129.06,3458.78,0.9,PENDING,BANK_TRANSFER,,,SIMULATED
294094,Meadow Dale Trading,PENTAGON FRANCHISE,202604,34587.82,31129.04,3458.78,0.9,PENDING,BANK_TRANSFER,,,SIMULATED
19753,Dawn Dale Networks,DATA PARTNERS,202604,34325.54000000001,30892.99,3432.55,0.9,PENDING,BANK_TRANSFER,,,SIMULATED
20048,Teal Ridge Ventures,CONNECT STORES,202604,34325.52,30892.97,3432.55,0.9,PENDING,MTN_INTERNAL_SETTLEMENT,,,SIMULATED
19486,Flint Brook Communications,DATA PARTNERS,202604,34169.229999999996,30752.31,3416.92,0.9,PENDING,BANK_TRANSFER,,,SIMULATED
19805,Harbor Shore Ventures,DEALER,202604,33906.99,30516.29,3390.7,0.9,PENDING,BANK_TRANSFER,,,SIMULATED
19472,Laurel Horizon Communications,DATA PARTNERS,202604,33906.909999999996,30516.22,3390.69,0.9,PENDING,BANK_TRANSFER,,,SIMULATED
19807,Winter Wave Trading,DATA PARTNERS,202604,33906.89,30516.2,3390.69,0.9,PENDING,BANK_TRANSFER,,,SIMULATED
19343,Sunset Leaf Ventures,CONNECT STORES,202604,33594.369999999995,20156.62,13437.75,0.6,PARTIALLY_PAID,MTN_INTERNAL_SETTLEMENT,2026-05-30,HIGH_UNQUALIFIED_RATE,SIMULATED
19732,Hazel Wood Communications,DATA PARTNERS,202604,33488.28,30139.45,3348.83,0.9,PENDING,BANK_TRANSFER,,,SIMULATED
19866,Willow Beacon Ventures,DATA PARTNERS,202604,33488.28,30139.45,3348.83,0.9,PENDING,BANK_TRANSFER,,,SIMULATED
19688,Ivory Stone Communications,CONNECT STORES,202604,33332.07,19999.24,13332.83,0.6,PARTIALLY_PAID,MTN_INTERNAL_SETTLEMENT,2026-05-30,HIGH_UNQUALIFIED_RATE,SIMULATED
19631,Coral Point Ventures,CONNECT STORES,202604,33332.01,29998.81,3333.2,0.9,PENDING,MTN_INTERNAL_SETTLEMENT,,,SIMULATED
19692,Laurel Grove Trading,DATA PARTNERS,202604,33069.729999999996,29762.76,3306.97,0.9,PENDING,BANK_TRANSFER,,,SIMULATED
63049,Sunset Reach Trading,DATA PARTNERS,202604,33069.689999999995,29762.72,3306.97,0.9,PENDING,BANK_TRANSFER,,,SIMULATED
205043,Sage Arc Ventures,CONNECT STORES,202604,33069.670000000006,19841.8,13227.87,0.6,PARTIALLY_PAID,MTN_INTERNAL_SETTLEMENT,2026-05-30,HIGH_UNQUALIFIED_RATE,SIMULATED
19537,Maple Isle Communications,CONNECT STORES,202604,33069.67,19841.8,13227.87,0.6,PARTIALLY_PAID,MTN_INTERNAL_SETTLEMENT,2026-05-30,HIGH_UNQUALIFIED_RATE,SIMULATED
388071,Birch Lake Networks,PENTAGON FRANCHISE,202604,33019.53,29717.58,3301.95,0.9,PENDING,BANK_TRANSFER,,,SIMULATED
379093,Birch Wave Ventures,PENTAGON FRANCHISE,202604,32863.24,29576.92,3286.32,0.9,PENDING,BANK_TRANSFER,,,SIMULATED
74055,Sunset Path Trading,CONNECT STORES,202604,32863.24,19717.94,13145.3,0.6,PARTIALLY_PAID,MTN_INTERNAL_SETTLEMENT,2026-05-30,HIGH_UNQUALIFIED_RATE,SIMULATED
322068,Ember Leaf Communications,ENTERPRISE BUSINESS,202604,32863.24,29576.92,3286.32,0.9,PENDING,BANK_TRANSFER,,,SIMULATED
19879,Laurel Crown Networks,CONNECT STORES,202604,32757.149999999998,29481.43,3275.72,0.9,PENDING,MTN_INTERNAL_SETTLEMENT,,,SIMULATED
19718,Juniper Brook Ventures,DEALER,202604,32651.120000000006,29386.01,3265.11,0.9,PENDING,BANK_TRANSFER,,,SIMULATED
19393,Pine Lake Ventures,CONNECT STORES,202604,32651.06,29385.95,3265.11,0.9,PENDING,MTN_INTERNAL_SETTLEMENT,,,SIMULATED
19389,Sage Crown Communications,DATA PARTNERS,202604,32494.809999999998,29245.33,3249.48,0.9,PENDING,BANK_TRANSFER,,,SIMULATED
19639,Coral Shore Communications,DATA PARTNERS,202604,32232.510000000002,29009.26,3223.25,0.9,PENDING,BANK_TRANSFER,,,SIMULATED
19351,Sage Glen Ventures,CONNECT STORES,202604,32232.51,29009.26,3223.25,0.9,PENDING,MTN_INTERNAL_SETTLEMENT,,,SIMULATED
265053,Pearl Park Ventures,FIXED BROADBAND,202604,32232.47,29009.22,3223.25,0.9,PENDING,BANK_TRANSFER,,,SIMULATED
19985,Orchid Wood Ventures,DATA PARTNERS,202604,31395.289999999997,28255.76,3139.53,0.9,PENDING,BANK_TRANSFER,,,SIMULATED
311074,Linden Park Communications,PENTAGON FRANCHISE,202604,31395.25,28255.73,3139.52,0.9,PENDING,BANK_TRANSFER,,,SIMULATED
351060,Amber Meadow Ventures,ENTERPRISE BUSINESS,202604,31395.25,28255.73,3139.52,0.9,PENDING,BANK_TRANSFER,,,SIMULATED
19518,Harbor Lake Networks,DATA PARTNERS,202604,30976.699999999997,27879.03,3097.67,0.9,PENDING,BANK_TRANSFER,,,SIMULATED
323083,Linden Wood Communications,PENTAGON FRANCHISE,202604,30926.499999999996,27833.85,3092.65,0.9,PENDING,BANK_TRANSFER,,,SIMULATED
356083,Willow Stream Ventures,PENTAGON FRANCHISE,202604,30926.499999999996,27833.85,3092.65,0.9,PENDING,BANK_TRANSFER,,,SIMULATED
311073,Pine Bridge Trading,PENTAGON FRANCHISE,202604,30926.479999999996,27833.83,3092.65,0.9,PENDING,BANK_TRANSFER,,,SIMULATED
391085,Raven Point Ventures,ENTERPRISE BUSINESS,202604,30558.049999999996,27502.24,3055.81,0.9,PENDING,BANK_TRANSFER,,,SIMULATED
347066,Aspen Glen Communications,FIXED BROADBAND,202604,30401.800000000003,27361.62,3040.18,0.9,PENDING,BANK_TRANSFER,,,SIMULATED
19370,Jade Point Trading,CONNECT STORES,202604,30139.44,27125.5,3013.94,0.9,PENDING,MTN_INTERNAL_SETTLEMENT,,,SIMULATED
19641,Birch Meadow Communications,DATA PARTNERS,202604,30089.28,27080.35,3008.93,0.9,PENDING,BANK_TRANSFER,,,SIMULATED
19901,Linden Valley Ventures,CONNECT STORES,202604,29983.19,26984.87,2998.32,0.9,PENDING,MTN_INTERNAL_SETTLEMENT,,,SIMULATED
21257,Oak Crest Networks,CONNECT STORES,202604,29720.890000000007,26748.8,2972.09,0.9,PENDING,MTN_INTERNAL_SETTLEMENT,,,SIMULATED
19360,Swift Park Communications,DATA PARTNERS,202604,29720.85,26748.76,2972.09,0.9,PENDING,BANK_TRANSFER,,,SIMULATED
19904,Linden Valley Ventures,CONNECT STORES,202604,29408.35,17645.01,11763.34,0.6,PARTIALLY_PAID,MTN_INTERNAL_SETTLEMENT,2026-05-30,HIGH_UNQUALIFIED_RATE,SIMULATED
19517,Laurel Shore Networks,DATA PARTNERS,202604,29302.280000000002,26372.05,2930.23,0.9,PENDING,BANK_TRANSFER,,,SIMULATED
21284,Ember Coast Trading,DEALER,202604,28989.760000000002,26090.78,2898.98,0.9,PENDING,BANK_TRANSFER,,,SIMULATED
337061,Fern Light Ventures,PENTAGON FRANCHISE,202604,28989.759999999995,26090.78,2898.98,0.9,PENDING,BANK_TRANSFER,,,SIMULATED
332068,Jade Trail Networks,FIXED BROADBAND,202604,28883.629999999997,25995.27,2888.36,0.9,PENDING,BANK_TRANSFER,,,SIMULATED
19400,Harbor Moon Communications,CONNECT STORES,202604,28465.14,25618.63,2846.51,0.9,PENDING,MTN_INTERNAL_SETTLEMENT,,,SIMULATED
19695,Jade Park Ventures,DEALER,202604,28465.099999999995,25618.59,2846.51,0.9,PENDING,BANK_TRANSFER,,,SIMULATED
357096,Crystal Leaf Trading,PENTAGON FRANCHISE,202604,28046.47000000001,25241.82,2804.65,0.9,PENDING,BANK_TRANSFER,,,SIMULATED
240047,Jade View Ventures,ENTERPRISE BUSINESS,202604,27627.860000000004,24865.07,2762.79,0.9,PENDING,BANK_TRANSFER,,,SIMULATED
19365,Jade Point Trading,CONNECT STORES,202604,27627.82,24865.04,2762.78,0.9,PENDING,MTN_INTERNAL_SETTLEMENT,,,SIMULATED
255072,Olive Wave Ventures,CONNECT HUB,202604,27627.82,24865.04,2762.78,0.9,PENDING,MTN_INTERNAL_SETTLEMENT,,,SIMULATED
350065,Opal Beacon Ventures,PENTAGON FRANCHISE,202604,27315.32,24583.79,2731.53,0.9,PENDING,BANK_TRANSFER,,,SIMULATED
147031,Amber Lake Trading,CONNECT HUB,202604,27209.230000000007,24488.31,2720.92,0.9,PENDING,MTN_INTERNAL_SETTLEMENT,,,SIMULATED
350061,Olive Stream Ventures,PENTAGON FRANCHISE,202604,27209.230000000007,24488.31,2720.92,0.9,PENDING,BANK_TRANSFER,,,SIMULATED
19679,Olive Stone Communications,DATA PARTNERS,202604,27209.230000000003,24488.31,2720.92,0.9,PENDING,BANK_TRANSFER,,,SIMULATED
95038,Spruce Point Communications,FIXED BROADBAND,202604,27053.0,24347.7,2705.3,0.9,PENDING,BANK_TRANSFER,,,SIMULATED
115033,Meadow Wind Networks,CONNECT HUB,202604,26790.699999999997,24111.63,2679.07,0.9,PENDING,MTN_INTERNAL_SETTLEMENT,,,SIMULATED
19551,Stone Peak Networks,DATA PARTNERS,202604,26790.620000000006,24111.56,2679.06,0.9,PENDING,BANK_TRANSFER,,,SIMULATED
349085,Cedar Bay Trading,ENTERPRISE BUSINESS,202604,26790.620000000003,24111.56,2679.06,0.9,PENDING,BANK_TRANSFER,,,SIMULATED
19339,Sunset Stone Networks,DATA PARTNERS,202604,26478.12,23830.31,2647.81,0.9,PENDING,BANK_TRANSFER,,,SIMULATED
357075,Silver Trail Trading,FIXED BROADBAND,202604,26478.100000000002,15886.86,10591.24,0.6,PARTIALLY_PAID,BANK_TRANSFER,2026-05-30,HIGH_UNQUALIFIED_RATE,SIMULATED
294129,River Isle Ventures,PENTAGON FRANCHISE,202604,26478.099999999995,23830.29,2647.81,0.9,PENDING,BANK_TRANSFER,,,SIMULATED
19814,Winter Stone Trading,DATA PARTNERS,202604,26372.050000000003,23734.85,2637.2,0.9,PENDING,BANK_TRANSFER,,,SIMULATED
75031,Quartz Crown Networks,DATA PARTNERS,202604,26372.050000000003,23734.85,2637.2,0.9,PENDING,BANK_TRANSFER,,,SIMULATED
416149,Coral Sky Trading,PENTAGON FRANCHISE,202604,26372.01,23734.81,2637.2,0.9,PENDING,BANK_TRANSFER,,,SIMULATED
19431,Ivory Delta Ventures,CONNECT STORES,202604,26321.85,15793.11,10528.74,0.6,PARTIALLY_PAID,MTN_INTERNAL_SETTLEMENT,2026-05-30,HIGH_UNQUALIFIED_RATE,SIMULATED
19894,Pine Coast Ventures,DEALER,202604,25953.5,23358.15,2595.35,0.9,PENDING,BANK_TRANSFER,,,SIMULATED
430145,Amber Leaf Networks,PENTAGON FRANCHISE,202604,25953.420000000006,23358.08,2595.34,0.9,PENDING,BANK_TRANSFER,,,SIMULATED
344066,Quartz Park Trading,PENTAGON FRANCHISE,202604,25797.21,23217.49,2579.72,0.9,PENDING,BANK_TRANSFER,,,SIMULATED
380078,Meadow Haven Networks,PENTAGON FRANCHISE,202604,25640.920000000002,23076.83,2564.09,0.9,PENDING,BANK_TRANSFER,,,SIMULATED
19425,Hazel View Trading,DATA PARTNERS,202604,25640.899999999998,23076.81,2564.09,0.9,PENDING,BANK_TRANSFER,,,SIMULATED
19804,Harbor Shore Ventures,DEALER,202604,25534.830000000005,22981.35,2553.48,0.9,PENDING,BANK_TRANSFER,,,SIMULATED
53023,Ivory Moon Ventures,DATA PARTNERS,202604,25534.81000000001,22981.33,2553.48,0.9,PENDING,BANK_TRANSFER,,,SIMULATED
19834,Flint Port Ventures,CONNECT STORES,202604,25534.81000000001,22981.33,2553.48,0.9,PENDING,MTN_INTERNAL_SETTLEMENT,,,SIMULATED
295091,Spruce Point Ventures,PENTAGON FRANCHISE,202604,25534.810000000005,22981.33,2553.48,0.9,PENDING,BANK_TRANSFER,,,SIMULATED
186044,Silver Moon Ventures,FIXED BROADBAND,202604,25116.219999999998,15069.73,10046.49,0.6,PARTIALLY_PAID,BANK_TRANSFER,2026-05-30,HIGH_UNQUALIFIED_RATE,SIMULATED
19485,Topaz Shore Ventures,DATA PARTNERS,202604,25116.200000000004,22604.58,2511.62,0.9,PENDING,BANK_TRANSFER,,,SIMULATED
353069,Opal Brook Networks,PENTAGON FRANCHISE,202604,25116.200000000004,10046.48,15069.72,0.4,DISPUTED,BANK_TRANSFER,,CONFIRMED_MISMATCH,SIMULATED
19897,Flint Grove Trading,CONNECT STORES,202604,24697.690000000002,22227.92,2469.77,0.9,PENDING,MTN_INTERNAL_SETTLEMENT,,,SIMULATED
334059,Harbor Moon Ventures,PENTAGON FRANCHISE,202604,24697.610000000004,22227.85,2469.76,0.9,PENDING,BANK_TRANSFER,,,SIMULATED
253047,Raven Moon Communications,ENTERPRISE BUSINESS,202604,24541.340000000004,22087.21,2454.13,0.9,PENDING,BANK_TRANSFER,,,SIMULATED
73036,River Field Trading,DATA PARTNERS,202604,24385.089999999997,21946.58,2438.51,0.9,PENDING,BANK_TRANSFER,,,SIMULATED
344068,River Wood Ventures,PENTAGON FRANCHISE,202604,24279.000000000007,21851.1,2427.9,0.9,PENDING,BANK_TRANSFER,,,SIMULATED
349087,Golden Point Networks,ENTERPRISE BUSINESS,202604,24279.000000000004,21851.1,2427.9,0.9,PENDING,BANK_TRANSFER,,,SIMULATED
345068,Ocean Coast Communications,PENTAGON FRANCHISE,202604,24279.000000000004,21851.1,2427.9,0.9,PENDING,BANK_TRANSFER,,,SIMULATED
21247,Linden Hill Communications,DATA PARTNERS,202604,24279.000000000004,21851.1,2427.9,0.9,PENDING,BANK_TRANSFER,,,SIMULATED
27023,Ivory Valley Networks,DATA PARTNERS,202604,23860.43,21474.39,2386.04,0.9,PENDING,BANK_TRANSFER,,,SIMULATED
19616,Flint Field Networks,DATA PARTNERS,202604,23860.410000000007,21474.37,2386.04,0.9,PENDING,BANK_TRANSFER,,,SIMULATED
353064,Amber Wood Networks,PENTAGON FRANCHISE,202604,23860.390000000007,21474.35,2386.04,0.9,PENDING,BANK_TRANSFER,,,SIMULATED
333070,Azure Sky Trading,PENTAGON FRANCHISE,202604,23860.390000000007,21474.35,2386.04,0.9,PENDING,BANK_TRANSFER,,,SIMULATED
113033,Pearl Beacon Communications,CONNECT HUB,202604,23860.390000000003,21474.35,2386.04,0.9,PENDING,MTN_INTERNAL_SETTLEMENT,,,SIMULATED
19399,Harbor Moon Communications,CONNECT STORES,202604,23441.879999999997,21097.69,2344.19,0.9,PENDING,MTN_INTERNAL_SETTLEMENT,,,SIMULATED
19483,Pine Ridge Ventures,DATA PARTNERS,202604,23441.82,21097.64,2344.18,0.9,PENDING,BANK_TRANSFER,,,SIMULATED
294086,Spruce Brook Trading,PENTAGON FRANCHISE,202604,23441.800000000003,21097.62,2344.18,0.9,PENDING,BANK_TRANSFER,,,SIMULATED
19659,Cedar Point Trading,DATA PARTNERS,202604,23441.8,21097.62,2344.18,0.9,PENDING,BANK_TRANSFER,,,SIMULATED
367085,Rowan Horizon Communications,PENTAGON FRANCHISE,202604,23285.530000000002,20956.98,2328.55,0.9,PENDING,BANK_TRANSFER,,,SIMULATED
295079,Maple Grove Networks,PENTAGON FRANCHISE,202604,23285.53,20956.98,2328.55,0.9,PENDING,BANK_TRANSFER,,,SIMULATED
174046,Indigo Crown Networks,ENTERPRISE BUSINESS,202604,23023.25,20720.92,2302.33,0.9,PENDING,BANK_TRANSFER,,,SIMULATED
19508,River Stream Networks,DATA PARTNERS,202604,23023.21,20720.89,2302.32,0.9,PENDING,BANK_TRANSFER,,,SIMULATED
311068,Azure Wave Networks,FIXED BROADBAND,202604,23023.190000000006,20720.87,2302.32,0.9,PENDING,BANK_TRANSFER,,,SIMULATED
115058,Juniper Bridge Trading,CONNECT HUB,202604,22866.960000000006,20580.26,2286.7,0.9,PENDING,MTN_INTERNAL_SETTLEMENT,,,SIMULATED
19840,Laurel Park Trading,CONNECT STORES,202604,22604.580000000005,20344.12,2260.46,0.9,PENDING,MTN_INTERNAL_SETTLEMENT,,,SIMULATED
325064,Opal Ridge Communications,ENTERPRISE BUSINESS,202604,22448.33,20203.5,2244.83,0.9,PENDING,BANK_TRANSFER,,,SIMULATED
385083,Birch Wind Communications,PENTAGON FRANCHISE,202604,22292.08,20062.87,2229.21,0.9,PENDING,BANK_TRANSFER,,,SIMULATED
281061,Linden Field Communications,PENTAGON FRANCHISE,202604,22186.050000000003,19967.45,2218.6,0.9,PENDING,BANK_TRANSFER,,,SIMULATED
19353,Stone Dale Networks,DATA PARTNERS,202604,22185.99,13311.59,8874.4,0.6,PARTIALLY_PAID,BANK_TRANSFER,2026-05-30,HIGH_UNQUALIFIED_RATE,SIMULATED
310071,Sage Glen Trading,PENTAGON FRANCHISE,202604,21767.38,19590.64,2176.74,0.9,PENDING,BANK_TRANSFER,,,SIMULATED
391081,Rowan Grove Trading,PENTAGON FRANCHISE,202604,21454.879999999997,19309.39,2145.49,0.9,PENDING,BANK_TRANSFER,,,SIMULATED
317059,Aspen Summit Ventures,FIXED BROADBAND,202604,21454.86,19309.37,2145.49,0.9,PENDING,BANK_TRANSFER,,,SIMULATED
19424,Fern Park Communications,DATA PARTNERS,202604,21348.790000000005,19213.91,2134.88,0.9,PENDING,BANK_TRANSFER,,,SIMULATED
148031,Birch Path Networks,CONNECT HUB,202604,21348.770000000004,19213.89,2134.88,0.9,PENDING,MTN_INTERNAL_SETTLEMENT,,,SIMULATED
19944,Rowan Hill Trading,CONNECT STORES,202604,21192.52,12715.51,8477.01,0.6,PARTIALLY_PAID,MTN_INTERNAL_SETTLEMENT,2026-05-30,HIGH_UNQUALIFIED_RATE,SIMULATED
19422,Amber Lake Trading,DEALER,202604,20930.220000000005,18837.2,2093.02,0.9,PENDING,BANK_TRANSFER,,,SIMULATED
284087,Fern Meadow Ventures,PENTAGON FRANCHISE,202604,20930.18,18837.16,2093.02,0.9,PENDING,BANK_TRANSFER,,,SIMULATED
19917,Sunset Path Trading,CONNECT STORES,202604,20773.91,18696.52,2077.39,0.9,PENDING,MTN_INTERNAL_SETTLEMENT,,,SIMULATED
186043,Teal Isle Trading,CONNECT HUB,202604,20511.61,18460.45,2051.16,0.9,PENDING,MTN_INTERNAL_SETTLEMENT,,,SIMULATED
19503,Linden Path Networks,DATA PARTNERS,202604,20511.61,18460.45,2051.16,0.9,PENDING,BANK_TRANSFER,,,SIMULATED
19386,Pearl Park Trading,DEALER,202604,20511.609999999997,18460.45,2051.16,0.9,PENDING,BANK_TRANSFER,,,SIMULATED
63048,Maple Beacon Ventures,DATA PARTNERS,202604,20511.590000000004,18460.43,2051.16,0.9,PENDING,BANK_TRANSFER,,,SIMULATED
26034,Forest Sky Trading,DATA PARTNERS,202604,20511.590000000004,18460.43,2051.16,0.9,PENDING,BANK_TRANSFER,,,SIMULATED
21217,Silver Grove Communications,ENTERPRISE BUSINESS,202604,20511.57,18460.41,2051.16,0.9,PENDING,BANK_TRANSFER,,,SIMULATED
19685,Ivory Stone Communications,DEALER,202604,20355.32,18319.79,2035.53,0.9,PENDING,BANK_TRANSFER,,,SIMULATED
19920,Sunset Path Trading,CONNECT STORES,202604,20092.980000000003,18083.68,2009.3,0.9,PENDING,MTN_INTERNAL_SETTLEMENT,,,SIMULATED
19438,Birch Dale Communications,CONNECT STORES,202604,20092.960000000003,12055.78,8037.18,0.6,PARTIALLY_PAID,MTN_INTERNAL_SETTLEMENT,2026-05-30,HIGH_UNQUALIFIED_RATE,SIMULATED
332062,Laurel Coast Communications,PENTAGON FRANCHISE,202604,20092.96,18083.66,2009.3,0.9,PENDING,BANK_TRANSFER,,,SIMULATED
21238,Rowan Vale Trading,DATA PARTNERS,202604,19936.730000000003,11962.04,7974.69,0.6,PARTIALLY_PAID,BANK_TRANSFER,2026-05-30,HIGH_UNQUALIFIED_RATE,SIMULATED
19775,Fern Valley Ventures,DATA PARTNERS,202604,19936.710000000003,17943.04,1993.67,0.9,PENDING,BANK_TRANSFER,,,SIMULATED
19384,Pearl Park Trading,DEALER,202604,19936.71,17943.04,1993.67,0.9,PENDING,BANK_TRANSFER,,,SIMULATED
377075,Winter Summit Trading,PENTAGON FRANCHISE,202604,19780.46,17802.41,1978.05,0.9,PENDING,BANK_TRANSFER,,,SIMULATED
115034,Flint Grove Trading,CONNECT HUB,202604,19780.46,17802.41,1978.05,0.9,PENDING,MTN_INTERNAL_SETTLEMENT,,,SIMULATED
19912,Fern Brook Ventures,DATA PARTNERS,202604,19674.390000000003,17706.95,1967.44,0.9,PENDING,BANK_TRANSFER,,,SIMULATED
19981,Oak Hill Communications,DATA PARTNERS,202604,19674.370000000003,17706.93,1967.44,0.9,PENDING,BANK_TRANSFER,,,SIMULATED
19595,Olive Wave Ventures,CONNECT STORES,202604,19674.37,11804.62,7869.75,0.6,PARTIALLY_PAID,MTN_INTERNAL_SETTLEMENT,2026-05-30,HIGH_UNQUALIFIED_RATE,SIMULATED
19560,Spruce Bridge Communications,CONNECT STORES,202604,19255.800000000003,17330.22,1925.58,0.9,PENDING,MTN_INTERNAL_SETTLEMENT,,,SIMULATED
26036,Hazel Ridge Networks,DATA PARTNERS,202604,19255.800000000003,17330.22,1925.58,0.9,PENDING,BANK_TRANSFER,,,SIMULATED
294062,River Brook Trading,PENTAGON FRANCHISE,202604,19255.780000000002,17330.2,1925.58,0.9,PENDING,BANK_TRANSFER,,,SIMULATED
337058,Oak Reach Trading,PENTAGON FRANCHISE,202604,19255.78,17330.2,1925.58,0.9,PENDING,BANK_TRANSFER,,,SIMULATED
19845,Willow Horizon Networks,CONNECT STORES,202604,19099.53,11459.72,7639.81,0.6,PARTIALLY_PAID,MTN_INTERNAL_SETTLEMENT,2026-05-30,HIGH_UNQUALIFIED_RATE,SIMULATED
19469,Jade Spring Ventures,DATA PARTNERS,202604,18837.190000000002,16953.47,1883.72,0.9,PENDING,BANK_TRANSFER,,,SIMULATED
19677,Oak Stream Communications,DATA PARTNERS,202604,18837.17,16953.45,1883.72,0.9,PENDING,BANK_TRANSFER,,,SIMULATED
19812,Hazel Bay Trading,DATA PARTNERS,202604,18837.15,16953.44,1883.71,0.9,PENDING,BANK_TRANSFER,,,SIMULATED
255048,Quartz Delta Ventures,PENTAGON FRANCHISE,202604,18418.58,16576.72,1841.86,0.9,PENDING,BANK_TRANSFER,,,SIMULATED
21256,Oak Crest Networks,CONNECT STORES,202604,18418.559999999998,16576.7,1841.86,0.9,PENDING,MTN_INTERNAL_SETTLEMENT,,,SIMULATED
19815,Willow Lake Communications,DEALER,202604,18418.559999999998,16576.7,1841.86,0.9,PENDING,BANK_TRANSFER,,,SIMULATED
357093,Meadow Crown Communications,PENTAGON FRANCHISE,202604,18262.33,16436.1,1826.23,0.9,PENDING,BANK_TRANSFER,,,SIMULATED
19488,Crystal Summit Networks,DATA PARTNERS,202604,18262.309999999998,16436.08,1826.23,0.9,PENDING,BANK_TRANSFER,,,SIMULATED
19849,Topaz Meadow Ventures,DATA PARTNERS,202604,18262.309999999998,16436.08,1826.23,0.9,PENDING,BANK_TRANSFER,,,SIMULATED
19686,Ivory Stone Communications,CONNECT STORES,202604,17999.989999999998,10799.99,7200.0,0.6,PARTIALLY_PAID,MTN_INTERNAL_SETTLEMENT,2026-05-30,HIGH_UNQUALIFIED_RATE,SIMULATED
19792,Sunset Port Ventures,DEALER,202604,17999.97,16199.97,1800.0,0.9,PENDING,BANK_TRANSFER,,,SIMULATED
357069,Dawn Lake Networks,PENTAGON FRANCHISE,202604,17999.95,16199.96,1799.99,0.9,PENDING,BANK_TRANSFER,,,SIMULATED
19847,Forest Ridge Communications,DATA PARTNERS,202604,17999.95,16199.96,1799.99,0.9,PENDING,BANK_TRANSFER,,,SIMULATED
327087,Meadow Bay Communications,PENTAGON FRANCHISE,202604,17999.95,16199.96,1799.99,0.9,PENDING,BANK_TRANSFER,,,SIMULATED
19530,Silver Dale Ventures,DATA PARTNERS,202604,17999.95,16199.96,1799.99,0.9,PENDING,BANK_TRANSFER,,,SIMULATED
19553,Elm Spring Communications,DEALER,202604,17687.43,15918.69,1768.74,0.9,PENDING,BANK_TRANSFER,,,SIMULATED
294073,Stone Wind Trading,ENTERPRISE BUSINESS,202604,17687.43,15918.69,1768.74,0.9,PENDING,BANK_TRANSFER,,,SIMULATED
374077,Sage Dale Trading,PENTAGON FRANCHISE,202604,17581.34,15823.21,1758.13,0.9,PENDING,BANK_TRANSFER,,,SIMULATED
423151,Flint Hill Communications,ENTERPRISE BUSINESS,202604,17581.34,15823.21,1758.13,0.9,PENDING,BANK_TRANSFER,,,SIMULATED
19921,Sunset Path Trading,CONNECT STORES,202604,17581.34,15823.21,1758.13,0.9,PENDING,MTN_INTERNAL_SETTLEMENT,,,SIMULATED
19966,River Star Communications,DEALER,202604,17425.11,15682.6,1742.51,0.9,PENDING,BANK_TRANSFER,,,SIMULATED
19323,Ember Coast Trading,DEALER,202604,17425.09,15682.58,1742.51,0.9,PENDING,BANK_TRANSFER,,,SIMULATED
19803,Harbor Shore Ventures,DEALER,202604,17425.09,15682.58,1742.51,0.9,PENDING,BANK_TRANSFER,,,SIMULATED
311072,Coral View Communications,PENTAGON FRANCHISE,202604,17425.089999999997,15682.58,1742.51,0.9,PENDING,BANK_TRANSFER,,,SIMULATED
365126,Birch Stone Trading,PENTAGON FRANCHISE,202604,17162.75,15446.48,1716.27,0.9,PENDING,BANK_TRANSFER,,,SIMULATED
311058,Quartz Star Ventures,PENTAGON FRANCHISE,202604,17006.5,15305.85,1700.65,0.9,PENDING,BANK_TRANSFER,,,SIMULATED
345065,Aspen Moon Communications,PENTAGON FRANCHISE,202604,17006.48,15305.83,1700.65,0.9,PENDING,BANK_TRANSFER,,,SIMULATED
319059,Dawn Wind Trading,PENTAGON FRANCHISE,202604,17006.48,15305.83,1700.65,0.9,PENDING,BANK_TRANSFER,,,SIMULATED
20041,Olive Stream Ventures,DATA PARTNERS,202604,16744.18,15069.76,1674.42,0.9,PENDING,BANK_TRANSFER,,,SIMULATED
19694,Maple Meadow Trading,DEALER,202604,16744.16,15069.74,1674.42,0.9,PENDING,BANK_TRANSFER,,,SIMULATED
413208,Meadow Brook Networks,PENTAGON FRANCHISE,202604,16744.16,15069.74,1674.42,0.9,PENDING,BANK_TRANSFER,,,SIMULATED
341062,Quartz Leaf Trading,PENTAGON FRANCHISE,202604,16744.14,15069.73,1674.41,0.9,PENDING,BANK_TRANSFER,,,SIMULATED
365121,Raven Hill Trading,PENTAGON FRANCHISE,202604,16744.14,15069.73,1674.41,0.9,PENDING,BANK_TRANSFER,,,SIMULATED
423155,Hazel Shore Networks,PENTAGON FRANCHISE,202604,16431.62,14788.46,1643.16,0.9,PENDING,BANK_TRANSFER,,,SIMULATED
393082,Opal Dale Networks,PENTAGON FRANCHISE,202604,16431.62,14788.46,1643.16,0.9,PENDING,BANK_TRANSFER,,,SIMULATED
351058,Maple Port Ventures,PENTAGON FRANCHISE,202604,16431.62,14788.46,1643.16,0.9,PENDING,BANK_TRANSFER,,,SIMULATED
19606,Laurel Stream Ventures,CONNECT STORES,202604,16431.62,14788.46,1643.16,0.9,PENDING,MTN_INTERNAL_SETTLEMENT,,,SIMULATED
295083,Sunset Crest Communications,PENTAGON FRANCHISE,202604,16431.62,14788.46,1643.16,0.9,PENDING,BANK_TRANSFER,,,SIMULATED
19910,Jade Light Networks,DATA PARTNERS,202604,16325.55,14692.99,1632.56,0.9,PENDING,BANK_TRANSFER,,,SIMULATED
19994,Teal Port Networks,ENTERPRISE BUSINESS,202604,16325.529999999997,14692.98,1632.55,0.9,PENDING,BANK_TRANSFER,,,SIMULATED
314062,Crystal Isle Ventures,PENTAGON FRANCHISE,202604,16325.529999999997,14692.98,1632.55,0.9,PENDING,BANK_TRANSFER,,,SIMULATED
337092,Pearl Haven Ventures,PENTAGON FRANCHISE,202604,16325.529999999997,14692.98,1632.55,0.9,PENDING,BANK_TRANSFER,,,SIMULATED
19923,Sunset Path Trading,CONNECT STORES,202604,16169.279999999999,9701.57,6467.71,0.6,PARTIALLY_PAID,MTN_INTERNAL_SETTLEMENT,2026-05-30,HIGH_UNQUALIFIED_RATE,SIMULATED
360060,Oak Horizon Trading,PENTAGON FRANCHISE,202604,16169.279999999997,14552.35,1616.93,0.9,PENDING,BANK_TRANSFER,,,SIMULATED
19788,Maple Wave Networks,CONNECT STORES,202604,15906.98,14316.28,1590.7,0.9,PENDING,MTN_INTERNAL_SETTLEMENT,,,SIMULATED
19757,Amber View Ventures,DATA PARTNERS,202604,15906.96,9544.18,6362.78,0.6,PARTIALLY_PAID,BANK_TRANSFER,2026-05-30,HIGH_UNQUALIFIED_RATE,SIMULATED
19524,Flint Isle Trading,DATA PARTNERS,202604,15906.94,9544.16,6362.78,0.6,PARTIALLY_PAID,BANK_TRANSFER,2026-05-30,HIGH_UNQUALIFIED_RATE,SIMULATED
179044,Birch Crown Ventures,ENTERPRISE BUSINESS,202604,15906.939999999999,14316.25,1590.69,0.9,PENDING,BANK_TRANSFER,,,SIMULATED
19640,Teal Haven Trading,DATA PARTNERS,202604,15906.939999999999,14316.25,1590.69,0.9,PENDING,BANK_TRANSFER,,,SIMULATED
367087,Meadow Stream Trading,PENTAGON FRANCHISE,202604,15750.69,14175.62,1575.07,0.9,PENDING,BANK_TRANSFER,,,SIMULATED
392087,Fern Point Networks,PENTAGON FRANCHISE,202604,15488.369999999999,13939.53,1548.84,0.9,PENDING,BANK_TRANSFER,,,SIMULATED
280061,Juniper Bridge Trading,PENTAGON FRANCHISE,202604,15488.349999999999,13939.51,1548.84,0.9,PENDING,BANK_TRANSFER,,,SIMULATED
20044,Teal Ridge Ventures,DEALER,202604,15488.329999999998,13939.5,1548.83,0.9,PENDING,BANK_TRANSFER,,,SIMULATED
378071,Meadow Reach Ventures,PENTAGON FRANCHISE,202604,15332.079999999998,13798.87,1533.21,0.9,PENDING,BANK_TRANSFER,,,SIMULATED
19794,Jade Lake Communications,CONNECT STORES,202604,15069.739999999998,9041.84,6027.9,0.6,PARTIALLY_PAID,MTN_INTERNAL_SETTLEMENT,2026-05-30,HIGH_UNQUALIFIED_RATE,SIMULATED
19627,Coral Point Ventures,CONNECT STORES,202604,15069.72,9041.83,6027.89,0.6,PARTIALLY_PAID,MTN_INTERNAL_SETTLEMENT,2026-05-30,HIGH_UNQUALIFIED_RATE,SIMULATED
413173,Harbor Horizon Ventures,PENTAGON FRANCHISE,202604,15069.72,13562.75,1506.97,0.9,PENDING,BANK_TRANSFER,,,SIMULATED
19464,Orchid View Networks,CONNECT STORES,202604,15069.719999999998,9041.83,6027.89,0.6,PARTIALLY_PAID,MTN_INTERNAL_SETTLEMENT,2026-05-30,HIGH_UNQUALIFIED_RATE,SIMULATED
295082,Harbor Grove Networks,PENTAGON FRANCHISE,202604,15069.719999999998,9041.83,6027.89,0.6,PARTIALLY_PAID,BANK_TRANSFER,2026-05-30,HIGH_UNQUALIFIED_RATE,SIMULATED
19337,Sunset Stone Networks,CONNECT STORES,202604,14651.17,8790.7,5860.47,0.6,PARTIALLY_PAID,MTN_INTERNAL_SETTLEMENT,2026-05-30,HIGH_UNQUALIFIED_RATE,SIMULATED
19540,Aspen Dale Ventures,CONNECT STORES,202604,14651.17,13186.05,1465.12,0.9,PENDING,MTN_INTERNAL_SETTLEMENT,,,SIMULATED
19408,Sunset Wood Networks,DEALER,202604,14651.15,13186.03,1465.12,0.9,PENDING,BANK_TRANSFER,,,SIMULATED
19516,Aspen Reach Communications,DATA PARTNERS,202604,14651.15,13186.03,1465.12,0.9,PENDING,BANK_TRANSFER,,,SIMULATED
21251,Dawn Delta Networks,DATA PARTNERS,202604,14651.13,13186.02,1465.11,0.9,PENDING,BANK_TRANSFER,,,SIMULATED
306060,Orchid Stone Networks,PENTAGON FRANCHISE,202604,14232.539999999999,12809.29,1423.25,0.9,PENDING,BANK_TRANSFER,,,SIMULATED
21218,Pearl Meadow Ventures,DATA PARTNERS,202604,14232.539999999999,12809.29,1423.25,0.9,PENDING,BANK_TRANSFER,,,SIMULATED
20020,Maple Wave Trading,DATA PARTNERS,202604,14232.519999999999,12809.27,1423.25,0.9,PENDING,BANK_TRANSFER,,,SIMULATED
19665,Swift Leaf Ventures,DATA PARTNERS,202604,14232.519999999999,12809.27,1423.25,0.9,PENDING,BANK_TRANSFER,,,SIMULATED
19435,Spruce Moon Trading,DATA PARTNERS,202604,14232.519999999999,12809.27,1423.25,0.9,PENDING,BANK_TRANSFER,,,SIMULATED
19693,Maple Meadow Trading,DEALER,202604,14232.519999999997,12809.27,1423.25,0.9,PENDING,BANK_TRANSFER,,,SIMULATED
19541,Aspen Dale Ventures,CONNECT STORES,202604,13813.95,12432.56,1381.39,0.9,PENDING,MTN_INTERNAL_SETTLEMENT,,,SIMULATED
296076,Elm Field Ventures,PENTAGON FRANCHISE,202604,13813.95,12432.56,1381.39,0.9,PENDING,BANK_TRANSFER,,,SIMULATED
19349,Sage Glen Ventures,CONNECT STORES,202604,13813.93,12432.54,1381.39,0.9,PENDING,MTN_INTERNAL_SETTLEMENT,,,SIMULATED
206054,Orchid Crown Communications,FIXED BROADBAND,202604,13813.91,12432.52,1381.39,0.9,PENDING,BANK_TRANSFER,,,SIMULATED
19784,Raven Isle Communications,DEALER,202604,13813.91,12432.52,1381.39,0.9,PENDING,BANK_TRANSFER,,,SIMULATED
126031,Meadow Bay Communications,ENTERPRISE BUSINESS,202604,13813.909999999998,12432.52,1381.39,0.9,PENDING,BANK_TRANSFER,,,SIMULATED
19936,Azure Reach Networks,DATA PARTNERS,202604,13813.909999999998,12432.52,1381.39,0.9,PENDING,BANK_TRANSFER,,,SIMULATED
430143,Topaz Trail Trading,PENTAGON FRANCHISE,202604,13813.909999999998,8288.35,5525.56,0.6,PARTIALLY_PAID,BANK_TRANSFER,2026-05-30,HIGH_UNQUALIFIED_RATE,SIMULATED
314061,Linden Bay Trading,PENTAGON FRANCHISE,202604,13813.909999999998,12432.52,1381.39,0.9,PENDING,BANK_TRANSFER,,,SIMULATED
365076,Dawn Star Ventures,PENTAGON FRANCHISE,202604,13657.659999999998,12291.89,1365.77,0.9,PENDING,BANK_TRANSFER,,,SIMULATED
45025,Sage Sky Trading,DATA PARTNERS,202604,13395.32,12055.79,1339.53,0.9,PENDING,BANK_TRANSFER,,,SIMULATED
388083,Maple Port Trading,ENTERPRISE BUSINESS,202604,13395.32,12055.79,1339.53,0.9,PENDING,BANK_TRANSFER,,,SIMULATED
219047,Amber View Ventures,ENTERPRISE BUSINESS,202604,13395.32,12055.79,1339.53,0.9,PENDING,BANK_TRANSFER,,,SIMULATED
19410,Opal Grove Ventures,DATA PARTNERS,202604,13395.319999999998,12055.79,1339.53,0.9,PENDING,BANK_TRANSFER,,,SIMULATED
357064,Spruce Leaf Trading,PENTAGON FRANCHISE,202604,13239.07,11915.16,1323.91,0.9,PENDING,BANK_TRANSFER,,,SIMULATED
382121,Stone Ridge Networks,PENTAGON FRANCHISE,202604,13239.07,11915.16,1323.91,0.9,PENDING,BANK_TRANSFER,,,SIMULATED
47026,Forest Hill Trading,ENTERPRISE BUSINESS,202604,13239.05,11915.15,1323.9,0.9,PENDING,BANK_TRANSFER,,,SIMULATED
19450,Quartz Isle Networks,CONNECT STORES,202604,13239.05,11915.15,1323.9,0.9,PENDING,MTN_INTERNAL_SETTLEMENT,,,SIMULATED
334061,Juniper Moon Networks,PENTAGON FRANCHISE,202604,12976.75,11679.08,1297.67,0.9,PENDING,BANK_TRANSFER,,,SIMULATED
329064,Willow Stone Trading,PENTAGON FRANCHISE,202604,12976.71,11679.04,1297.67,0.9,PENDING,BANK_TRANSFER,,,SIMULATED
355066,Elm Shore Networks,PENTAGON FRANCHISE,202604,12976.71,11679.04,1297.67,0.9,PENDING,BANK_TRANSFER,,,SIMULATED
430142,Sunset Horizon Networks,PENTAGON FRANCHISE,202604,12820.46,11538.41,1282.05,0.9,PENDING,BANK_TRANSFER,,,SIMULATED
19956,Golden Port Ventures,DATA PARTNERS,202604,12558.14,11302.33,1255.81,0.9,PENDING,BANK_TRANSFER,,,SIMULATED
19484,Coral Wood Communications,DATA PARTNERS,202604,12558.12,11302.31,1255.81,0.9,PENDING,BANK_TRANSFER,,,SIMULATED
19676,Ivory Crest Ventures,DATA PARTNERS,202604,12558.119999999999,11302.31,1255.81,0.9,PENDING,BANK_TRANSFER,,,SIMULATED
350060,Amber Hill Trading,PENTAGON FRANCHISE,202604,12558.119999999999,11302.31,1255.81,0.9,PENDING,BANK_TRANSFER,,,SIMULATED
347058,River Isle Networks,DEALER,202604,12558.099999999999,11302.29,1255.81,0.9,PENDING,BANK_TRANSFER,,,SIMULATED
357098,Fern Meadow Ventures,PENTAGON FRANCHISE,202604,12558.099999999999,11302.29,1255.81,0.9,PENDING,BANK_TRANSFER,,,SIMULATED
357071,Spruce Light Communications,PENTAGON FRANCHISE,202604,12558.099999999999,11302.29,1255.81,0.9,PENDING,BANK_TRANSFER,,,SIMULATED
357073,Harbor Shore Communications,PENTAGON FRANCHISE,202604,12558.099999999999,11302.29,1255.81,0.9,PENDING,BANK_TRANSFER,,,SIMULATED
290073,Indigo Wind Communications,PENTAGON FRANCHISE,202604,12558.099999999999,11302.29,1255.81,0.9,PENDING,BANK_TRANSFER,,,SIMULATED
19321,Ember Coast Trading,DEALER,202604,12558.099999999999,11302.29,1255.81,0.9,PENDING,BANK_TRANSFER,,,SIMULATED
379099,Birch Field Ventures,PENTAGON FRANCHISE,202604,12558.099999999999,11302.29,1255.81,0.9,PENDING,BANK_TRANSFER,,,SIMULATED
206068,Jade Lake Communications,ENTERPRISE BUSINESS,202604,12401.849999999999,11161.66,1240.19,0.9,PENDING,BANK_TRANSFER,,,SIMULATED
365108,Laurel Glen Trading,PENTAGON FRANCHISE,202604,12401.849999999999,11161.66,1240.19,0.9,PENDING,BANK_TRANSFER,,,SIMULATED
146041,Oak Crest Networks,CONNECT HUB,202604,12139.529999999999,10925.58,1213.95,0.9,PENDING,MTN_INTERNAL_SETTLEMENT,,,SIMULATED
65033,Sunset Path Trading,CONNECT HUB,202604,12139.529999999999,10925.58,1213.95,0.9,PENDING,MTN_INTERNAL_SETTLEMENT,,,SIMULATED
19862,Olive Moon Ventures,CONNECT STORES,202604,12139.529999999999,10925.58,1213.95,0.9,PENDING,MTN_INTERNAL_SETTLEMENT,,,SIMULATED
350071,Meadow Beacon Networks,PENTAGON FRANCHISE,202604,12139.51,10925.56,1213.95,0.9,PENDING,BANK_TRANSFER,,,SIMULATED
294092,Linden Lake Ventures,PENTAGON FRANCHISE,202604,12139.509999999998,10925.56,1213.95,0.9,PENDING,BANK_TRANSFER,,,SIMULATED
19787,Maple Wave Networks,CONNECT STORES,202604,12139.509999999998,7283.71,4855.8,0.6,PARTIALLY_PAID,MTN_INTERNAL_SETTLEMENT,2026-05-30,HIGH_UNQUALIFIED_RATE,SIMULATED
358060,Golden Valley Communications,PENTAGON FRANCHISE,202604,11983.24,10784.92,1198.32,0.9,PENDING,BANK_TRANSFER,,,SIMULATED
71045,Ivory Bay Ventures,DATA PARTNERS,202604,11720.92,10548.83,1172.09,0.9,PENDING,BANK_TRANSFER,,,SIMULATED
19905,Linden Valley Ventures,CONNECT STORES,202604,11720.919999999998,7032.55,4688.37,0.6,PARTIALLY_PAID,MTN_INTERNAL_SETTLEMENT,2026-05-30,HIGH_UNQUALIFIED_RATE,SIMULATED
19328,Golden Dale Communications,DEALER,202604,11720.919999999998,10548.83,1172.09,0.9,PENDING,BANK_TRANSFER,,,SIMULATED
19950,Jade Brook Communications,DATA PARTNERS,202604,11720.9,10548.81,1172.09,0.9,PENDING,BANK_TRANSFER,,,SIMULATED
412111,Topaz Isle Networks,PENTAGON FRANCHISE,202604,11564.65,10408.18,1156.47,0.9,PENDING,BANK_TRANSFER,,,SIMULATED
19510,Winter Horizon Networks,DATA PARTNERS,202604,11302.31,10172.08,1130.23,0.9,PENDING,BANK_TRANSFER,,,SIMULATED
282053,Swift Moon Communications,ENTERPRISE BUSINESS,202604,11302.31,10172.08,1130.23,0.9,PENDING,BANK_TRANSFER,,,SIMULATED
353066,Crystal Stream Networks,PENTAGON FRANCHISE,202604,11302.289999999999,10172.06,1130.23,0.9,PENDING,BANK_TRANSFER,,,SIMULATED
319060,Teal Grove Networks,PENTAGON FRANCHISE,202604,11302.289999999999,10172.06,1130.23,0.9,PENDING,BANK_TRANSFER,,,SIMULATED
19391,Olive Gate Trading,DATA PARTNERS,202604,11302.289999999999,10172.06,1130.23,0.9,PENDING,BANK_TRANSFER,,,SIMULATED
19918,Sunset Path Trading,CONNECT STORES,202604,11302.289999999999,10172.06,1130.23,0.9,PENDING,MTN_INTERNAL_SETTLEMENT,,,SIMULATED
358059,Stone View Ventures,PENTAGON FRANCHISE,202604,11146.039999999999,10031.44,1114.6,0.9,PENDING,BANK_TRANSFER,,,SIMULATED
349080,Topaz Glen Communications,PENTAGON FRANCHISE,202604,10883.7,9795.33,1088.37,0.9,PENDING,BANK_TRANSFER,,,SIMULATED
350062,Hazel Meadow Trading,PENTAGON FRANCHISE,202604,10883.7,9795.33,1088.37,0.9,PENDING,BANK_TRANSFER,,,SIMULATED
410086,Willow Light Ventures,PENTAGON FRANCHISE,202604,10727.43,9654.69,1072.74,0.9,PENDING,BANK_TRANSFER,,,SIMULATED
19362,Fern Wood Ventures,DATA PARTNERS,202604,10465.09,9418.58,1046.51,0.9,PENDING,BANK_TRANSFER,,,SIMULATED
344063,Sunset Bay Ventures,PENTAGON FRANCHISE,202604,10465.09,9418.58,1046.51,0.9,PENDING,BANK_TRANSFER,,,SIMULATED
328065,Willow Port Networks,PENTAGON FRANCHISE,202604,10465.09,9418.58,1046.51,0.9,PENDING,BANK_TRANSFER,,,SIMULATED
341061,Hazel Park Communications,PENTAGON FRANCHISE,202604,10465.089999999998,9418.58,1046.51,0.9,PENDING,BANK_TRANSFER,,,SIMULATED
19741,Indigo Crown Networks,CONNECT STORES,202604,10465.089999999998,9418.58,1046.51,0.9,PENDING,MTN_INTERNAL_SETTLEMENT,,,SIMULATED
319063,Willow Shore Communications,PENTAGON FRANCHISE,202604,10465.089999999998,9418.58,1046.51,0.9,PENDING,BANK_TRANSFER,,,SIMULATED
19982,River Stone Trading,DATA PARTNERS,202604,10046.52,9041.87,1004.65,0.9,PENDING,BANK_TRANSFER,,,SIMULATED
365081,Spruce Grove Ventures,PENTAGON FRANCHISE,202604,10046.5,9041.85,1004.65,0.9,PENDING,BANK_TRANSFER,,,SIMULATED
19544,Aspen View Networks,DATA PARTNERS,202604,10046.5,4018.6,6027.9,0.4,DISPUTED,BANK_TRANSFER,,CONFIRMED_MISMATCH,SIMULATED
437144,Willow Bay Trading,PENTAGON FRANCHISE,202604,10046.48,9041.83,1004.65,0.9,PENDING,BANK_TRANSFER,,,SIMULATED
332061,Swift Grove Trading,PENTAGON FRANCHISE,202604,10046.48,9041.83,1004.65,0.9,PENDING,BANK_TRANSFER,,,SIMULATED
413177,Ruby Moon Ventures,ENTERPRISE BUSINESS,202604,10046.48,9041.83,1004.65,0.9,PENDING,BANK_TRANSFER,,,SIMULATED
19429,Raven Valley Networks,DATA PARTNERS,202604,10046.48,9041.83,1004.65,0.9,PENDING,BANK_TRANSFER,,,SIMULATED
413175,Ruby Hill Ventures,PENTAGON FRANCHISE,202604,10046.48,9041.83,1004.65,0.9,PENDING,BANK_TRANSFER,,,SIMULATED
206056,Jade Arc Ventures,CONNECT STORES,202604,10046.48,6027.89,4018.59,0.6,PARTIALLY_PAID,MTN_INTERNAL_SETTLEMENT,2026-05-30,HIGH_UNQUALIFIED_RATE,SIMULATED
327083,Teal Hill Communications,PENTAGON FRANCHISE,202604,10046.48,9041.83,1004.65,0.9,PENDING,BANK_TRANSFER,,,SIMULATED
159043,Aspen Sky Trading,CONNECT HUB,202604,10046.479999999998,9041.83,1004.65,0.9,PENDING,MTN_INTERNAL_SETTLEMENT,,,SIMULATED
19949,Forest Light Trading,DATA PARTNERS,202604,10046.479999999998,9041.83,1004.65,0.9,PENDING,BANK_TRANSFER,,,SIMULATED
19482,Olive Light Trading,DATA PARTNERS,202604,10046.479999999998,9041.83,1004.65,0.9,PENDING,BANK_TRANSFER,,,SIMULATED
337060,Rowan Lake Communications,PENTAGON FRANCHISE,202604,10046.479999999998,9041.83,1004.65,0.9,PENDING,BANK_TRANSFER,,,SIMULATED
345064,Meadow Haven Networks,PENTAGON FRANCHISE,202604,9890.23,8901.21,989.02,0.9,PENDING,BANK_TRANSFER,,,SIMULATED
357068,Ruby Sky Trading,PENTAGON FRANCHISE,202604,9627.91,8665.12,962.79,0.9,PENDING,BANK_TRANSFER,,,SIMULATED
430144,Golden Bay Communications,PENTAGON FRANCHISE,202604,9627.89,8665.1,962.79,0.9,PENDING,BANK_TRANSFER,,,SIMULATED
19322,Ember Coast Trading,DEALER,202604,9627.89,8665.1,962.79,0.9,PENDING,BANK_TRANSFER,,,SIMULATED
19662,Cedar Hill Networks,DATA PARTNERS,202604,9627.89,8665.1,962.79,0.9,PENDING,BANK_TRANSFER,,,SIMULATED
329072,Pine Bay Trading,PENTAGON FRANCHISE,202604,9627.89,8665.1,962.79,0.9,PENDING,BANK_TRANSFER,,,SIMULATED
372071,Birch Ridge Communications,PENTAGON FRANCHISE,202604,9471.619999999999,8524.46,947.16,0.9,PENDING,BANK_TRANSFER,,,SIMULATED
350067,Amber Horizon Communications,ENTERPRISE BUSINESS,202604,9471.619999999999,8524.46,947.16,0.9,PENDING,BANK_TRANSFER,,,SIMULATED
322064,Ivory Valley Trading,PENTAGON FRANCHISE,202604,9471.619999999999,5682.97,3788.65,0.6,PARTIALLY_PAID,BANK_TRANSFER,2026-05-30,HIGH_UNQUALIFIED_RATE,SIMULATED
400091,Olive Vale Trading,PENTAGON FRANCHISE,202604,9471.619999999999,8524.46,947.16,0.9,PENDING,BANK_TRANSFER,,,SIMULATED
368078,Raven Wave Ventures,PENTAGON FRANCHISE,202604,9471.619999999999,8524.46,947.16,0.9,PENDING,BANK_TRANSFER,,,SIMULATED
337075,Sage Crown Ventures,PENTAGON FRANCHISE,202604,9471.619999999999,8524.46,947.16,0.9,PENDING,BANK_TRANSFER,,,SIMULATED
113047,Quartz Crown Networks,CONNECT HUB,202604,9471.619999999999,8524.46,947.16,0.9,PENDING,MTN_INTERNAL_SETTLEMENT,,,SIMULATED
342069,Aspen Reach Ventures,PENTAGON FRANCHISE,202604,9471.619999999999,8524.46,947.16,0.9,PENDING,BANK_TRANSFER,,,SIMULATED
313062,Laurel Leaf Trading,ENTERPRISE BUSINESS,202604,9471.619999999999,8524.46,947.16,0.9,PENDING,BANK_TRANSFER,,,SIMULATED
409090,Cedar Isle Ventures,PENTAGON FRANCHISE,202604,9471.619999999999,8524.46,947.16,0.9,PENDING,BANK_TRANSFER,,,SIMULATED
19475,Fern Coast Trading,DEALER,202604,9209.3,8288.37,920.93,0.9,PENDING,BANK_TRANSFER,,,SIMULATED
19656,Ivory Hill Communications,DATA PARTNERS,202604,9209.279999999999,8288.35,920.93,0.9,PENDING,BANK_TRANSFER,,,SIMULATED
19763,Juniper Moon Networks,DATA PARTNERS,202604,8790.69,7911.62,879.07,0.9,PENDING,BANK_TRANSFER,,,SIMULATED
19567,Teal Ridge Trading,DATA PARTNERS,202604,8790.69,7911.62,879.07,0.9,PENDING,BANK_TRANSFER,,,SIMULATED
353065,Azure Spring Trading,PENTAGON FRANCHISE,202604,8790.689999999999,7911.62,879.07,0.9,PENDING,BANK_TRANSFER,,,SIMULATED
19397,Dawn Delta Ventures,DATA PARTNERS,202604,8790.689999999999,7911.62,879.07,0.9,PENDING,BANK_TRANSFER,,,SIMULATED
295076,Dawn Park Communications,PENTAGON FRANCHISE,202604,8790.67,7911.6,879.07,0.9,PENDING,BANK_TRANSFER,,,SIMULATED
344064,Silver Shore Networks,PENTAGON FRANCHISE,202604,8790.67,7911.6,879.07,0.9,PENDING,BANK_TRANSFER,,,SIMULATED
19350,Sage Glen Ventures,CONNECT STORES,202604,8790.67,7911.6,879.07,0.9,PENDING,MTN_INTERNAL_SETTLEMENT,,,SIMULATED
342072,Coral Spring Networks,PENTAGON FRANCHISE,202604,8790.67,7911.6,879.07,0.9,PENDING,BANK_TRANSFER,,,SIMULATED
19454,Hazel Hill Ventures,DATA PARTNERS,202604,8790.67,7911.6,879.07,0.9,PENDING,BANK_TRANSFER,,,SIMULATED
19416,Harbor Ridge Trading,DATA PARTNERS,202604,8790.669999999998,7911.6,879.07,0.9,PENDING,BANK_TRANSFER,,,SIMULATED
319061,Teal Vale Trading,PENTAGON FRANCHISE,202604,8790.669999999998,7911.6,879.07,0.9,PENDING,BANK_TRANSFER,,,SIMULATED
405096,Ruby View Communications,PENTAGON FRANCHISE,202604,8372.1,7534.89,837.21,0.9,PENDING,BANK_TRANSFER,,,SIMULATED
19681,Forest Vale Communications,CONNECT STORES,202604,8372.1,5023.26,3348.84,0.6,PARTIALLY_PAID,MTN_INTERNAL_SETTLEMENT,2026-05-30,HIGH_UNQUALIFIED_RATE,SIMULATED
418142,Maple Beacon Ventures,PENTAGON FRANCHISE,202604,8372.1,7534.89,837.21,0.9,PENDING,BANK_TRANSFER,,,SIMULATED
366070,Forest Point Communications,PENTAGON FRANCHISE,202604,8372.1,7534.89,837.21,0.9,PENDING,BANK_TRANSFER,,,SIMULATED
19481,Orchid Point Networks,DATA PARTNERS,202604,8372.08,7534.87,837.21,0.9,PENDING,BANK_TRANSFER,,,SIMULATED
19515,Hazel Moon Networks,DATA PARTNERS,202604,8372.079999999998,7534.87,837.21,0.9,PENDING,BANK_TRANSFER,,,SIMULATED
360065,Oak Gate Trading,PENTAGON FRANCHISE,202604,8215.81,7394.23,821.58,0.9,PENDING,BANK_TRANSFER,,,SIMULATED
281059,Elm Port Communications,PENTAGON FRANCHISE,202604,8215.81,7394.23,821.58,0.9,PENDING,BANK_TRANSFER,,,SIMULATED
19922,Sunset Path Trading,CONNECT STORES,202604,8215.81,4929.49,3286.32,0.6,PARTIALLY_PAID,MTN_INTERNAL_SETTLEMENT,2026-05-30,HIGH_UNQUALIFIED_RATE,SIMULATED
296061,Stone Brook Networks,PENTAGON FRANCHISE,202604,8215.81,7394.23,821.58,0.9,PENDING,BANK_TRANSFER,,,SIMULATED
452147,Stone Stone Trading,PENTAGON FRANCHISE,202604,8215.81,7394.23,821.58,0.9,PENDING,BANK_TRANSFER,,,SIMULATED
365128,Amber View Ventures,PENTAGON FRANCHISE,202604,8215.81,4929.49,3286.32,0.6,PARTIALLY_PAID,BANK_TRANSFER,2026-05-30,HIGH_UNQUALIFIED_RATE,SIMULATED
360063,Teal Ridge Ventures,PENTAGON FRANCHISE,202604,7953.469999999999,7158.12,795.35,0.9,PENDING,BANK_TRANSFER,,,SIMULATED
281062,Jade Delta Networks,PENTAGON FRANCHISE,202604,7953.469999999999,7158.12,795.35,0.9,PENDING,BANK_TRANSFER,,,SIMULATED
19678,Quartz Dale Ventures,DATA PARTNERS,202604,7953.469999999999,7158.12,795.35,0.9,PENDING,BANK_TRANSFER,,,SIMULATED
132031,Coral Point Ventures,CONNECT HUB,202604,7953.469999999999,7158.12,795.35,0.9,PENDING,MTN_INTERNAL_SETTLEMENT,,,SIMULATED
361069,Forest Reach Communications,PENTAGON FRANCHISE,202604,7534.88,6781.39,753.49,0.9,PENDING,BANK_TRANSFER,,,SIMULATED
337071,Jade View Ventures,PENTAGON FRANCHISE,202604,7534.879999999999,6781.39,753.49,0.9,PENDING,BANK_TRANSFER,,,SIMULATED
19755,Amber View Ventures,DEALER,202604,7534.86,6781.37,753.49,0.9,PENDING,BANK_TRANSFER,,,SIMULATED
357067,Teal Meadow Networks,PENTAGON FRANCHISE,202604,7534.86,4520.92,3013.94,0.6,PARTIALLY_PAID,BANK_TRANSFER,2026-05-30,HIGH_UNQUALIFIED_RATE,SIMULATED
19578,Topaz Bridge Trading,CONNECT STORES,202604,7534.859999999999,6781.37,753.49,0.9,PENDING,MTN_INTERNAL_SETTLEMENT,,,SIMULATED
413182,Crystal Light Networks,ENTERPRISE BUSINESS,202604,7534.859999999999,6781.37,753.49,0.9,PENDING,BANK_TRANSFER,,,SIMULATED
345069,Linden Leaf Networks,PENTAGON FRANCHISE,202604,7534.859999999999,6781.37,753.49,0.9,PENDING,BANK_TRANSFER,,,SIMULATED
345062,Fern Park Networks,PENTAGON FRANCHISE,202604,7534.859999999999,6781.37,753.49,0.9,PENDING,BANK_TRANSFER,,,SIMULATED
328066,Dawn Field Communications,PENTAGON FRANCHISE,202604,7534.859999999999,6781.37,753.49,0.9,PENDING,BANK_TRANSFER,,,SIMULATED
345063,Golden Spring Ventures,PENTAGON FRANCHISE,202604,7534.859999999999,6781.37,753.49,0.9,PENDING,BANK_TRANSFER,,,SIMULATED
357058,Willow Wave Communications,PENTAGON FRANCHISE,202604,7534.859999999999,6781.37,753.49,0.9,PENDING,BANK_TRANSFER,,,SIMULATED
350072,Meadow Light Networks,PENTAGON FRANCHISE,202604,7534.859999999999,6781.37,753.49,0.9,PENDING,BANK_TRANSFER,,,SIMULATED
349069,Indigo Wind Trading,PENTAGON FRANCHISE,202604,7534.859999999999,6781.37,753.49,0.9,PENDING,BANK_TRANSFER,,,SIMULATED
19832,Amber Beacon Trading,DEALER,202604,7534.859999999999,6781.37,753.49,0.9,PENDING,BANK_TRANSFER,,,SIMULATED
338060,Indigo Bridge Communications,PENTAGON FRANCHISE,202604,7534.859999999999,6781.37,753.49,0.9,PENDING,BANK_TRANSFER,,,SIMULATED
296060,Opal Ridge Communications,PENTAGON FRANCHISE,202604,7534.859999999999,4520.92,3013.94,0.6,PARTIALLY_PAID,BANK_TRANSFER,2026-05-30,HIGH_UNQUALIFIED_RATE,SIMULATED
19742,Indigo Crown Networks,CONNECT STORES,202604,7116.27,6404.64,711.63,0.9,PENDING,MTN_INTERNAL_SETTLEMENT,,,SIMULATED
20031,Dawn Spring Communications,DATA PARTNERS,202604,7116.27,6404.64,711.63,0.9,PENDING,BANK_TRANSFER,,,SIMULATED
19751,Teal Beacon Communications,DATA PARTNERS,202604,7116.269999999999,6404.64,711.63,0.9,PENDING,BANK_TRANSFER,,,SIMULATED
329063,Spruce Field Trading,PENTAGON FRANCHISE,202604,6697.68,6027.91,669.77,0.9,PENDING,BANK_TRANSFER,,,SIMULATED
317058,Coral Gate Ventures,PENTAGON FRANCHISE,202604,6697.66,6027.89,669.77,0.9,PENDING,BANK_TRANSFER,,,SIMULATED
391082,Cedar Point Networks,PENTAGON FRANCHISE,202604,6697.66,6027.89,669.77,0.9,PENDING,BANK_TRANSFER,,,SIMULATED
19514,Pearl Crest Communications,DEALER,202604,6697.66,6027.89,669.77,0.9,PENDING,BANK_TRANSFER,,,SIMULATED
355060,Silver Wave Networks,PENTAGON FRANCHISE,202604,6697.66,6027.89,669.77,0.9,PENDING,BANK_TRANSFER,,,SIMULATED
129044,Willow Shore Communications,ENTERPRISE BUSINESS,202604,6279.07,5651.16,627.91,0.9,PENDING,BANK_TRANSFER,,,SIMULATED
391086,Laurel Bridge Communications,ENTERPRISE BUSINESS,202604,6279.07,5651.16,627.91,0.9,PENDING,BANK_TRANSFER,,,SIMULATED
368077,Amber Light Networks,PENTAGON FRANCHISE,202604,6279.07,5651.16,627.91,0.9,PENDING,BANK_TRANSFER,,,SIMULATED
365122,Laurel Isle Communications,PENTAGON FRANCHISE,202604,6279.07,2511.63,3767.44,0.4,DISPUTED,BANK_TRANSFER,,CONFIRMED_MISMATCH,SIMULATED
176057,Fern Shore Ventures,DEALER,202604,6279.049999999999,5651.14,627.91,0.9,PENDING,BANK_TRANSFER,,,SIMULATED
372073,Amber Meadow Ventures,PENTAGON FRANCHISE,202604,6279.049999999999,5651.14,627.91,0.9,PENDING,BANK_TRANSFER,,,SIMULATED
19625,Topaz Coast Communications,CONNECT STORES,202604,6279.049999999999,3767.43,2511.62,0.6,PARTIALLY_PAID,MTN_INTERNAL_SETTLEMENT,2026-05-30,HIGH_UNQUALIFIED_RATE,SIMULATED
19471,Harbor Grove Networks,DEALER,202604,6279.049999999999,5651.14,627.91,0.9,PENDING,BANK_TRANSFER,,,SIMULATED
19783,Raven Isle Communications,DEALER,202604,6279.049999999999,5651.14,627.91,0.9,PENDING,BANK_TRANSFER,,,SIMULATED
435144,Elm View Networks,PENTAGON FRANCHISE,202604,6279.049999999999,5651.14,627.91,0.9,PENDING,BANK_TRANSFER,,,SIMULATED
358071,Crystal Leaf Communications,PENTAGON FRANCHISE,202604,6279.049999999999,5651.14,627.91,0.9,PENDING,BANK_TRANSFER,,,SIMULATED
19527,Hazel Sky Trading,CONNECT STORES,202604,6279.049999999999,5651.14,627.91,0.9,PENDING,MTN_INTERNAL_SETTLEMENT,,,SIMULATED
400086,Azure Trail Networks,PENTAGON FRANCHISE,202604,6279.049999999999,5651.14,627.91,0.9,PENDING,BANK_TRANSFER,,,SIMULATED
19666,Fern Port Ventures,DATA PARTNERS,202604,6279.049999999999,5651.14,627.91,0.9,PENDING,BANK_TRANSFER,,,SIMULATED
341071,Elm Bridge Ventures,PENTAGON FRANCHISE,202604,6279.049999999999,3767.43,2511.62,0.6,PARTIALLY_PAID,BANK_TRANSFER,2026-05-30,HIGH_UNQUALIFIED_RATE,SIMULATED
413181,Teal Dale Networks,ENTERPRISE BUSINESS,202604,6279.049999999999,5651.14,627.91,0.9,PENDING,BANK_TRANSFER,,,SIMULATED
455155,Jade Arc Ventures,CONNECT HUB,202604,6279.049999999999,5651.14,627.91,0.9,PENDING,MTN_INTERNAL_SETTLEMENT,,,SIMULATED
360064,Flint Crest Trading,PENTAGON FRANCHISE,202604,6279.049999999999,5651.14,627.91,0.9,PENDING,BANK_TRANSFER,,,SIMULATED
61028,Oak Leaf Communications,DATA PARTNERS,202604,6279.049999999999,5651.14,627.91,0.9,PENDING,BANK_TRANSFER,,,SIMULATED
126032,Rowan Hill Trading,CONNECT HUB,202604,6279.049999999999,3767.43,2511.62,0.6,PARTIALLY_PAID,MTN_INTERNAL_SETTLEMENT,2026-05-30,HIGH_UNQUALIFIED_RATE,SIMULATED
349089,Coral Reach Trading,ENTERPRISE BUSINESS,202604,6279.049999999999,5651.14,627.91,0.9,PENDING,BANK_TRANSFER,,,SIMULATED
328067,Sunset Valley Trading,PENTAGON FRANCHISE,202604,6279.049999999999,5651.14,627.91,0.9,PENDING,BANK_TRANSFER,,,SIMULATED
373074,Orchid Moon Ventures,PENTAGON FRANCHISE,202604,5860.46,5274.41,586.05,0.9,PENDING,BANK_TRANSFER,,,SIMULATED
19776,Cedar Grove Trading,DEALER,202604,5860.46,5274.41,586.05,0.9,PENDING,BANK_TRANSFER,,,SIMULATED
368079,Linden Light Ventures,PENTAGON FRANCHISE,202604,5860.459999999999,5274.41,586.05,0.9,PENDING,BANK_TRANSFER,,,SIMULATED
369074,Teal Grove Ventures,PENTAGON FRANCHISE,202604,5860.459999999999,5274.41,586.05,0.9,PENDING,BANK_TRANSFER,,,SIMULATED
19660,Coral Haven Networks,DEALER,202604,5860.459999999999,5274.41,586.05,0.9,PENDING,BANK_TRANSFER,,,SIMULATED
405095,Jade Bay Networks,PENTAGON FRANCHISE,202604,5860.459999999999,5274.41,586.05,0.9,PENDING,BANK_TRANSFER,,,SIMULATED
19658,Fern Meadow Communications,DATA PARTNERS,202604,5860.459999999999,5274.41,586.05,0.9,PENDING,BANK_TRANSFER,,,SIMULATED
423159,Raven Moon Communications,PENTAGON FRANCHISE,202604,5441.85,4897.67,544.18,0.9,PENDING,BANK_TRANSFER,,,SIMULATED
45024,Crystal Wind Ventures,DATA PARTNERS,202604,5441.85,3265.11,2176.74,0.6,PARTIALLY_PAID,BANK_TRANSFER,2026-05-30,HIGH_UNQUALIFIED_RATE,SIMULATED
294087,Aspen Delta Networks,PENTAGON FRANCHISE,202604,5441.85,4897.67,544.18,0.9,PENDING,BANK_TRANSFER,,,SIMULATED
400088,River Lake Trading,PENTAGON FRANCHISE,202604,5441.85,4897.67,544.18,0.9,PENDING,BANK_TRANSFER,,,SIMULATED
322066,Winter Shore Trading,PENTAGON FRANCHISE,202604,5441.85,4897.67,544.18,0.9,PENDING,BANK_TRANSFER,,,SIMULATED
368083,Topaz View Networks,PENTAGON FRANCHISE,202604,5441.85,4897.67,544.18,0.9,PENDING,BANK_TRANSFER,,,SIMULATED
19697,Birch Bay Communications,DATA PARTNERS,202604,5441.85,4897.67,544.18,0.9,PENDING,BANK_TRANSFER,,,SIMULATED
314064,Aspen Peak Ventures,PENTAGON FRANCHISE,202604,5441.85,4897.67,544.18,0.9,PENDING,BANK_TRANSFER,,,SIMULATED
385084,Sunset Grove Trading,PENTAGON FRANCHISE,202604,5441.85,4897.67,544.18,0.9,PENDING,BANK_TRANSFER,,,SIMULATED
361067,Fern Isle Trading,PENTAGON FRANCHISE,202604,5023.26,4520.93,502.33,0.9,PENDING,BANK_TRANSFER,,,SIMULATED
350066,Forest Valley Trading,ENTERPRISE BUSINESS,202604,5023.26,4520.93,502.33,0.9,PENDING,BANK_TRANSFER,,,SIMULATED
296074,Fern Isle Trading,ENTERPRISE BUSINESS,202604,5023.26,4520.93,502.33,0.9,PENDING,BANK_TRANSFER,,,SIMULATED
379080,Cedar Gate Networks,PENTAGON FRANCHISE,202604,5023.26,4520.93,502.33,0.9,PENDING,BANK_TRANSFER,,,SIMULATED
416150,Juniper Coast Ventures,PENTAGON FRANCHISE,202604,5023.26,4520.93,502.33,0.9,PENDING,BANK_TRANSFER,,,SIMULATED
382120,Linden Brook Networks,PENTAGON FRANCHISE,202604,5023.24,4520.92,502.32,0.9,PENDING,BANK_TRANSFER,,,SIMULATED
294132,Willow Isle Ventures,PENTAGON FRANCHISE,202604,5023.24,4520.92,502.32,0.9,PENDING,BANK_TRANSFER,,,SIMULATED
19833,Flint Port Ventures,CONNECT STORES,202604,5023.24,3013.94,2009.3,0.6,PARTIALLY_PAID,MTN_INTERNAL_SETTLEMENT,2026-05-30,HIGH_UNQUALIFIED_RATE,SIMULATED
390078,Birch Horizon Ventures,PENTAGON FRANCHISE,202604,5023.24,4520.92,502.32,0.9,PENDING,BANK_TRANSFER,,,SIMULATED
344059,Dawn Wave Ventures,PENTAGON FRANCHISE,202604,5023.24,4520.92,502.32,0.9,PENDING,BANK_TRANSFER,,,SIMULATED
19412,Jade Lake Ventures,DEALER,202604,5023.24,4520.92,502.32,0.9,PENDING,BANK_TRANSFER,,,SIMULATED
339065,Teal Wind Networks,PENTAGON FRANCHISE,202604,5023.24,4520.92,502.32,0.9,PENDING,BANK_TRANSFER,,,SIMULATED
368075,Orchid Ridge Networks,PENTAGON FRANCHISE,202604,5023.24,4520.92,502.32,0.9,PENDING,BANK_TRANSFER,,,SIMULATED
65035,Topaz Bridge Trading,CONNECT HUB,202604,5023.24,4520.92,502.32,0.9,PENDING,MTN_INTERNAL_SETTLEMENT,,,SIMULATED
19407,Sunset Wood Networks,DEALER,202604,5023.24,4520.92,502.32,0.9,PENDING,BANK_TRANSFER,,,SIMULATED
413171,Jade Lake Communications,CONNECT HUB,202604,5023.24,4520.92,502.32,0.9,PENDING,MTN_INTERNAL_SETTLEMENT,,,SIMULATED
299073,Laurel Shore Trading,PENTAGON FRANCHISE,202604,5023.24,4520.92,502.32,0.9,PENDING,BANK_TRANSFER,,,SIMULATED
411126,Teal Crown Communications,PENTAGON FRANCHISE,202604,5023.24,4520.92,502.32,0.9,PENDING,BANK_TRANSFER,,,SIMULATED
342075,Ruby Glen Trading,PENTAGON FRANCHISE,202604,5023.24,4520.92,502.32,0.9,PENDING,BANK_TRANSFER,,,SIMULATED
176051,Maple Point Communications,ENTERPRISE BUSINESS,202604,5023.24,4520.92,502.32,0.9,PENDING,BANK_TRANSFER,,,SIMULATED
389081,Flint Spring Networks,PENTAGON FRANCHISE,202604,5023.24,4520.92,502.32,0.9,PENDING,BANK_TRANSFER,,,SIMULATED
294131,Indigo Coast Networks,PENTAGON FRANCHISE,202604,5023.24,4520.92,502.32,0.9,PENDING,BANK_TRANSFER,,,SIMULATED
379076,Winter Wood Trading,PENTAGON FRANCHISE,202604,4604.65,4144.18,460.47,0.9,PENDING,BANK_TRANSFER,,,SIMULATED
337072,Meadow Haven Trading,PENTAGON FRANCHISE,202604,4604.65,4144.18,460.47,0.9,PENDING,BANK_TRANSFER,,,SIMULATED
406085,Coral Ridge Communications,PENTAGON FRANCHISE,202604,4186.04,3767.44,418.6,0.9,PENDING,BANK_TRANSFER,,,SIMULATED
280063,Jade Point Ventures,PENTAGON FRANCHISE,202604,4186.04,3767.44,418.6,0.9,PENDING,BANK_TRANSFER,,,SIMULATED
337074,Dawn Haven Trading,PENTAGON FRANCHISE,202604,4186.04,3767.44,418.6,0.9,PENDING,BANK_TRANSFER,,,SIMULATED
364081,Opal Delta Trading,ENTERPRISE BUSINESS,202604,4186.04,3767.44,418.6,0.9,PENDING,BANK_TRANSFER,,,SIMULATED
333072,Aspen Reach Networks,PENTAGON FRANCHISE,202604,4186.04,3767.44,418.6,0.9,PENDING,BANK_TRANSFER,,,SIMULATED
294093,Oak Meadow Communications,PENTAGON FRANCHISE,202604,4186.04,3767.44,418.6,0.9,PENDING,BANK_TRANSFER,,,SIMULATED
358061,Sunset Gate Communications,PENTAGON FRANCHISE,202604,4186.04,3767.44,418.6,0.9,PENDING,BANK_TRANSFER,,,SIMULATED
311076,Ivory Bay Ventures,PENTAGON FRANCHISE,202604,4186.04,3767.44,418.6,0.9,PENDING,BANK_TRANSFER,,,SIMULATED
322063,Pearl Ridge Networks,PENTAGON FRANCHISE,202604,3767.43,2260.46,1506.97,0.6,PARTIALLY_PAID,BANK_TRANSFER,2026-05-30,HIGH_UNQUALIFIED_RATE,SIMULATED
349070,Cedar Vale Ventures,PENTAGON FRANCHISE,202604,3767.43,3390.69,376.74,0.9,PENDING,BANK_TRANSFER,,,SIMULATED
332065,Coral Crest Communications,PENTAGON FRANCHISE,202604,3767.43,3390.69,376.74,0.9,PENDING,BANK_TRANSFER,,,SIMULATED
280064,Aspen Isle Networks,PENTAGON FRANCHISE,202604,3767.43,3390.69,376.74,0.9,PENDING,BANK_TRANSFER,,,SIMULATED
310070,Silver Path Trading,PENTAGON FRANCHISE,202604,3767.43,3390.69,376.74,0.9,PENDING,BANK_TRANSFER,,,SIMULATED
325080,Ember Isle Networks,PENTAGON FRANCHISE,202604,3767.43,3390.69,376.74,0.9,PENDING,BANK_TRANSFER,,,SIMULATED
311066,Meadow Grove Networks,PENTAGON FRANCHISE,202604,3767.43,3390.69,376.74,0.9,PENDING,BANK_TRANSFER,,,SIMULATED
339066,Forest Peak Trading,PENTAGON FRANCHISE,202604,3767.43,3390.69,376.74,0.9,PENDING,BANK_TRANSFER,,,SIMULATED
328063,Forest Wood Trading,PENTAGON FRANCHISE,202604,3767.43,2260.46,1506.97,0.6,PARTIALLY_PAID,BANK_TRANSFER,2026-05-30,HIGH_UNQUALIFIED_RATE,SIMULATED
287074,Raven Point Ventures,PENTAGON FRANCHISE,202604,3767.43,3390.69,376.74,0.9,PENDING,BANK_TRANSFER,,,SIMULATED
19830,Birch Meadow Trading,DEALER,202604,3767.43,3390.69,376.74,0.9,PENDING,BANK_TRANSFER,,,SIMULATED
379084,Olive Gate Networks,PENTAGON FRANCHISE,202604,3767.43,3390.69,376.74,0.9,PENDING,BANK_TRANSFER,,,SIMULATED
351064,Spruce Peak Communications,PENTAGON FRANCHISE,202604,3767.43,3390.69,376.74,0.9,PENDING,BANK_TRANSFER,,,SIMULATED
328064,Orchid Dale Communications,PENTAGON FRANCHISE,202604,3767.43,2260.46,1506.97,0.6,PARTIALLY_PAID,BANK_TRANSFER,2026-05-30,HIGH_UNQUALIFIED_RATE,SIMULATED
335060,Pearl Park Ventures,PENTAGON FRANCHISE,202604,3767.43,3390.69,376.74,0.9,PENDING,BANK_TRANSFER,,,SIMULATED
349081,Harbor Stream Networks,PENTAGON FRANCHISE,202604,3767.43,3390.69,376.74,0.9,PENDING,BANK_TRANSFER,,,SIMULATED
377072,Crystal Bridge Ventures,PENTAGON FRANCHISE,202604,3767.43,3390.69,376.74,0.9,PENDING,BANK_TRANSFER,,,SIMULATED
377071,Ivory Wave Networks,PENTAGON FRANCHISE,202604,3767.43,3390.69,376.74,0.9,PENDING,BANK_TRANSFER,,,SIMULATED
379087,Jade Glen Ventures,PENTAGON FRANCHISE,202604,3767.43,3390.69,376.74,0.9,PENDING,BANK_TRANSFER,,,SIMULATED
19401,Harbor Moon Communications,CONNECT STORES,202604,3767.43,2260.46,1506.97,0.6,PARTIALLY_PAID,MTN_INTERNAL_SETTLEMENT,2026-05-30,HIGH_UNQUALIFIED_RATE,SIMULATED
409092,Coral Haven Communications,PENTAGON FRANCHISE,202604,3767.43,3390.69,376.74,0.9,PENDING,BANK_TRANSFER,,,SIMULATED
280065,Silver Stream Communications,PENTAGON FRANCHISE,202604,3767.43,3390.69,376.74,0.9,PENDING,BANK_TRANSFER,,,SIMULATED
416151,River Stream Communications,PENTAGON FRANCHISE,202604,3348.84,3013.96,334.88,0.9,PENDING,BANK_TRANSFER,,,SIMULATED
386072,Ivory Gate Ventures,PENTAGON FRANCHISE,202604,3348.84,3013.96,334.88,0.9,PENDING,BANK_TRANSFER,,,SIMULATED
365113,River Summit Networks,PENTAGON FRANCHISE,202604,3348.84,3013.96,334.88,0.9,PENDING,BANK_TRANSFER,,,SIMULATED
379086,Fern Dale Ventures,PENTAGON FRANCHISE,202604,3348.84,3013.96,334.88,0.9,PENDING,BANK_TRANSFER,,,SIMULATED
19380,Spruce Wood Ventures,CONNECT STORES,202604,3348.84,2009.3,1339.54,0.6,PARTIALLY_PAID,MTN_INTERNAL_SETTLEMENT,2026-05-30,HIGH_UNQUALIFIED_RATE,SIMULATED
386077,Ivory Trail Communications,PENTAGON FRANCHISE,202604,3348.84,3013.96,334.88,0.9,PENDING,BANK_TRANSFER,,,SIMULATED
19612,Aspen Sky Trading,DEALER,202604,3348.84,3013.96,334.88,0.9,PENDING,BANK_TRANSFER,,,SIMULATED
365130,Ivory Sky Trading,PENTAGON FRANCHISE,202604,3348.84,3013.96,334.88,0.9,PENDING,BANK_TRANSFER,,,SIMULATED
395083,Olive Delta Networks,PENTAGON FRANCHISE,202604,3348.84,3013.96,334.88,0.9,PENDING,BANK_TRANSFER,,,SIMULATED
411101,Pearl Stone Ventures,PENTAGON FRANCHISE,202604,3348.84,3013.96,334.88,0.9,PENDING,BANK_TRANSFER,,,SIMULATED
430141,Crystal Summit Communications,PENTAGON FRANCHISE,202604,3348.84,2009.3,1339.54,0.6,PARTIALLY_PAID,BANK_TRANSFER,2026-05-30,HIGH_UNQUALIFIED_RATE,SIMULATED
365105,Linden Gate Ventures,PENTAGON FRANCHISE,202604,2930.23,2637.21,293.02,0.9,PENDING,BANK_TRANSFER,,,SIMULATED
19490,Teal Sky Ventures,DEALER,202604,2930.23,2637.21,293.02,0.9,PENDING,BANK_TRANSFER,,,SIMULATED
365075,Swift Ridge Ventures,PENTAGON FRANCHISE,202604,2930.23,2637.21,293.02,0.9,PENDING,BANK_TRANSFER,,,SIMULATED
19786,Maple Wave Networks,CONNECT STORES,202604,2930.23,2637.21,293.02,0.9,PENDING,MTN_INTERNAL_SETTLEMENT,,,SIMULATED
319058,Ocean Coast Ventures,PENTAGON FRANCHISE,202604,2930.23,2637.21,293.02,0.9,PENDING,BANK_TRANSFER,,,SIMULATED
345060,Willow Wind Communications,PENTAGON FRANCHISE,202604,2930.23,2637.21,293.02,0.9,PENDING,BANK_TRANSFER,,,SIMULATED
107032,Forest Delta Ventures,ENTERPRISE BUSINESS,202604,2930.23,2637.21,293.02,0.9,PENDING,BANK_TRANSFER,,,SIMULATED
377079,Meadow Haven Networks,PENTAGON FRANCHISE,202604,2930.23,2637.21,293.02,0.9,PENDING,BANK_TRANSFER,,,SIMULATED
333069,Sage Coast Ventures,PENTAGON FRANCHISE,202604,2930.23,2637.21,293.02,0.9,PENDING,BANK_TRANSFER,,,SIMULATED
327085,Crystal Sky Ventures,PENTAGON FRANCHISE,202604,2930.23,2637.21,293.02,0.9,PENDING,BANK_TRANSFER,,,SIMULATED
334060,Coral View Communications,PENTAGON FRANCHISE,202604,2930.23,2637.21,293.02,0.9,PENDING,BANK_TRANSFER,,,SIMULATED
115041,Flint Stone Ventures,ENTERPRISE BUSINESS,202604,2930.23,2637.21,293.02,0.9,PENDING,BANK_TRANSFER,,,SIMULATED
356066,Laurel Point Networks,PENTAGON FRANCHISE,202604,2930.23,2637.21,293.02,0.9,PENDING,BANK_TRANSFER,,,SIMULATED
294090,Coral Summit Networks,PENTAGON FRANCHISE,202604,2930.23,2637.21,293.02,0.9,PENDING,BANK_TRANSFER,,,SIMULATED
311062,Coral Hill Networks,PENTAGON FRANCHISE,202604,2511.62,2260.46,251.16,0.9,PENDING,BANK_TRANSFER,,,SIMULATED
21283,Ember Coast Trading,DEALER,202604,2511.62,2260.46,251.16,0.9,PENDING,BANK_TRANSFER,,,SIMULATED
365112,Teal Vale Networks,PENTAGON FRANCHISE,202604,2511.62,2260.46,251.16,0.9,PENDING,BANK_TRANSFER,,,SIMULATED
19663,Jade View Trading,DATA PARTNERS,202604,2511.62,1506.97,1004.65,0.6,PARTIALLY_PAID,BANK_TRANSFER,2026-05-30,HIGH_UNQUALIFIED_RATE,SIMULATED
411112,Raven Crown Ventures,PENTAGON FRANCHISE,202604,2511.62,2260.46,251.16,0.9,PENDING,BANK_TRANSFER,,,SIMULATED
294130,Winter Delta Ventures,PENTAGON FRANCHISE,202604,2511.62,2260.46,251.16,0.9,PENDING,BANK_TRANSFER,,,SIMULATED
357066,Winter Point Trading,PENTAGON FRANCHISE,202604,2511.62,2260.46,251.16,0.9,PENDING,BANK_TRANSFER,,,SIMULATED
344067,Laurel Leaf Trading,PENTAGON FRANCHISE,202604,2511.62,2260.46,251.16,0.9,PENDING,BANK_TRANSFER,,,SIMULATED
19782,Raven Isle Communications,DEALER,202604,2511.62,1506.97,1004.65,0.6,PARTIALLY_PAID,BANK_TRANSFER,2026-05-30,HIGH_UNQUALIFIED_RATE,SIMULATED
455154,Fern Field Networks,CONNECT HUB,202604,2511.62,2260.46,251.16,0.9,PENDING,MTN_INTERNAL_SETTLEMENT,,,SIMULATED
380074,Elm Wood Networks,PENTAGON FRANCHISE,202604,2511.62,2260.46,251.16,0.9,PENDING,BANK_TRANSFER,,,SIMULATED
415144,Birch Trail Networks,PENTAGON FRANCHISE,202604,2511.62,2260.46,251.16,0.9,PENDING,BANK_TRANSFER,,,SIMULATED
367081,Dawn Dale Networks,PENTAGON FRANCHISE,202604,2511.62,2260.46,251.16,0.9,PENDING,BANK_TRANSFER,,,SIMULATED
379082,Ivory Path Networks,PENTAGON FRANCHISE,202604,2511.62,2260.46,251.16,0.9,PENDING,BANK_TRANSFER,,,SIMULATED
19914,Elm Wave Ventures,DATA PARTNERS,202604,2511.62,2260.46,251.16,0.9,PENDING,BANK_TRANSFER,,,SIMULATED
332063,Silver Haven Ventures,PENTAGON FRANCHISE,202604,2511.62,1506.97,1004.65,0.6,PARTIALLY_PAID,BANK_TRANSFER,2026-05-30,HIGH_UNQUALIFIED_RATE,SIMULATED
21285,Aspen Sky Trading,DEALER,202604,2511.62,1506.97,1004.65,0.6,PARTIALLY_PAID,BANK_TRANSFER,2026-05-30,HIGH_UNQUALIFIED_RATE,SIMULATED
365111,Silver Brook Trading,PENTAGON FRANCHISE,202604,2511.62,2260.46,251.16,0.9,PENDING,BANK_TRANSFER,,,SIMULATED
358069,Ivory Bridge Networks,PENTAGON FRANCHISE,202604,2511.62,2260.46,251.16,0.9,PENDING,BANK_TRANSFER,,,SIMULATED
412089,Hazel Port Trading,PENTAGON FRANCHISE,202604,2511.62,2260.46,251.16,0.9,PENDING,BANK_TRANSFER,,,SIMULATED
314063,Coral Meadow Ventures,PENTAGON FRANCHISE,202604,2511.62,2260.46,251.16,0.9,PENDING,BANK_TRANSFER,,,SIMULATED
360058,Pearl Valley Trading,PENTAGON FRANCHISE,202604,2511.62,2260.46,251.16,0.9,PENDING,BANK_TRANSFER,,,SIMULATED
337059,Amber Meadow Networks,PENTAGON FRANCHISE,202604,2511.62,2260.46,251.16,0.9,PENDING,BANK_TRANSFER,,,SIMULATED
107035,Spruce Point Communications,ENTERPRISE BUSINESS,202604,2511.62,2260.46,251.16,0.9,PENDING,BANK_TRANSFER,,,SIMULATED
347059,Azure Light Communications,PENTAGON FRANCHISE,202604,2511.62,2260.46,251.16,0.9,PENDING,BANK_TRANSFER,,,SIMULATED
322061,Hazel Wood Communications,PENTAGON FRANCHISE,202604,2511.62,2260.46,251.16,0.9,PENDING,BANK_TRANSFER,,,SIMULATED
349074,Amber Delta Networks,PENTAGON FRANCHISE,202604,2511.62,2260.46,251.16,0.9,PENDING,BANK_TRANSFER,,,SIMULATED
284086,Stone Brook Communications,PENTAGON FRANCHISE,202604,2511.62,2260.46,251.16,0.9,PENDING,BANK_TRANSFER,,,SIMULATED
358072,Meadow Wave Communications,PENTAGON FRANCHISE,202604,2511.62,2260.46,251.16,0.9,PENDING,BANK_TRANSFER,,,SIMULATED
345061,Indigo Ridge Trading,PENTAGON FRANCHISE,202604,2511.62,2260.46,251.16,0.9,PENDING,BANK_TRANSFER,,,SIMULATED
329065,Olive Moon Trading,PENTAGON FRANCHISE,202604,2511.62,2260.46,251.16,0.9,PENDING,BANK_TRANSFER,,,SIMULATED
360066,Harbor Sky Communications,PENTAGON FRANCHISE,202604,2511.62,2260.46,251.16,0.9,PENDING,BANK_TRANSFER,,,SIMULATED
392085,Ocean Crest Communications,PENTAGON FRANCHISE,202604,2511.62,2260.46,251.16,0.9,PENDING,BANK_TRANSFER,,,SIMULATED
334058,Sage Brook Ventures,PENTAGON FRANCHISE,202604,2511.62,1506.97,1004.65,0.6,PARTIALLY_PAID,BANK_TRANSFER,2026-05-30,HIGH_UNQUALIFIED_RATE,SIMULATED
21254,Juniper Summit Communications,DATA PARTNERS,202604,2511.62,2260.46,251.16,0.9,PENDING,BANK_TRANSFER,,,SIMULATED
19417,Indigo Path Ventures,DATA PARTNERS,202604,2511.62,2260.46,251.16,0.9,PENDING,BANK_TRANSFER,,,SIMULATED
356077,Golden Moon Networks,PENTAGON FRANCHISE,202604,2511.62,2260.46,251.16,0.9,PENDING,BANK_TRANSFER,,,SIMULATED
335061,Teal Vale Trading,PENTAGON FRANCHISE,202604,2511.62,2260.46,251.16,0.9,PENDING,BANK_TRANSFER,,,SIMULATED
19387,Cedar Stream Ventures,CONNECT STORES,202604,2511.62,1506.97,1004.65,0.6,PARTIALLY_PAID,MTN_INTERNAL_SETTLEMENT,2026-05-30,HIGH_UNQUALIFIED_RATE,SIMULATED
405089,Rowan Light Communications,DEALER,202604,2511.62,2260.46,251.16,0.9,PENDING,BANK_TRANSFER,,,SIMULATED
322074,Crystal Stone Networks,PENTAGON FRANCHISE,202604,2511.62,1506.97,1004.65,0.6,PARTIALLY_PAID,BANK_TRANSFER,2026-05-30,HIGH_UNQUALIFIED_RATE,SIMULATED
365109,Olive Stone Networks,PENTAGON FRANCHISE,202604,1674.42,1506.98,167.44,0.9,PENDING,BANK_TRANSFER,,,SIMULATED
393085,Laurel Lake Trading,PENTAGON FRANCHISE,202604,1674.42,669.77,1004.65,0.4,DISPUTED,BANK_TRANSFER,,CONFIRMED_MISMATCH,SIMULATED
20027,Juniper Bridge Trading,SIM REG AGENCY,202604,1674.42,1506.98,167.44,0.9,PENDING,BANK_TRANSFER,,,SIMULATED
423154,Rowan Lake Trading,PENTAGON FRANCHISE,202604,1674.42,1506.98,167.44,0.9,PENDING,BANK_TRANSFER,,,SIMULATED
368073,Rowan Stone Trading,PENTAGON FRANCHISE,202604,1674.42,1506.98,167.44,0.9,PENDING,BANK_TRANSFER,,,SIMULATED
379095,Forest Leaf Networks,PENTAGON FRANCHISE,202604,1674.42,1506.98,167.44,0.9,PENDING,BANK_TRANSFER,,,SIMULATED
319062,Elm Hill Trading,PENTAGON FRANCHISE,202604,1674.42,1506.98,167.44,0.9,PENDING,BANK_TRANSFER,,,SIMULATED
382114,Laurel Moon Ventures,PENTAGON FRANCHISE,202604,1674.42,1506.98,167.44,0.9,PENDING,BANK_TRANSFER,,,SIMULATED
454143,Orchid Wood Ventures,PENTAGON FRANCHISE,202604,1674.42,1506.98,167.44,0.9,PENDING,BANK_TRANSFER,,,SIMULATED
332070,Stone Wind Communications,DEALER,202604,1674.42,1506.98,167.44,0.9,PENDING,BANK_TRANSFER,,,SIMULATED
351063,Ember Stream Networks,PENTAGON FRANCHISE,202604,1674.42,1506.98,167.44,0.9,PENDING,BANK_TRANSFER,,,SIMULATED
365093,Orchid Coast Networks,PENTAGON FRANCHISE,202604,1674.42,1506.98,167.44,0.9,PENDING,BANK_TRANSFER,,,SIMULATED
361072,Harbor Vale Trading,PENTAGON FRANCHISE,202604,1674.42,1506.98,167.44,0.9,PENDING,BANK_TRANSFER,,,SIMULATED
52023,Birch Delta Communications,DATA PARTNERS,202604,1674.42,1506.98,167.44,0.9,PENDING,BANK_TRANSFER,,,SIMULATED
391078,Maple Point Communications,PENTAGON FRANCHISE,202604,1674.42,1506.98,167.44,0.9,PENDING,BANK_TRANSFER,,,SIMULATED
380076,Birch Crown Networks,PENTAGON FRANCHISE,202604,1674.42,1506.98,167.44,0.9,PENDING,BANK_TRANSFER,,,SIMULATED
361066,Raven Summit Ventures,PENTAGON FRANCHISE,202604,1674.42,1004.65,669.77,0.6,PARTIALLY_PAID,BANK_TRANSFER,2026-05-30,HIGH_UNQUALIFIED_RATE,SIMULATED
360061,Elm Stone Communications,PENTAGON FRANCHISE,202604,1674.42,1004.65,669.77,0.6,PARTIALLY_PAID,BANK_TRANSFER,2026-05-30,HIGH_UNQUALIFIED_RATE,SIMULATED
365088,Sunset Point Networks,PENTAGON FRANCHISE,202604,1674.42,1506.98,167.44,0.9,PENDING,BANK_TRANSFER,,,SIMULATED
408085,Coral Stream Ventures,PENTAGON FRANCHISE,202604,1255.81,1130.23,125.58,0.9,PENDING,BANK_TRANSFER,,,SIMULATED
380077,Dawn Field Networks,PENTAGON FRANCHISE,202604,1255.81,1130.23,125.58,0.9,PENDING,BANK_TRANSFER,,,SIMULATED
342068,Teal Light Ventures,PENTAGON FRANCHISE,202604,1255.81,1130.23,125.58,0.9,PENDING,BANK_TRANSFER,,,SIMULATED
413170,Silver Glen Communications,PENTAGON FRANCHISE,202604,1255.81,1130.23,125.58,0.9,PENDING,BANK_TRANSFER,,,SIMULATED
353063,Spruce Reach Trading,PENTAGON FRANCHISE,202604,1255.81,1130.23,125.58,0.9,PENDING,BANK_TRANSFER,,,SIMULATED
349073,Amber Horizon Communications,PENTAGON FRANCHISE,202604,1255.81,753.49,502.32,0.6,PARTIALLY_PAID,BANK_TRANSFER,2026-05-30,HIGH_UNQUALIFIED_RATE,SIMULATED
19363,Maple Dale Communications,DEALER,202604,1255.81,1130.23,125.58,0.9,PENDING,BANK_TRANSFER,,,SIMULATED
386074,Crystal Valley Trading,PENTAGON FRANCHISE,202604,1255.81,1130.23,125.58,0.9,PENDING,BANK_TRANSFER,,,SIMULATED
409089,Quartz Leaf Communications,PENTAGON FRANCHISE,202604,1255.81,1130.23,125.58,0.9,PENDING,BANK_TRANSFER,,,SIMULATED
438141,Azure View Communications,PENTAGON FRANCHISE,202604,1255.81,1130.23,125.58,0.9,PENDING,BANK_TRANSFER,,,SIMULATED
405097,Swift Leaf Trading,PENTAGON FRANCHISE,202604,1255.81,1130.23,125.58,0.9,PENDING,BANK_TRANSFER,,,SIMULATED
341069,Ruby Vale Ventures,PENTAGON FRANCHISE,202604,1255.81,1130.23,125.58,0.9,PENDING,BANK_TRANSFER,,,SIMULATED
284059,Forest Coast Networks,PENTAGON FRANCHISE,202604,1255.81,1130.23,125.58,0.9,PENDING,BANK_TRANSFER,,,SIMULATED
323081,Flint Horizon Ventures,PENTAGON FRANCHISE,202604,1255.81,753.49,502.32,0.6,PARTIALLY_PAID,BANK_TRANSFER,2026-05-30,HIGH_UNQUALIFIED_RATE,SIMULATED
337073,Stone Haven Trading,PENTAGON FRANCHISE,202604,1255.81,1130.23,125.58,0.9,PENDING,BANK_TRANSFER,,,SIMULATED
19871,Meadow Horizon Trading,DEALER,202604,1255.81,1130.23,125.58,0.9,PENDING,BANK_TRANSFER,,,SIMULATED
341059,Spruce Vale Communications,PENTAGON FRANCHISE,202604,1255.81,1130.23,125.58,0.9,PENDING,BANK_TRANSFER,,,SIMULATED
19780,Ivory Vale Ventures,DATA PARTNERS,202604,1255.81,753.49,502.32,0.6,PARTIALLY_PAID,BANK_TRANSFER,2026-05-30,HIGH_UNQUALIFIED_RATE,SIMULATED
361073,Winter Trail Networks,PENTAGON FRANCHISE,202604,1255.81,1130.23,125.58,0.9,PENDING,BANK_TRANSFER,,,SIMULATED
350063,Linden Summit Ventures,PENTAGON FRANCHISE,202604,1255.81,1130.23,125.58,0.9,PENDING,BANK_TRANSFER,,,SIMULATED
365114,Oak Leaf Communications,PENTAGON FRANCHISE,202604,1255.81,753.49,502.32,0.6,PARTIALLY_PAID,BANK_TRANSFER,2026-05-30,HIGH_UNQUALIFIED_RATE,SIMULATED
349071,Birch Delta Trading,PENTAGON FRANCHISE,202604,1255.81,753.49,502.32,0.6,PARTIALLY_PAID,BANK_TRANSFER,2026-05-30,HIGH_UNQUALIFIED_RATE,SIMULATED
349068,Linden Point Trading,PENTAGON FRANCHISE,202604,1255.81,1130.23,125.58,0.9,PENDING,BANK_TRANSFER,,,SIMULATED
303070,Willow Crown Communications,PENTAGON FRANCHISE,202604,1255.81,753.49,502.32,0.6,PARTIALLY_PAID,BANK_TRANSFER,2026-05-30,HIGH_UNQUALIFIED_RATE,SIMULATED
367086,Ember Brook Ventures,PENTAGON FRANCHISE,202604,1255.81,753.49,502.32,0.6,PARTIALLY_PAID,BANK_TRANSFER,2026-05-30,HIGH_UNQUALIFIED_RATE,SIMULATED
332066,Silver Moon Ventures,PENTAGON FRANCHISE,202604,1255.81,1130.23,125.58,0.9,PENDING,BANK_TRANSFER,,,SIMULATED
323080,Hazel Crown Networks,PENTAGON FRANCHISE,202604,1255.81,753.49,502.32,0.6,PARTIALLY_PAID,BANK_TRANSFER,2026-05-30,HIGH_UNQUALIFIED_RATE,SIMULATED
19661,Coral Haven Networks,DEALER,202604,1255.81,1130.23,125.58,0.9,PENDING,BANK_TRANSFER,,,SIMULATED
406084,Hazel Point Ventures,PENTAGON FRANCHISE,202604,1255.81,753.49,502.32,0.6,PARTIALLY_PAID,BANK_TRANSFER,2026-05-30,HIGH_UNQUALIFIED_RATE,SIMULATED
294076,Opal Moon Communications,PENTAGON FRANCHISE,202604,1255.81,1130.23,125.58,0.9,PENDING,BANK_TRANSFER,,,SIMULATED
19850,Elm Leaf Networks,DATA PARTNERS,202604,1255.81,1130.23,125.58,0.9,PENDING,BANK_TRANSFER,,,SIMULATED
391084,Ivory Wave Ventures,PENTAGON FRANCHISE,202604,1255.81,753.49,502.32,0.6,PARTIALLY_PAID,BANK_TRANSFER,2026-05-30,HIGH_UNQUALIFIED_RATE,SIMULATED
19964,River Star Communications,DEALER,202604,1255.81,1130.23,125.58,0.9,PENDING,BANK_TRANSFER,,,SIMULATED
329071,Orchid Ridge Trading,PENTAGON FRANCHISE,202604,1255.81,1130.23,125.58,0.9,PENDING,BANK_TRANSFER,,,SIMULATED
341064,River Park Networks,PENTAGON FRANCHISE,202604,1255.81,753.49,502.32,0.6,PARTIALLY_PAID,BANK_TRANSFER,2026-05-30,HIGH_UNQUALIFIED_RATE,SIMULATED
356067,Birch Wave Communications,PENTAGON FRANCHISE,202604,1255.81,1130.23,125.58,0.9,PENDING,BANK_TRANSFER,,,SIMULATED
294065,Silver Light Communications,PENTAGON FRANCHISE,202604,1255.81,753.49,502.32,0.6,PARTIALLY_PAID,BANK_TRANSFER,2026-05-30,HIGH_UNQUALIFIED_RATE,SIMULATED
109031,Sage Glen Trading,ENTERPRISE BUSINESS,202604,1255.81,1130.23,125.58,0.9,PENDING,BANK_TRANSFER,,,SIMULATED
412091,Harbor Wood Ventures,PENTAGON FRANCHISE,202604,1255.81,1130.23,125.58,0.9,PENDING,BANK_TRANSFER,,,SIMULATED
405098,Winter Horizon Networks,DEALER,202604,1255.81,753.49,502.32,0.6,PARTIALLY_PAID,BANK_TRANSFER,2026-05-30,HIGH_UNQUALIFIED_RATE,SIMULATED
322059,Golden Haven Networks,PENTAGON FRANCHISE,202604,1255.81,1130.23,125.58,0.9,PENDING,BANK_TRANSFER,,,SIMULATED
392088,Raven Grove Networks,PENTAGON FRANCHISE,202604,1255.81,1130.23,125.58,0.9,PENDING,BANK_TRANSFER,,,SIMULATED
379081,Silver Reach Ventures,PENTAGON FRANCHISE,202604,1255.81,1130.23,125.58,0.9,PENDING,BANK_TRANSFER,,,SIMULATED
335058,Cedar Bay Trading,PENTAGON FRANCHISE,202604,1255.81,753.49,502.32,0.6,PARTIALLY_PAID,BANK_TRANSFER,2026-05-30,HIGH_UNQUALIFIED_RATE,SIMULATED
395094,Amber Vale Communications,PENTAGON FRANCHISE,202604,1255.81,1130.23,125.58,0.9,PENDING,BANK_TRANSFER,,,SIMULATED
430151,Willow Bridge Trading,PENTAGON FRANCHISE,202604,1255.81,1130.23,125.58,0.9,PENDING,BANK_TRANSFER,,,SIMULATED
300069,Winter Vale Communications,PENTAGON FRANCHISE,202604,1255.81,1130.23,125.58,0.9,PENDING,BANK_TRANSFER,,,SIMULATED
361064,Rowan View Communications,PENTAGON FRANCHISE,202604,1255.81,753.49,502.32,0.6,PARTIALLY_PAID,BANK_TRANSFER,2026-05-30,HIGH_UNQUALIFIED_RATE,SIMULATED
332067,Quartz Stone Networks,PENTAGON FRANCHISE,202604,1255.81,1130.23,125.58,0.9,PENDING,BANK_TRANSFER,,,SIMULATED
280062,Oak Field Communications,PENTAGON FRANCHISE,202604,1255.81,753.49,502.32,0.6,PARTIALLY_PAID,BANK_TRANSFER,2026-05-30,HIGH_UNQUALIFIED_RATE,SIMULATED
341075,Flint Wood Communications,PENTAGON FRANCHISE,202604,1255.81,753.49,502.32,0.6,PARTIALLY_PAID,BANK_TRANSFER,2026-05-30,HIGH_UNQUALIFIED_RATE,SIMULATED
408086,Sunset Sky Communications,PENTAGON FRANCHISE,202604,1255.81,1130.23,125.58,0.9,PENDING,BANK_TRANSFER,,,SIMULATED
356084,Harbor Crest Communications,PENTAGON FRANCHISE,202604,1255.81,1130.23,125.58,0.9,PENDING,BANK_TRANSFER,,,SIMULATED
294128,Orchid Crown Communications,PENTAGON FRANCHISE,202604,0.0,0.0,0.0,0.2,FULLY_PAID,BANK_TRANSFER,2026-05-25,ALL_UNQUALIFIED,SIMULATED
335059,Oak Beacon Communications,PENTAGON FRANCHISE,202604,0.0,0.0,0.0,0.2,FULLY_PAID,BANK_TRANSFER,2026-05-25,ALL_UNQUALIFIED,SIMULATED
323082,Crystal Vale Communications,PENTAGON FRANCHISE,202604,0.0,0.0,0.0,0.2,FULLY_PAID,BANK_TRANSFER,2026-05-25,ALL_UNQUALIFIED,SIMULATED
341066,Pine Star Communications,PENTAGON FRANCHISE,202604,0.0,0.0,0.0,0.2,FULLY_PAID,BANK_TRANSFER,2026-05-25,ALL_UNQUALIFIED,SIMULATED
393084,Ivory Stream Networks,PENTAGON FRANCHISE,202604,0.0,0.0,0.0,0.2,FULLY_PAID,BANK_TRANSFER,2026-05-25,ALL_UNQUALIFIED,SIMULATED
357094,Orchid Coast Trading,PENTAGON FRANCHISE,202604,0.0,0.0,0.0,0.2,FULLY_PAID,BANK_TRANSFER,2026-05-25,ALL_UNQUALIFIED,SIMULATED
365104,Willow Brook Communications,PENTAGON FRANCHISE,202604,0.0,0.0,0.0,0.2,FULLY_PAID,BANK_TRANSFER,2026-05-25,ALL_UNQUALIFIED,SIMULATED
19519,Ember Point Trading,CONNECT STORES,202604,0.0,0.0,0.0,0.2,FULLY_PAID,MTN_INTERNAL_SETTLEMENT,2026-05-25,ALL_UNQUALIFIED,SIMULATED
377076,Spruce Coast Communications,PENTAGON FRANCHISE,202604,0.0,0.0,0.0,0.2,FULLY_PAID,BANK_TRANSFER,2026-05-25,ALL_UNQUALIFIED,SIMULATED
441143,Ember Dale Networks,PENTAGON FRANCHISE,202604,0.0,0.0,0.0,0.2,FULLY_PAID,BANK_TRANSFER,2026-05-25,ALL_UNQUALIFIED,SIMULATED
374078,Jade Isle Trading,PENTAGON FRANCHISE,202604,0.0,0.0,0.0,0.2,FULLY_PAID,BANK_TRANSFER,2026-05-25,ALL_UNQUALIFIED,SIMULATED
338059,Sunset Hill Ventures,PENTAGON FRANCHISE,202604,0.0,0.0,0.0,0.2,FULLY_PAID,BANK_TRANSFER,2026-05-25,ALL_UNQUALIFIED,SIMULATED
337089,Coral Crown Trading,PENTAGON FRANCHISE,202604,0.0,0.0,0.0,0.2,FULLY_PAID,BANK_TRANSFER,2026-05-25,ALL_UNQUALIFIED,SIMULATED
430148,Rowan Wave Ventures,PENTAGON FRANCHISE,202604,0.0,0.0,0.0,0.2,FULLY_PAID,BANK_TRANSFER,2026-05-25,ALL_UNQUALIFIED,SIMULATED
19398,Harbor Moon Communications,CONNECT STORES,202604,0.0,0.0,0.0,0.2,FULLY_PAID,MTN_INTERNAL_SETTLEMENT,2026-05-25,ALL_UNQUALIFIED,SIMULATED
405090,Forest Stone Networks,DEALER,202604,0.0,0.0,0.0,0.2,FULLY_PAID,BANK_TRANSFER,2026-05-25,ALL_UNQUALIFIED,SIMULATED
354066,Forest Beacon Communications,PENTAGON FRANCHISE,202604,0.0,0.0,0.0,0.2,FULLY_PAID,BANK_TRANSFER,2026-05-25,ALL_UNQUALIFIED,SIMULATED
342066,Juniper Path Communications,PENTAGON FRANCHISE,202604,0.0,0.0,0.0,0.2,FULLY_PAID,BANK_TRANSFER,2026-05-25,ALL_UNQUALIFIED,SIMULATED
416141,Silver Moon Communications,PENTAGON FRANCHISE,202604,0.0,0.0,0.0,0.2,FULLY_PAID,BANK_TRANSFER,2026-05-25,ALL_UNQUALIFIED,SIMULATED
327086,Cedar Gate Ventures,PENTAGON FRANCHISE,202604,0.0,0.0,0.0,0.2,FULLY_PAID,BANK_TRANSFER,2026-05-25,ALL_UNQUALIFIED,SIMULATED
357065,Ruby Beacon Trading,PENTAGON FRANCHISE,202604,0.0,0.0,0.0,0.2,FULLY_PAID,BANK_TRANSFER,2026-05-25,ALL_UNQUALIFIED,SIMULATED
344069,Quartz Beacon Trading,PENTAGON FRANCHISE,202604,0.0,0.0,0.0,0.2,FULLY_PAID,BANK_TRANSFER,2026-05-25,ALL_UNQUALIFIED,SIMULATED
322062,Aspen Peak Trading,PENTAGON FRANCHISE,202604,0.0,0.0,0.0,0.2,FULLY_PAID,BANK_TRANSFER,2026-05-25,ALL_UNQUALIFIED,SIMULATED
21252,Dawn Delta Networks,ENTERPRISE BUSINESS,202604,0.0,0.0,0.0,0.2,FULLY_PAID,BANK_TRANSFER,2026-05-25,ALL_UNQUALIFIED,SIMULATED
411091,Ruby Valley Networks,PENTAGON FRANCHISE,202604,0.0,0.0,0.0,0.2,FULLY_PAID,BANK_TRANSFER,2026-05-25,ALL_UNQUALIFIED,SIMULATED
328068,Swift Wood Ventures,PENTAGON FRANCHISE,202604,0.0,0.0,0.0,0.2,FULLY_PAID,BANK_TRANSFER,2026-05-25,ALL_UNQUALIFIED,SIMULATED
389079,Hazel Hill Ventures,PENTAGON FRANCHISE,202604,0.0,0.0,0.0,0.2,FULLY_PAID,BANK_TRANSFER,2026-05-25,ALL_UNQUALIFIED,SIMULATED
356068,Winter Trail Communications,PENTAGON FRANCHISE,202604,0.0,0.0,0.0,0.2,FULLY_PAID,BANK_TRANSFER,2026-05-25,ALL_UNQUALIFIED,SIMULATED
430147,Orchid Star Communications,PENTAGON FRANCHISE,202604,0.0,0.0,0.0,0.2,FULLY_PAID,BANK_TRANSFER,2026-05-25,ALL_UNQUALIFIED,SIMULATED
296062,Meadow Stream Communications,PENTAGON FRANCHISE,202604,0.0,0.0,0.0,0.2,FULLY_PAID,BANK_TRANSFER,2026-05-25,ALL_UNQUALIFIED,SIMULATED
441145,Sunset Brook Networks,PENTAGON FRANCHISE,202604,0.0,0.0,0.0,0.2,FULLY_PAID,BANK_TRANSFER,2026-05-25,ALL_UNQUALIFIED,SIMULATED
408093,Silver Field Trading,PENTAGON FRANCHISE,202604,0.0,0.0,0.0,0.2,FULLY_PAID,BANK_TRANSFER,2026-05-25,ALL_UNQUALIFIED,SIMULATED
19863,Olive Moon Ventures,CONNECT STORES,202604,0.0,0.0,0.0,0.2,FULLY_PAID,MTN_INTERNAL_SETTLEMENT,2026-05-25,ALL_UNQUALIFIED,SIMULATED
19630,Coral Point Ventures,CONNECT STORES,202604,0.0,0.0,0.0,0.2,FULLY_PAID,MTN_INTERNAL_SETTLEMENT,2026-05-25,ALL_UNQUALIFIED,SIMULATED
400089,Azure Moon Communications,PENTAGON FRANCHISE,202604,0.0,0.0,0.0,0.2,FULLY_PAID,BANK_TRANSFER,2026-05-25,ALL_UNQUALIFIED,SIMULATED
74050,Stone Light Networks,FIXED BROADBAND,202605,1216590.8699999999,1094931.78,121659.09,0.9,PENDING,BANK_TRANSFER,,,SIMULATED
98052,Ember Hill Networks,FIXED BROADBAND,202605,963593.4099999999,867234.07,96359.34,0.9,PENDING,BANK_TRANSFER,,,SIMULATED
296065,River Isle Ventures,ENTERPRISE BUSINESS,202605,951213.3799999999,380485.35,570728.03,0.4,DISPUTED,BANK_TRANSFER,,CONFIRMED_MISMATCH,SIMULATED
73037,Azure Trail Networks,ENTERPRISE BUSINESS,202605,860320.5999999999,774288.54,86032.06,0.9,PENDING,BANK_TRANSFER,,,SIMULATED
88031,Oak Field Communications,FIXED BROADBAND,202605,644873.0800000001,580385.77,64487.31,0.9,PENDING,BANK_TRANSFER,,,SIMULATED
90032,Quartz Meadow Networks,FIXED BROADBAND,202605,639219.35,575297.42,63921.93,0.9,PENDING,BANK_TRANSFER,,,SIMULATED
19392,Pine Lake Ventures,CONNECT STORES,202605,637528.7699999999,573775.89,63752.88,0.9,PENDING,MTN_INTERNAL_SETTLEMENT,,,SIMULATED
19477,Ocean Vale Ventures,CONNECT STORES,202605,577907.82,520117.04,57790.78,0.9,PENDING,MTN_INTERNAL_SETTLEMENT,,,SIMULATED
213044,Silver Grove Communications,CONNECT STORES,202605,540328.51,486295.66,54032.85,0.9,PENDING,MTN_INTERNAL_SETTLEMENT,,,SIMULATED
357063,Azure Leaf Communications,FIXED BROADBAND,202605,538849.1599999999,484964.24,53884.92,0.9,PENDING,BANK_TRANSFER,,,SIMULATED
69031,Azure Leaf Communications,DATA PARTNERS,202605,495001.4199999999,445501.28,49500.14,0.9,PENDING,BANK_TRANSFER,,,SIMULATED
19657,Birch Wave Ventures,DATA PARTNERS,202605,446449.2899999999,401804.36,44644.93,0.9,PENDING,BANK_TRANSFER,,,SIMULATED
205044,Sunset Crest Communications,FIXED BROADBAND,202605,444931.0399999999,400437.94,44493.1,0.9,PENDING,BANK_TRANSFER,,,SIMULATED
19664,Cedar Stone Communications,DATA PARTNERS,202605,444624.32999999996,400161.9,44462.43,0.9,PENDING,BANK_TRANSFER,,,SIMULATED
19562,Indigo Arc Communications,DATA PARTNERS,202605,404231.96,161692.78,242539.18,0.4,DISPUTED,BANK_TRANSFER,,CONFIRMED_MISMATCH,SIMULATED
98053,Raven Sky Networks,FIXED BROADBAND,202605,383346.75,345012.08,38334.67,0.9,PENDING,BANK_TRANSFER,,,SIMULATED
311069,Cedar Stone Communications,FIXED BROADBAND,202605,380059.35000000003,342053.42,38005.93,0.9,PENDING,BANK_TRANSFER,,,SIMULATED
19948,Meadow Haven Networks,DATA PARTNERS,202605,373930.86000000004,336537.77,37393.09,0.9,PENDING,BANK_TRANSFER,,,SIMULATED
379100,Laurel Light Ventures,FIXED BROADBAND,202605,372736.27,335462.64,37273.63,0.9,PENDING,BANK_TRANSFER,,,SIMULATED
19793,Jade Lake Communications,CONNECT STORES,202605,344008.91,309608.02,34400.89,0.9,PENDING,MTN_INTERNAL_SETTLEMENT,,,SIMULATED
19958,Meadow Wind Networks,CONNECT STORES,202605,328509.66000000003,295658.69,32850.97,0.9,PENDING,MTN_INTERNAL_SETTLEMENT,,,SIMULATED
19618,Golden Moon Communications,CONNECT STORES,202605,323341.06999999995,291006.96,32334.11,0.9,PENDING,MTN_INTERNAL_SETTLEMENT,,,SIMULATED
19647,Silver Valley Ventures,CONNECT STORES,202605,313914.16000000003,282522.74,31391.42,0.9,PENDING,MTN_INTERNAL_SETTLEMENT,,,SIMULATED
19357,Quartz Meadow Networks,DATA PARTNERS,202605,312283.99,281055.59,31228.4,0.9,PENDING,BANK_TRANSFER,,,SIMULATED
369075,Coral Sky Communications,FIXED BROADBAND,202605,310671.35,124268.54,186402.81,0.4,DISPUTED,BANK_TRANSFER,,CONFIRMED_MISMATCH,SIMULATED
110035,Olive Hill Networks,FIXED BROADBAND,202605,301869.05999999994,120747.62,181121.44,0.4,DISPUTED,BANK_TRANSFER,,CONFIRMED_MISMATCH,SIMULATED
95040,Hazel Light Communications,FIXED BROADBAND,202605,291828.31,262645.48,29182.83,0.9,PENDING,BANK_TRANSFER,,,SIMULATED
19785,Stone Crest Ventures,DATA PARTNERS,202605,288222.95999999996,259400.66,28822.3,0.9,PENDING,BANK_TRANSFER,,,SIMULATED
19478,Ocean Vale Ventures,CONNECT STORES,202605,280101.77999999997,252091.6,28010.18,0.9,PENDING,MTN_INTERNAL_SETTLEMENT,,,SIMULATED
19810,Birch Path Networks,CONNECT STORES,202605,277746.2699999999,249971.64,27774.63,0.9,PENDING,MTN_INTERNAL_SETTLEMENT,,,SIMULATED
250047,Quartz Vale Trading,FIXED BROADBAND,202605,274553.63999999996,247098.28,27455.36,0.9,PENDING,BANK_TRANSFER,,,SIMULATED
19372,Jade Point Trading,CONNECT STORES,202605,273471.35,246124.21,27347.14,0.9,PENDING,MTN_INTERNAL_SETTLEMENT,,,SIMULATED
19643,Birch Meadow Communications,CONNECT STORES,202605,269391.48,242452.33,26939.15,0.9,PENDING,MTN_INTERNAL_SETTLEMENT,,,SIMULATED
409091,Laurel Light Ventures,PENTAGON FRANCHISE,202605,257859.67999999996,103143.87,154715.81,0.4,DISPUTED,BANK_TRANSFER,,CONFIRMED_MISMATCH,SIMULATED
19839,Laurel Park Trading,CONNECT STORES,202605,251385.74,100554.3,150831.44,0.4,DISPUTED,MTN_INTERNAL_SETTLEMENT,,CONFIRMED_MISMATCH,SIMULATED
21276,Stone Light Networks,ENTERPRISE BUSINESS,202605,249549.37999999995,224594.44,24954.94,0.9,PENDING,BANK_TRANSFER,,,SIMULATED
19649,Silver Valley Ventures,CONNECT STORES,202605,247986.86000000002,223188.17,24798.69,0.9,PENDING,MTN_INTERNAL_SETTLEMENT,,,SIMULATED
19554,Ruby Reach Ventures,DATA PARTNERS,202605,246931.64999999997,222238.48,24693.17,0.9,PENDING,BANK_TRANSFER,,,SIMULATED
254048,Juniper Shore Communications,ENTERPRISE BUSINESS,202605,238877.8,95551.12,143326.68,0.4,DISPUTED,BANK_TRANSFER,,CONFIRMED_MISMATCH,SIMULATED
19808,Ivory Spring Networks,DATA PARTNERS,202605,237153.33999999997,213438.01,23715.33,0.9,PENDING,BANK_TRANSFER,,,SIMULATED
19367,Jade Point Trading,CONNECT STORES,202605,236109.56999999995,94443.83,141665.74,0.4,DISPUTED,MTN_INTERNAL_SETTLEMENT,,CONFIRMED_MISMATCH,SIMULATED
379102,Coral Haven Trading,FIXED BROADBAND,202605,230087.08999999994,207078.38,23008.71,0.9,PENDING,BANK_TRANSFER,,,SIMULATED
19761,Ivory Peak Networks,DATA PARTNERS,202605,227257.57999999996,204531.82,22725.76,0.9,PENDING,BANK_TRANSFER,,,SIMULATED
74051,Forest Arc Trading,FIXED BROADBAND,202605,225420.97999999998,202878.88,22542.1,0.9,PENDING,BANK_TRANSFER,,,SIMULATED
98048,Coral Wave Networks,FIXED BROADBAND,202605,225208.69999999995,202687.83,22520.87,0.9,PENDING,BANK_TRANSFER,,,SIMULATED
265054,Raven Arc Ventures,FIXED BROADBAND,202605,218254.55000000008,196429.1,21825.45,0.9,PENDING,BANK_TRANSFER,,,SIMULATED
19494,Olive Reach Ventures,DATA PARTNERS,202605,218098.26,196288.43,21809.83,0.9,PENDING,BANK_TRANSFER,,,SIMULATED
21258,Oak Crest Networks,CONNECT STORES,202605,210362.65999999997,189326.39,21036.27,0.9,PENDING,MTN_INTERNAL_SETTLEMENT,,,SIMULATED
337088,Sage Wood Trading,PENTAGON FRANCHISE,202605,209720.36999999994,83888.15,125832.22,0.4,DISPUTED,BANK_TRANSFER,,CONFIRMED_MISMATCH,SIMULATED
19555,Teal Reach Networks,CONNECT STORES,202605,208375.63999999998,187538.08,20837.56,0.9,PENDING,MTN_INTERNAL_SETTLEMENT,,,SIMULATED
78073,Coral View Communications,FIXED BROADBAND,202605,206740.01999999996,186066.02,20674.0,0.9,PENDING,BANK_TRANSFER,,,SIMULATED
97095,Quartz Delta Ventures,FIXED BROADBAND,202605,204596.80999999997,184137.13,20459.68,0.9,PENDING,BANK_TRANSFER,,,SIMULATED
19355,Juniper Stone Communications,CONNECT STORES,202605,204077.86000000002,183670.07,20407.79,0.9,PENDING,MTN_INTERNAL_SETTLEMENT,,,SIMULATED
19597,Olive Wave Ventures,CONNECT STORES,202605,203715.1,183343.59,20371.51,0.9,PENDING,MTN_INTERNAL_SETTLEMENT,,,SIMULATED
19437,Birch Dale Communications,CONNECT STORES,202605,200628.61999999997,180565.76,20062.86,0.9,PENDING,MTN_INTERNAL_SETTLEMENT,,,SIMULATED
19461,Orchid View Networks,CONNECT STORES,202605,197542.12,177787.91,19754.21,0.9,PENDING,MTN_INTERNAL_SETTLEMENT,,,SIMULATED
336060,Orchid Sky Communications,FIXED BROADBAND,202605,196336.50999999998,176702.86,19633.65,0.9,PENDING,BANK_TRANSFER,,,SIMULATED
19818,Winter View Communications,CONNECT STORES,202605,194874.25,175386.83,19487.42,0.9,PENDING,MTN_INTERNAL_SETTLEMENT,,,SIMULATED
19632,Coral Point Ventures,CONNECT STORES,202605,192931.91999999998,173638.73,19293.19,0.9,PENDING,MTN_INTERNAL_SETTLEMENT,,,SIMULATED
19648,Silver Valley Ventures,CONNECT STORES,202605,192094.82,172885.34,19209.48,0.9,PENDING,MTN_INTERNAL_SETTLEMENT,,,SIMULATED
19382,Willow Stone Trading,DATA PARTNERS,202605,190838.87,171754.98,19083.89,0.9,PENDING,BANK_TRANSFER,,,SIMULATED
255075,Quartz Light Ventures,FIXED BROADBAND,202605,186697.11999999994,168027.41,18669.71,0.9,PENDING,BANK_TRANSFER,,,SIMULATED
214045,Quartz Park Trading,FIXED BROADBAND,202605,184554.05,166098.64,18455.41,0.9,PENDING,BANK_TRANSFER,,,SIMULATED
21259,Oak Crest Networks,CONNECT STORES,202605,182885.31999999998,164596.79,18288.53,0.9,PENDING,MTN_INTERNAL_SETTLEMENT,,,SIMULATED
19523,Juniper Coast Networks,DATA PARTNERS,202605,182460.96,164214.86,18246.1,0.9,PENDING,BANK_TRANSFER,,,SIMULATED
19698,Aspen Park Networks,DATA PARTNERS,202605,180680.42999999996,162612.39,18068.04,0.9,PENDING,BANK_TRANSFER,,,SIMULATED
291067,Juniper Light Networks,ENTERPRISE BUSINESS,202605,179692.72999999998,161723.46,17969.27,0.9,PENDING,BANK_TRANSFER,,,SIMULATED
90031,Indigo Haven Trading,FIXED BROADBAND,202605,177750.19999999998,159975.18,17775.02,0.9,PENDING,BANK_TRANSFER,,,SIMULATED
21260,Oak Crest Networks,CONNECT STORES,202605,176087.28,158478.55,17608.73,0.9,PENDING,MTN_INTERNAL_SETTLEMENT,,,SIMULATED
19366,Jade Point Trading,CONNECT STORES,202605,174256.59,156830.93,17425.66,0.9,PENDING,MTN_INTERNAL_SETTLEMENT,,,SIMULATED
19513,Opal Ridge Communications,DATA PARTNERS,202605,173575.7,156218.13,17357.57,0.9,PENDING,BANK_TRANSFER,,,SIMULATED
19781,Raven Isle Communications,DEALER,202605,171851.06,103110.64,68740.42,0.6,PARTIALLY_PAID,BANK_TRANSFER,2026-06-30,HIGH_UNQUALIFIED_RATE,SIMULATED
232044,Swift Moon Communications,FIXED BROADBAND,202605,171208.81,154087.93,17120.88,0.9,PENDING,BANK_TRANSFER,,,SIMULATED
19609,Topaz Leaf Networks,CONNECT STORES,202605,169071.44999999998,152164.3,16907.15,0.9,PENDING,MTN_INTERNAL_SETTLEMENT,,,SIMULATED
353061,Forest Reach Communications,FIXED BROADBAND,202605,168803.37999999998,151923.04,16880.34,0.9,PENDING,BANK_TRANSFER,,,SIMULATED
19420,Stone Ridge Trading,DATA PARTNERS,202605,167703.71999999997,150933.35,16770.37,0.9,PENDING,BANK_TRANSFER,,,SIMULATED
19345,Harbor Brook Ventures,CONNECT STORES,202605,166615.63999999998,149954.08,16661.56,0.9,PENDING,MTN_INTERNAL_SETTLEMENT,,,SIMULATED
255073,Azure Ridge Ventures,ENTERPRISE BUSINESS,202605,165822.93,149240.64,16582.29,0.9,PENDING,BANK_TRANSFER,,,SIMULATED
74049,Linden Park Communications,ENTERPRISE BUSINESS,202605,162636.05,146372.45,16263.6,0.9,PENDING,BANK_TRANSFER,,,SIMULATED
395095,Topaz Light Communications,CONNECT HUB,202605,162273.37000000002,146046.03,16227.34,0.9,PENDING,MTN_INTERNAL_SETTLEMENT,,,SIMULATED
121038,River Isle Ventures,FIXED BROADBAND,202605,159700.11,143730.1,15970.01,0.9,PENDING,BANK_TRANSFER,,,SIMULATED
215043,Stone Stone Trading,FIXED BROADBAND,202605,159593.97999999998,143634.58,15959.4,0.9,PENDING,BANK_TRANSFER,,,SIMULATED
19501,Laurel Peak Networks,DATA PARTNERS,202605,156094.66,140485.19,15609.47,0.9,PENDING,BANK_TRANSFER,,,SIMULATED
19594,Olive Wave Ventures,CONNECT STORES,202605,155251.77,139726.59,15525.18,0.9,PENDING,MTN_INTERNAL_SETTLEMENT,,,SIMULATED
107037,Winter Delta Ventures,FIXED BROADBAND,202605,152427.62999999998,137184.87,15242.76,0.9,PENDING,BANK_TRANSFER,,,SIMULATED
19969,River Isle Trading,DATA PARTNERS,202605,152215.42999999996,136993.89,15221.54,0.9,PENDING,BANK_TRANSFER,,,SIMULATED
83035,Amber Park Communications,FIXED BROADBAND,202605,150122.41999999998,135110.18,15012.24,0.9,PENDING,BANK_TRANSFER,,,SIMULATED
65032,Orchid View Networks,CONNECT HUB,202605,146522.68,131870.41,14652.27,0.9,PENDING,MTN_INTERNAL_SETTLEMENT,,,SIMULATED
68028,Teal Delta Ventures,ENTERPRISE BUSINESS,202605,145311.44,130780.3,14531.14,0.9,PENDING,BANK_TRANSFER,,,SIMULATED
78075,Jade View Ventures,FIXED BROADBAND,202605,143949.46,129554.51,14394.95,0.9,PENDING,BANK_TRANSFER,,,SIMULATED
19816,Winter View Communications,CONNECT STORES,202605,143692.93,129323.64,14369.29,0.9,PENDING,MTN_INTERNAL_SETTLEMENT,,,SIMULATED
290074,Ocean Field Trading,FIXED BROADBAND,202605,143424.8,129082.32,14342.48,0.9,PENDING,BANK_TRANSFER,,,SIMULATED
19580,Topaz Bridge Trading,CONNECT STORES,202605,141912.44,127721.2,14191.24,0.9,PENDING,MTN_INTERNAL_SETTLEMENT,,,SIMULATED
206055,Jade Arc Ventures,CONNECT STORES,202605,141493.75,127344.38,14149.37,0.9,PENDING,MTN_INTERNAL_SETTLEMENT,,,SIMULATED
19628,Coral Point Ventures,CONNECT STORES,202605,140450.06,56180.02,84270.04,0.4,DISPUTED,MTN_INTERNAL_SETTLEMENT,,CONFIRMED_MISMATCH,SIMULATED
19913,Forest Lake Ventures,DEALER,202605,140187.87999999998,126169.09,14018.79,0.9,PENDING,BANK_TRANSFER,,,SIMULATED
341065,Quartz Coast Networks,PENTAGON FRANCHISE,202605,140075.86,126068.27,14007.59,0.9,PENDING,BANK_TRANSFER,,,SIMULATED
19549,Azure Crest Communications,CONNECT STORES,202605,139769.15000000002,125792.24,13976.91,0.9,PENDING,MTN_INTERNAL_SETTLEMENT,,,SIMULATED
353073,Raven Grove Networks,ENTERPRISE BUSINESS,202605,136152.21999999997,122537.0,13615.22,0.9,PENDING,BANK_TRANSFER,,,SIMULATED
19615,Raven Port Trading,DATA PARTNERS,202605,136046.19,122441.57,13604.62,0.9,PENDING,BANK_TRANSFER,,,SIMULATED
295085,Harbor Field Networks,FIXED BROADBAND,202605,135627.53999999998,122064.79,13562.75,0.9,PENDING,BANK_TRANSFER,,,SIMULATED
255074,Teal Stream Networks,ENTERPRISE BUSINESS,202605,135421.09,121878.98,13542.11,0.9,PENDING,BANK_TRANSFER,,,SIMULATED
19462,Orchid View Networks,DEALER,202605,135320.88999999998,121788.8,13532.09,0.9,PENDING,BANK_TRANSFER,,,SIMULATED
19837,Jade Haven Trading,DATA PARTNERS,202605,134327.38,120894.64,13432.74,0.9,PENDING,BANK_TRANSFER,,,SIMULATED
206053,Raven Arc Ventures,ENTERPRISE BUSINESS,202605,134165.41999999998,120748.88,13416.54,0.9,PENDING,BANK_TRANSFER,,,SIMULATED
19809,Birch Point Ventures,DATA PARTNERS,202605,133383.99,120045.59,13338.4,0.9,PENDING,BANK_TRANSFER,,,SIMULATED
437141,Harbor Isle Communications,PENTAGON FRANCHISE,202605,130035.34999999999,52014.14,78021.21,0.4,DISPUTED,BANK_TRANSFER,,CONFIRMED_MISMATCH,SIMULATED
19571,Rowan Light Communications,CONNECT STORES,202605,128673.34999999999,115806.01,12867.34,0.9,PENDING,MTN_INTERNAL_SETTLEMENT,,,SIMULATED
393087,Crystal Park Ventures,PENTAGON FRANCHISE,202605,127205.31999999998,114484.79,12720.53,0.9,PENDING,BANK_TRANSFER,,,SIMULATED
19577,Topaz Bridge Trading,CONNECT STORES,202605,127004.58,114304.12,12700.46,0.9,PENDING,MTN_INTERNAL_SETTLEMENT,,,SIMULATED
295084,Stone Leaf Networks,PENTAGON FRANCHISE,202605,126786.72999999998,114108.06,12678.67,0.9,PENDING,BANK_TRANSFER,,,SIMULATED
83033,Meadow Dale Trading,FIXED BROADBAND,202605,126418.23999999996,113776.42,12641.82,0.9,PENDING,BANK_TRANSFER,,,SIMULATED
19953,Opal Dale Networks,DATA PARTNERS,202605,126317.91999999998,113686.13,12631.79,0.9,PENDING,BANK_TRANSFER,,,SIMULATED
20046,Teal Ridge Ventures,DEALER,202605,126061.29,113455.16,12606.13,0.9,PENDING,BANK_TRANSFER,,,SIMULATED
19642,Birch Meadow Communications,CONNECT STORES,202605,123912.34999999999,111521.11,12391.24,0.9,PENDING,MTN_INTERNAL_SETTLEMENT,,,SIMULATED
19581,Topaz Bridge Trading,CONNECT STORES,202605,123812.01,111430.81,12381.2,0.9,PENDING,MTN_INTERNAL_SETTLEMENT,,,SIMULATED
54253,Topaz Haven Ventures,DATA PARTNERS,202605,123594.09999999998,111234.69,12359.41,0.9,PENDING,BANK_TRANSFER,,,SIMULATED
311059,Winter Horizon Trading,PENTAGON FRANCHISE,202605,119670.51999999999,47868.21,71802.31,0.4,DISPUTED,BANK_TRANSFER,,CONFIRMED_MISMATCH,SIMULATED
19394,Pine Lake Ventures,CONNECT STORES,202605,119151.44999999998,107236.3,11915.15,0.9,PENDING,MTN_INTERNAL_SETTLEMENT,,,SIMULATED
19746,Quartz Horizon Trading,CONNECT STORES,202605,118001.73,106201.56,11800.17,0.9,PENDING,MTN_INTERNAL_SETTLEMENT,,,SIMULATED
19415,Spruce Sky Trading,DATA PARTNERS,202605,117471.33999999998,105724.21,11747.13,0.9,PENDING,BANK_TRANSFER,,,SIMULATED
19579,Topaz Bridge Trading,CONNECT STORES,202605,115596.21999999999,104036.6,11559.62,0.9,PENDING,MTN_INTERNAL_SETTLEMENT,,,SIMULATED
19619,Golden Moon Communications,CONNECT STORES,202605,115490.10999999999,103941.1,11549.01,0.9,PENDING,MTN_INTERNAL_SETTLEMENT,,,SIMULATED
223046,Ivory Brook Communications,FIXED BROADBAND,202605,115378.28999999998,103840.46,11537.83,0.9,PENDING,BANK_TRANSFER,,,SIMULATED
74054,Teal Port Networks,FIXED BROADBAND,202605,113703.88999999996,102333.5,11370.39,0.9,PENDING,BANK_TRANSFER,,,SIMULATED
19583,Topaz Bridge Trading,CONNECT STORES,202605,113553.34999999998,102198.01,11355.34,0.9,PENDING,MTN_INTERNAL_SETTLEMENT,,,SIMULATED
249048,Indigo Lake Trading,FIXED BROADBAND,202605,113285.31999999998,101956.79,11328.53,0.9,PENDING,BANK_TRANSFER,,,SIMULATED
19817,Winter View Communications,CONNECT STORES,202605,113235.07999999997,101911.57,11323.51,0.9,PENDING,MTN_INTERNAL_SETTLEMENT,,,SIMULATED
379092,Azure Trail Networks,PENTAGON FRANCHISE,202605,111354.26999999999,100218.84,11135.43,0.9,PENDING,BANK_TRANSFER,,,SIMULATED
19434,Crystal Leaf Ventures,DATA PARTNERS,202605,109892.02999999998,98902.83,10989.2,0.9,PENDING,BANK_TRANSFER,,,SIMULATED
78074,Harbor Moon Ventures,FIXED BROADBAND,202605,105750.47999999998,95175.43,10575.05,0.9,PENDING,BANK_TRANSFER,,,SIMULATED
19896,Flint Grove Trading,CONNECT STORES,202605,105019.47,94517.52,10501.95,0.9,PENDING,MTN_INTERNAL_SETTLEMENT,,,SIMULATED
19582,Topaz Bridge Trading,CONNECT STORES,202605,104288.31999999999,93859.49,10428.83,0.9,PENDING,MTN_INTERNAL_SETTLEMENT,,,SIMULATED
19448,Hazel Meadow Trading,DATA PARTNERS,202605,103344.89,41337.96,62006.93,0.4,DISPUTED,BANK_TRANSFER,,CONFIRMED_MISMATCH,SIMULATED
19559,Coral Wave Networks,DATA PARTNERS,202605,103082.58999999998,92774.33,10308.26,0.9,PENDING,BANK_TRANSFER,,,SIMULATED
60025,Forest Arc Trading,DATA PARTNERS,202605,101251.87999999998,91126.69,10125.19,0.9,PENDING,BANK_TRANSFER,,,SIMULATED
239048,Stone Leaf Networks,FIXED BROADBAND,202605,99733.68999999997,89760.32,9973.37,0.9,PENDING,BANK_TRANSFER,,,SIMULATED
19347,Jade Arc Trading,CONNECT STORES,202605,99633.34999999998,39853.34,59780.01,0.4,DISPUTED,MTN_INTERNAL_SETTLEMENT,,CONFIRMED_MISMATCH,SIMULATED
19327,Raven Trail Networks,DATA PARTNERS,202605,98634.20999999999,88770.79,9863.42,0.9,PENDING,BANK_TRANSFER,,,SIMULATED
396095,Ivory Stone Ventures,FIXED BROADBAND,202605,98377.54,88539.79,9837.75,0.9,PENDING,BANK_TRANSFER,,,SIMULATED
19779,Swift Stone Networks,DATA PARTNERS,202605,97434.28999999998,87690.86,9743.43,0.9,PENDING,BANK_TRANSFER,,,SIMULATED
19335,Raven View Networks,CONNECT STORES,202605,97065.81999999998,58239.49,38826.33,0.6,PARTIALLY_PAID,MTN_INTERNAL_SETTLEMENT,2026-06-30,HIGH_UNQUALIFIED_RATE,SIMULATED
294071,Linden Crest Communications,FIXED BROADBAND,202605,95916.12,86324.51,9591.61,0.9,PENDING,BANK_TRANSFER,,,SIMULATED
19825,Juniper Shore Networks,DATA PARTNERS,202605,95235.14999999998,85711.63,9523.52,0.9,PENDING,BANK_TRANSFER,,,SIMULATED
19569,Rowan Light Communications,CONNECT STORES,202605,95184.98999999999,85666.49,9518.5,0.9,PENDING,MTN_INTERNAL_SETTLEMENT,,,SIMULATED
347061,Silver Valley Ventures,ENTERPRISE BUSINESS,202605,94559.94999999998,85103.95,9456.0,0.9,PENDING,BANK_TRANSFER,,,SIMULATED
19531,Orchid Stream Networks,CONNECT STORES,202605,92986.01,83687.41,9298.6,0.9,PENDING,MTN_INTERNAL_SETTLEMENT,,,SIMULATED
19687,Ivory Stone Communications,CONNECT STORES,202605,92511.58999999998,83260.43,9251.16,0.9,PENDING,MTN_INTERNAL_SETTLEMENT,,,SIMULATED
95039,Pearl Haven Ventures,FIXED BROADBAND,202605,91517.89999999997,82366.11,9151.79,0.9,PENDING,BANK_TRANSFER,,,SIMULATED
130062,Amber Arc Communications,ENTERPRISE BUSINESS,202605,90630.53999999998,81567.49,9063.05,0.9,PENDING,BANK_TRANSFER,,,SIMULATED
162043,Teal Ridge Ventures,CONNECT HUB,202605,90474.26999999999,81426.84,9047.43,0.9,PENDING,MTN_INTERNAL_SETTLEMENT,,,SIMULATED
19590,Spruce Brook Trading,DATA PARTNERS,202605,90418.37999999999,81376.54,9041.84,0.9,PENDING,BANK_TRANSFER,,,SIMULATED
353062,Spruce Star Ventures,PENTAGON FRANCHISE,202605,89480.78,80532.7,8948.08,0.9,PENDING,BANK_TRANSFER,,,SIMULATED
367077,Golden Vale Trading,FIXED BROADBAND,202605,89424.90999999997,80482.42,8942.49,0.9,PENDING,BANK_TRANSFER,,,SIMULATED
19903,Linden Valley Ventures,CONNECT STORES,202605,89112.39,80201.15,8911.24,0.9,PENDING,MTN_INTERNAL_SETTLEMENT,,,SIMULATED
19895,Flint Grove Trading,CONNECT STORES,202605,86444.68,77800.21,8644.47,0.9,PENDING,MTN_INTERNAL_SETTLEMENT,,,SIMULATED
19796,Jade Lake Communications,CONNECT STORES,202605,85188.66999999998,76669.8,8518.87,0.9,PENDING,MTN_INTERNAL_SETTLEMENT,,,SIMULATED
19938,Willow Point Networks,DATA PARTNERS,202605,84976.60999999999,76478.95,8497.66,0.9,PENDING,BANK_TRANSFER,,,SIMULATED
19932,Swift Meadow Ventures,CONNECT STORES,202605,84926.37,76433.73,8492.64,0.9,PENDING,MTN_INTERNAL_SETTLEMENT,,,SIMULATED
19952,Swift Ridge Ventures,DATA PARTNERS,202605,84770.07999999999,76293.07,8477.01,0.9,PENDING,BANK_TRANSFER,,,SIMULATED
65036,Aspen Sky Trading,CONNECT HUB,202605,84770.05999999998,76293.05,8477.01,0.9,PENDING,MTN_INTERNAL_SETTLEMENT,,,SIMULATED
20018,Linden Light Ventures,DATA PARTNERS,202605,84557.95999999998,76102.16,8455.8,0.9,PENDING,BANK_TRANSFER,,,SIMULATED
19570,Rowan Light Communications,CONNECT STORES,202605,84145.04,75730.54,8414.5,0.9,PENDING,MTN_INTERNAL_SETTLEMENT,,,SIMULATED
19605,Rowan Stone Trading,DATA PARTNERS,202605,84145.03999999998,75730.54,8414.5,0.9,PENDING,BANK_TRANSFER,,,SIMULATED
65027,Coral Trail Ventures,DATA PARTNERS,202605,82889.22999999998,74600.31,8288.92,0.9,PENDING,BANK_TRANSFER,,,SIMULATED
19368,Jade Point Trading,CONNECT STORES,202605,82883.45999999998,49730.08,33153.38,0.6,PARTIALLY_PAID,MTN_INTERNAL_SETTLEMENT,2026-06-30,HIGH_UNQUALIFIED_RATE,SIMULATED
349078,Raven Horizon Communications,PENTAGON FRANCHISE,202605,82414.68999999997,32965.88,49448.81,0.4,DISPUTED,BANK_TRANSFER,,CONFIRMED_MISMATCH,SIMULATED
165043,Topaz Bridge Trading,CONNECT HUB,202605,82208.34,73987.51,8220.83,0.9,PENDING,MTN_INTERNAL_SETTLEMENT,,,SIMULATED
65034,Topaz Bridge Trading,CONNECT HUB,202605,82052.00999999998,73846.81,8205.2,0.9,PENDING,MTN_INTERNAL_SETTLEMENT,,,SIMULATED
342067,Oak Wave Networks,PENTAGON FRANCHISE,202605,81839.84999999999,32735.94,49103.91,0.4,DISPUTED,BANK_TRANSFER,,CONFIRMED_MISMATCH,SIMULATED
351061,Birch Path Networks,CONNECT HUB,202605,79534.76,71581.28,7953.48,0.9,PENDING,MTN_INTERNAL_SETTLEMENT,,,SIMULATED
19916,Sage Dale Trading,DATA PARTNERS,202605,77547.73999999999,69792.97,7754.77,0.9,PENDING,BANK_TRANSFER,,,SIMULATED
357091,Willow Delta Communications,PENTAGON FRANCHISE,202605,77028.76999999999,69325.89,7702.88,0.9,PENDING,BANK_TRANSFER,,,SIMULATED
332069,Linden Light Ventures,FIXED BROADBAND,202605,76866.82999999999,69180.15,7686.68,0.9,PENDING,BANK_TRANSFER,,,SIMULATED
21240,Harbor Meadow Networks,DATA PARTNERS,202605,76085.52,30434.21,45651.31,0.4,DISPUTED,BANK_TRANSFER,,CONFIRMED_MISMATCH,SIMULATED
115057,Indigo Crown Networks,CONNECT HUB,202605,76085.49999999999,68476.95,7608.55,0.9,PENDING,MTN_INTERNAL_SETTLEMENT,,,SIMULATED
296075,Amber Isle Networks,PENTAGON FRANCHISE,202605,74511.43999999999,67060.3,7451.14,0.9,PENDING,BANK_TRANSFER,,,SIMULATED
113031,Golden Dale Communications,CONNECT HUB,202605,72736.66,65462.99,7273.67,0.9,PENDING,MTN_INTERNAL_SETTLEMENT,,,SIMULATED
393086,Swift Wave Communications,PENTAGON FRANCHISE,202605,72424.16,65181.74,7242.42,0.9,PENDING,BANK_TRANSFER,,,SIMULATED
19960,Meadow Wind Networks,CONNECT STORES,202605,72318.06999999999,65086.26,7231.81,0.9,PENDING,MTN_INTERNAL_SETTLEMENT,,,SIMULATED
19838,Laurel Park Trading,CONNECT STORES,202605,70537.53999999998,63483.79,7053.75,0.9,PENDING,MTN_INTERNAL_SETTLEMENT,,,SIMULATED
20047,Teal Ridge Ventures,CONNECT STORES,202605,70275.19999999998,63247.68,7027.52,0.9,PENDING,MTN_INTERNAL_SETTLEMENT,,,SIMULATED
19959,Meadow Wind Networks,CONNECT STORES,202605,70012.95999999999,63011.66,7001.3,0.9,PENDING,MTN_INTERNAL_SETTLEMENT,,,SIMULATED
365080,Willow Brook Networks,PENTAGON FRANCHISE,202605,69438.05999999998,62494.25,6943.81,0.9,PENDING,BANK_TRANSFER,,,SIMULATED
162044,Jade Lake Communications,CONNECT HUB,202605,69069.54999999997,62162.59,6906.96,0.9,PENDING,MTN_INTERNAL_SETTLEMENT,,,SIMULATED
19919,Sunset Path Trading,CONNECT STORES,202605,68812.95999999999,61931.66,6881.3,0.9,PENDING,MTN_INTERNAL_SETTLEMENT,,,SIMULATED
385085,Juniper Shore Communications,PENTAGON FRANCHISE,202605,68812.95999999999,61931.66,6881.3,0.9,PENDING,BANK_TRANSFER,,,SIMULATED
19957,Meadow Wind Networks,CONNECT STORES,202605,68600.78,41160.47,27440.31,0.6,PARTIALLY_PAID,MTN_INTERNAL_SETTLEMENT,2026-06-30,HIGH_UNQUALIFIED_RATE,SIMULATED
275053,Opal Dale Networks,ENTERPRISE BUSINESS,202605,68550.61999999998,61695.56,6855.06,0.9,PENDING,BANK_TRANSFER,,,SIMULATED
19951,Coral Reach Trading,DATA PARTNERS,202605,67395.16999999998,60655.65,6739.52,0.9,PENDING,BANK_TRANSFER,,,SIMULATED
19511,Teal Vale Trading,DATA PARTNERS,202605,66613.85999999999,59952.47,6661.39,0.9,PENDING,BANK_TRANSFER,,,SIMULATED
83034,Elm Stream Trading,FIXED BROADBAND,202605,66558.00999999998,59902.21,6655.8,0.9,PENDING,BANK_TRANSFER,,,SIMULATED
26035,Ember Grove Communications,DATA PARTNERS,202605,66089.2,59480.28,6608.92,0.9,PENDING,BANK_TRANSFER,,,SIMULATED
65030,Ivory Brook Communications,DATA PARTNERS,202605,65983.10999999999,59384.8,6598.31,0.9,PENDING,BANK_TRANSFER,,,SIMULATED
19668,Fern Horizon Ventures,DATA PARTNERS,202605,65720.72999999998,59148.66,6572.07,0.9,PENDING,BANK_TRANSFER,,,SIMULATED
19941,Olive Point Ventures,DEALER,202605,65302.15999999999,58771.94,6530.22,0.9,PENDING,BANK_TRANSFER,,,SIMULATED
357092,Maple Stream Communications,PENTAGON FRANCHISE,202605,64939.46,58445.51,6493.95,0.9,PENDING,BANK_TRANSFER,,,SIMULATED
310068,Crystal Grove Trading,PENTAGON FRANCHISE,202605,64102.25999999998,57692.03,6410.23,0.9,PENDING,BANK_TRANSFER,,,SIMULATED
19436,Birch Dale Communications,CONNECT STORES,202605,64046.30999999998,38427.79,25618.52,0.6,PARTIALLY_PAID,MTN_INTERNAL_SETTLEMENT,2026-06-30,HIGH_UNQUALIFIED_RATE,SIMULATED
257067,Laurel Dale Ventures,ENTERPRISE BUSINESS,202605,63315.23999999999,56983.72,6331.52,0.9,PENDING,BANK_TRANSFER,,,SIMULATED
19529,Ocean Brook Ventures,DATA PARTNERS,202605,62790.55999999998,56511.5,6279.06,0.9,PENDING,BANK_TRANSFER,,,SIMULATED
21280,Maple Meadow Trading,DEALER,202605,62790.53999999999,56511.49,6279.05,0.9,PENDING,BANK_TRANSFER,,,SIMULATED
113048,Willow Lake Communications,CONNECT HUB,202605,62790.51999999999,56511.47,6279.05,0.9,PENDING,MTN_INTERNAL_SETTLEMENT,,,SIMULATED
360067,Rowan Vale Trading,ENTERPRISE BUSINESS,202605,62321.72999999998,56089.56,6232.17,0.9,PENDING,BANK_TRANSFER,,,SIMULATED
400090,Rowan Port Trading,PENTAGON FRANCHISE,202605,61534.68999999999,55381.22,6153.47,0.9,PENDING,BANK_TRANSFER,,,SIMULATED
373071,Meadow Hill Ventures,PENTAGON FRANCHISE,202605,61328.279999999984,55195.45,6132.83,0.9,PENDING,BANK_TRANSFER,,,SIMULATED
19332,Ruby Brook Communications,DATA PARTNERS,202605,60959.82999999999,54863.85,6095.98,0.9,PENDING,BANK_TRANSFER,,,SIMULATED
379094,Indigo Wind Trading,ENTERPRISE BUSINESS,202605,60597.149999999994,54537.43,6059.72,0.9,PENDING,BANK_TRANSFER,,,SIMULATED
19463,Orchid View Networks,CONNECT STORES,202605,60440.899999999994,36264.54,24176.36,0.6,PARTIALLY_PAID,MTN_INTERNAL_SETTLEMENT,2026-06-30,HIGH_UNQUALIFIED_RATE,SIMULATED
19591,Golden Spring Communications,CONNECT STORES,202605,60022.28999999999,36013.37,24008.92,0.6,PARTIALLY_PAID,MTN_INTERNAL_SETTLEMENT,2026-06-30,HIGH_UNQUALIFIED_RATE,SIMULATED
19713,Aspen Delta Networks,DATA PARTNERS,202605,59653.88,53688.49,5965.39,0.9,PENDING,BANK_TRANSFER,,,SIMULATED
333068,Raven Sky Networks,PENTAGON FRANCHISE,202605,59079.03999999999,53171.14,5907.9,0.9,PENDING,BANK_TRANSFER,,,SIMULATED
107046,Birch Hill Trading,ENTERPRISE BUSINESS,202605,58604.539999999986,52744.09,5860.45,0.9,PENDING,BANK_TRANSFER,,,SIMULATED
26037,Crystal Stream Networks,DATA PARTNERS,202605,58604.51999999999,52744.07,5860.45,0.9,PENDING,BANK_TRANSFER,,,SIMULATED
351059,Flint Leaf Trading,PENTAGON FRANCHISE,202605,58504.139999999985,52653.73,5850.41,0.9,PENDING,BANK_TRANSFER,,,SIMULATED
107031,Pearl Park Ventures,ENTERPRISE BUSINESS,202605,57611.029999999984,51849.93,5761.1,0.9,PENDING,BANK_TRANSFER,,,SIMULATED
19795,Jade Lake Communications,CONNECT STORES,202605,57348.70999999999,51613.84,5734.87,0.9,PENDING,MTN_INTERNAL_SETTLEMENT,,,SIMULATED
19341,Stone Wind Communications,CONNECT STORES,202605,56829.719999999994,51146.75,5682.97,0.9,PENDING,MTN_INTERNAL_SETTLEMENT,,,SIMULATED
19496,Teal Isle Trading,CONNECT STORES,202605,56617.53999999999,50955.79,5661.75,0.9,PENDING,MTN_INTERNAL_SETTLEMENT,,,SIMULATED
19504,Raven Leaf Trading,DATA PARTNERS,202605,56305.039999999986,33783.02,22522.02,0.6,PARTIALLY_PAID,BANK_TRANSFER,2026-06-30,HIGH_UNQUALIFIED_RATE,SIMULATED
19880,Laurel Crown Networks,CONNECT STORES,202605,56148.76999999999,22459.51,33689.26,0.4,DISPUTED,MTN_INTERNAL_SETTLEMENT,,CONFIRMED_MISMATCH,SIMULATED
19716,Topaz Hill Communications,DATA PARTNERS,202605,56093.020000000004,50483.72,5609.3,0.9,PENDING,BANK_TRANSFER,,,SIMULATED
19497,Teal Isle Trading,CONNECT STORES,202605,56092.859999999986,50483.57,5609.29,0.9,PENDING,MTN_INTERNAL_SETTLEMENT,,,SIMULATED
361063,Pine Delta Communications,PENTAGON FRANCHISE,202605,55886.42999999998,50297.79,5588.64,0.9,PENDING,BANK_TRANSFER,,,SIMULATED
325070,Birch Wave Ventures,PENTAGON FRANCHISE,202605,55674.26999999999,50106.84,5567.43,0.9,PENDING,BANK_TRANSFER,,,SIMULATED
366074,Ivory Light Networks,PENTAGON FRANCHISE,202605,55624.109999999986,50061.7,5562.41,0.9,PENDING,BANK_TRANSFER,,,SIMULATED
19596,Olive Wave Ventures,CONNECT STORES,202605,55624.09,50061.68,5562.41,0.9,PENDING,MTN_INTERNAL_SETTLEMENT,,,SIMULATED
19829,Dawn Horizon Trading,DATA PARTNERS,202605,54418.45999999999,48976.61,5441.85,0.9,PENDING,BANK_TRANSFER,,,SIMULATED
365110,Golden Star Ventures,PENTAGON FRANCHISE,202605,54262.22999999999,48836.01,5426.22,0.9,PENDING,BANK_TRANSFER,,,SIMULATED
84621,Cedar Haven Trading,FIXED BROADBAND,202605,54105.959999999985,48695.36,5410.6,0.9,PENDING,BANK_TRANSFER,,,SIMULATED
353072,River Isle Ventures,PENTAGON FRANCHISE,202605,53999.82999999999,48599.85,5399.98,0.9,PENDING,BANK_TRANSFER,,,SIMULATED
19556,Teal Reach Networks,CONNECT STORES,202605,52799.94999999999,31679.97,21119.98,0.6,PARTIALLY_PAID,MTN_INTERNAL_SETTLEMENT,2026-06-30,HIGH_UNQUALIFIED_RATE,SIMULATED
19867,Azure Isle Trading,DATA PARTNERS,202605,52744.01999999999,47469.62,5274.4,0.9,PENDING,BANK_TRANSFER,,,SIMULATED
365078,Oak Dale Ventures,PENTAGON FRANCHISE,202605,52693.93999999999,47424.55,5269.39,0.9,PENDING,BANK_TRANSFER,,,SIMULATED
19682,Forest Vale Communications,CONNECT STORES,202605,52587.78999999999,47329.01,5258.78,0.9,PENDING,MTN_INTERNAL_SETTLEMENT,,,SIMULATED
19354,Pearl Wave Communications,DATA PARTNERS,202605,52325.42999999999,47092.89,5232.54,0.9,PENDING,BANK_TRANSFER,,,SIMULATED
290072,Linden Light Ventures,PENTAGON FRANCHISE,202605,51906.91999999999,46716.23,5190.69,0.9,PENDING,BANK_TRANSFER,,,SIMULATED
19568,Rowan Light Communications,CONNECT STORES,202605,51488.209999999985,46339.39,5148.82,0.9,PENDING,MTN_INTERNAL_SETTLEMENT,,,SIMULATED
180043,Orchid View Networks,CONNECT HUB,202605,51125.52999999999,46012.98,5112.55,0.9,PENDING,MTN_INTERNAL_SETTLEMENT,,,SIMULATED
441144,Teal Field Ventures,PENTAGON FRANCHISE,202605,50969.27999999999,45872.35,5096.93,0.9,PENDING,BANK_TRANSFER,,,SIMULATED
19406,Ocean Leaf Networks,DATA PARTNERS,202605,50913.40999999999,45822.07,5091.34,0.9,PENDING,BANK_TRANSFER,,,SIMULATED
19931,Swift Meadow Ventures,CONNECT STORES,202605,50913.40999999999,30548.05,20365.36,0.6,PARTIALLY_PAID,MTN_INTERNAL_SETTLEMENT,2026-06-30,HIGH_UNQUALIFIED_RATE,SIMULATED
329066,Jade Star Ventures,PENTAGON FRANCHISE,202605,50651.03,45585.93,5065.1,0.9,PENDING,BANK_TRANSFER,,,SIMULATED
19669,Spruce Spring Ventures,CONNECT STORES,202605,50232.479999999996,45209.23,5023.25,0.9,PENDING,MTN_INTERNAL_SETTLEMENT,,,SIMULATED
240048,Maple Port Ventures,ENTERPRISE BUSINESS,202605,49869.719999999994,44882.75,4986.97,0.9,PENDING,BANK_TRANSFER,,,SIMULATED
357062,Golden Vale Trading,ENTERPRISE BUSINESS,202605,49238.97,44315.07,4923.9,0.9,PENDING,BANK_TRANSFER,,,SIMULATED
280069,Sage Isle Ventures,PENTAGON FRANCHISE,202605,48926.44999999998,44033.8,4892.65,0.9,PENDING,BANK_TRANSFER,,,SIMULATED
19740,Indigo Crown Networks,CONNECT STORES,202605,48820.37999999999,43938.34,4882.04,0.9,PENDING,MTN_INTERNAL_SETTLEMENT,,,SIMULATED
311077,Flint Grove Trading,FIXED BROADBAND,202605,48557.999999999985,43702.2,4855.8,0.9,PENDING,BANK_TRANSFER,,,SIMULATED
203044,Sage Arc Ventures,CONNECT STORES,202605,47826.94999999998,43044.25,4782.7,0.9,PENDING,MTN_INTERNAL_SETTLEMENT,,,SIMULATED
310067,Aspen Sky Communications,PENTAGON FRANCHISE,202605,47720.779999999984,42948.7,4772.08,0.9,PENDING,BANK_TRANSFER,,,SIMULATED
107036,Stone Leaf Networks,ENTERPRISE BUSINESS,202605,47564.54999999999,42808.09,4756.46,0.9,PENDING,BANK_TRANSFER,,,SIMULATED
153031,Coral Point Ventures,CONNECT HUB,202605,47514.369999999995,42762.93,4751.44,0.9,PENDING,MTN_INTERNAL_SETTLEMENT,,,SIMULATED
388084,Laurel Field Networks,ENTERPRISE BUSINESS,202605,46939.509999999995,42245.56,4693.95,0.9,PENDING,BANK_TRANSFER,,,SIMULATED
349076,Hazel Coast Trading,PENTAGON FRANCHISE,202605,46883.57999999999,42195.22,4688.36,0.9,PENDING,BANK_TRANSFER,,,SIMULATED
337090,Sunset Horizon Communications,PENTAGON FRANCHISE,202605,46883.57999999999,42195.22,4688.36,0.9,PENDING,BANK_TRANSFER,,,SIMULATED
170045,Teal Wave Trading,DATA PARTNERS,202605,46571.09999999999,41913.99,4657.11,0.9,PENDING,BANK_TRANSFER,,,SIMULATED
19502,Swift Stone Ventures,DATA PARTNERS,202605,46308.8,41677.92,4630.88,0.9,PENDING,BANK_TRANSFER,,,SIMULATED
332064,Silver Sky Trading,PENTAGON FRANCHISE,202605,46308.779999999984,41677.9,4630.88,0.9,PENDING,BANK_TRANSFER,,,SIMULATED
19732,Hazel Wood Communications,DATA PARTNERS,202605,46308.73999999999,41677.87,4630.87,0.9,PENDING,BANK_TRANSFER,,,SIMULATED
345059,Ember Path Networks,PENTAGON FRANCHISE,202605,45890.12999999998,41301.12,4589.01,0.9,PENDING,BANK_TRANSFER,,,SIMULATED
295081,River Moon Networks,PENTAGON FRANCHISE,202605,45733.859999999986,41160.47,4573.39,0.9,PENDING,BANK_TRANSFER,,,SIMULATED
65026,Stone Light Networks,DATA PARTNERS,202605,45627.83,41065.05,4562.78,0.9,PENDING,BANK_TRANSFER,,,SIMULATED
19622,Ember Crest Networks,DATA PARTNERS,202605,45471.539999999986,40924.39,4547.15,0.9,PENDING,BANK_TRANSFER,,,SIMULATED
360059,Crystal Arc Ventures,PENTAGON FRANCHISE,202605,45315.28999999999,40783.76,4531.53,0.9,PENDING,BANK_TRANSFER,,,SIMULATED
232043,River Wood Ventures,FIXED BROADBAND,202605,45209.15999999999,40688.24,4520.92,0.9,PENDING,BANK_TRANSFER,,,SIMULATED
197043,Forest Delta Ventures,FIXED BROADBAND,202605,45159.01999999999,40643.12,4515.9,0.9,PENDING,BANK_TRANSFER,,,SIMULATED
365100,Forest Peak Networks,PENTAGON FRANCHISE,202605,45158.999999999985,40643.1,4515.9,0.9,PENDING,BANK_TRANSFER,,,SIMULATED
19831,Pearl Horizon Communications,DATA PARTNERS,202605,45052.94999999998,40547.65,4505.3,0.9,PENDING,BANK_TRANSFER,,,SIMULATED
365103,Pine Valley Ventures,PENTAGON FRANCHISE,202605,44896.759999999995,40407.08,4489.68,0.9,PENDING,BANK_TRANSFER,,,SIMULATED
19673,Rowan View Ventures,CONNECT STORES,202605,44846.479999999996,26907.89,17938.59,0.6,PARTIALLY_PAID,MTN_INTERNAL_SETTLEMENT,2026-06-30,HIGH_UNQUALIFIED_RATE,SIMULATED
347062,Harbor Field Networks,ENTERPRISE BUSINESS,202605,44634.29999999999,40170.87,4463.43,0.9,PENDING,BANK_TRANSFER,,,SIMULATED
26033,Quartz Trail Communications,DATA PARTNERS,202605,44372.01999999999,39934.82,4437.2,0.9,PENDING,BANK_TRANSFER,,,SIMULATED
19646,Rowan Wind Trading,DEALER,202605,44321.81999999999,39889.64,4432.18,0.9,PENDING,BANK_TRANSFER,,,SIMULATED
160046,Aspen Sky Trading,CONNECT HUB,202605,44059.53999999999,39653.59,4405.95,0.9,PENDING,MTN_INTERNAL_SETTLEMENT,,,SIMULATED
71031,Forest Bridge Networks,DATA PARTNERS,202605,43640.869999999995,39276.78,4364.09,0.9,PENDING,BANK_TRANSFER,,,SIMULATED
19813,Harbor Sky Communications,DATA PARTNERS,202605,43116.19,38804.57,4311.62,0.9,PENDING,BANK_TRANSFER,,,SIMULATED
271053,Willow Stream Ventures,ENTERPRISE BUSINESS,202605,42334.86,38101.37,4233.49,0.9,PENDING,BANK_TRANSFER,,,SIMULATED
239047,Aspen Wind Networks,FIXED BROADBAND,202605,42122.69999999999,16849.08,25273.62,0.4,DISPUTED,BANK_TRANSFER,,CONFIRMED_MISMATCH,SIMULATED
287073,Pine Bay Networks,PENTAGON FRANCHISE,202605,41810.17999999999,37629.16,4181.02,0.9,PENDING,BANK_TRANSFER,,,SIMULATED
19330,Golden Crown Trading,DATA PARTNERS,202605,41441.75,37297.58,4144.17,0.9,PENDING,BANK_TRANSFER,,,SIMULATED
342077,Teal Stream Networks,PENTAGON FRANCHISE,202605,41441.729999999996,37297.56,4144.17,0.9,PENDING,BANK_TRANSFER,,,SIMULATED
113032,Amber Beacon Trading,CONNECT HUB,202605,41129.22999999998,37016.31,4112.92,0.9,PENDING,MTN_INTERNAL_SETTLEMENT,,,SIMULATED
74055,Sunset Path Trading,CONNECT STORES,202605,41079.049999999996,24647.43,16431.62,0.6,PARTIALLY_PAID,MTN_INTERNAL_SETTLEMENT,2026-06-30,HIGH_UNQUALIFIED_RATE,SIMULATED
19879,Laurel Crown Networks,CONNECT STORES,202605,40972.96,36875.66,4097.3,0.9,PENDING,MTN_INTERNAL_SETTLEMENT,,,SIMULATED
19427,Flint Vale Ventures,CONNECT STORES,202605,40866.869999999995,24520.12,16346.75,0.6,PARTIALLY_PAID,MTN_INTERNAL_SETTLEMENT,2026-06-30,HIGH_UNQUALIFIED_RATE,SIMULATED
19385,Pearl Park Trading,DEALER,202605,40604.62999999999,36544.17,4060.46,0.9,PENDING,BANK_TRANSFER,,,SIMULATED
93033,Elm Bridge Networks,FIXED BROADBAND,202605,40604.53,36544.08,4060.45,0.9,PENDING,BANK_TRANSFER,,,SIMULATED
206069,Willow Lake Communications,ENTERPRISE BUSINESS,202605,40604.53,36544.08,4060.45,0.9,PENDING,BANK_TRANSFER,,,SIMULATED
345066,Oak Star Ventures,PENTAGON FRANCHISE,202605,40448.28,36403.45,4044.83,0.9,PENDING,BANK_TRANSFER,,,SIMULATED
355064,Raven Arc Ventures,PENTAGON FRANCHISE,202605,39611.08,35649.97,3961.11,0.9,PENDING,BANK_TRANSFER,,,SIMULATED
20048,Teal Ridge Ventures,CONNECT STORES,202605,39348.759999999995,35413.88,3934.88,0.9,PENDING,MTN_INTERNAL_SETTLEMENT,,,SIMULATED
19902,Linden Valley Ventures,CONNECT STORES,202605,39142.29,23485.37,15656.92,0.6,PARTIALLY_PAID,MTN_INTERNAL_SETTLEMENT,2026-06-30,HIGH_UNQUALIFIED_RATE,SIMULATED
19495,Teal Isle Trading,CONNECT STORES,202605,38930.17,35037.15,3893.02,0.9,PENDING,MTN_INTERNAL_SETTLEMENT,,,SIMULATED
295093,Rowan Bridge Networks,PENTAGON FRANCHISE,202605,38879.98999999999,34991.99,3888.0,0.9,PENDING,BANK_TRANSFER,,,SIMULATED
19629,Coral Point Ventures,CONNECT STORES,202605,38879.95,23327.97,15551.98,0.6,PARTIALLY_PAID,MTN_INTERNAL_SETTLEMENT,2026-06-30,HIGH_UNQUALIFIED_RATE,SIMULATED
19688,Ivory Stone Communications,CONNECT STORES,202605,38773.92,34896.53,3877.39,0.9,PENDING,MTN_INTERNAL_SETTLEMENT,,,SIMULATED
355063,Quartz Park Trading,PENTAGON FRANCHISE,202605,38723.7,34851.33,3872.37,0.9,PENDING,BANK_TRANSFER,,,SIMULATED
306061,Hazel Leaf Communications,PENTAGON FRANCHISE,202605,38511.53999999999,34660.39,3851.15,0.9,PENDING,BANK_TRANSFER,,,SIMULATED
19537,Maple Isle Communications,CONNECT STORES,202605,38092.909999999996,22855.75,15237.16,0.6,PARTIALLY_PAID,MTN_INTERNAL_SETTLEMENT,2026-06-30,HIGH_UNQUALIFIED_RATE,SIMULATED
355062,Harbor Moon Ventures,PENTAGON FRANCHISE,202605,37886.49999999999,15154.6,22731.9,0.4,DISPUTED,BANK_TRANSFER,,CONFIRMED_MISMATCH,SIMULATED
19904,Linden Valley Ventures,CONNECT STORES,202605,37624.159999999996,22574.5,15049.66,0.6,PARTIALLY_PAID,MTN_INTERNAL_SETTLEMENT,2026-06-30,HIGH_UNQUALIFIED_RATE,SIMULATED
19674,Laurel Trail Trading,DATA PARTNERS,202605,37518.06999999999,33766.26,3751.81,0.9,PENDING,BANK_TRANSFER,,,SIMULATED
19805,Harbor Shore Ventures,DEALER,202605,37255.829999999994,33530.25,3725.58,0.9,PENDING,BANK_TRANSFER,,,SIMULATED
19753,Dawn Dale Networks,DATA PARTNERS,202605,37255.77,33530.19,3725.58,0.9,PENDING,BANK_TRANSFER,,,SIMULATED
19675,Dawn Path Ventures,DATA PARTNERS,202605,37255.749999999985,33530.17,3725.58,0.9,PENDING,BANK_TRANSFER,,,SIMULATED
19672,Maple Beacon Trading,DATA PARTNERS,202605,37099.45999999999,33389.51,3709.95,0.9,PENDING,BANK_TRANSFER,,,SIMULATED
19369,Jade Point Trading,CONNECT STORES,202605,37099.44,22259.66,14839.78,0.6,PARTIALLY_PAID,MTN_INTERNAL_SETTLEMENT,2026-06-30,HIGH_UNQUALIFIED_RATE,SIMULATED
294094,Meadow Dale Trading,PENTAGON FRANCHISE,202605,37099.439999999995,33389.5,3709.94,0.9,PENDING,BANK_TRANSFER,,,SIMULATED
19807,Winter Wave Trading,DATA PARTNERS,202605,36837.119999999995,33153.41,3683.71,0.9,PENDING,BANK_TRANSFER,,,SIMULATED
19411,Jade Lake Ventures,DEALER,202605,36837.119999999995,33153.41,3683.71,0.9,PENDING,BANK_TRANSFER,,,SIMULATED
63049,Sunset Reach Trading,DATA PARTNERS,202605,36837.119999999995,33153.41,3683.71,0.9,PENDING,BANK_TRANSFER,,,SIMULATED
205043,Sage Arc Ventures,CONNECT STORES,202605,36837.09999999999,22102.26,14734.84,0.6,PARTIALLY_PAID,MTN_INTERNAL_SETTLEMENT,2026-06-30,HIGH_UNQUALIFIED_RATE,SIMULATED
19486,Flint Brook Communications,DATA PARTNERS,202605,36680.84999999999,33012.76,3668.09,0.9,PENDING,BANK_TRANSFER,,,SIMULATED
19472,Laurel Horizon Communications,DATA PARTNERS,202605,36418.52999999999,32776.68,3641.85,0.9,PENDING,BANK_TRANSFER,,,SIMULATED
19393,Pine Lake Ventures,CONNECT STORES,202605,36418.49,32776.64,3641.85,0.9,PENDING,MTN_INTERNAL_SETTLEMENT,,,SIMULATED
296078,Juniper Light Networks,PENTAGON FRANCHISE,202605,36262.259999999995,32636.03,3626.23,0.9,PENDING,BANK_TRANSFER,,,SIMULATED
19389,Sage Crown Communications,DATA PARTNERS,202605,36262.24,32636.02,3626.22,0.9,PENDING,BANK_TRANSFER,,,SIMULATED
19866,Willow Beacon Ventures,DATA PARTNERS,202605,35999.899999999994,32399.91,3599.99,0.9,PENDING,BANK_TRANSFER,,,SIMULATED
294129,River Isle Ventures,PENTAGON FRANCHISE,202605,35949.719999999994,32354.75,3594.97,0.9,PENDING,BANK_TRANSFER,,,SIMULATED
19631,Coral Point Ventures,CONNECT STORES,202605,35843.63,32259.27,3584.36,0.9,PENDING,MTN_INTERNAL_SETTLEMENT,,,SIMULATED
344066,Quartz Park Trading,PENTAGON FRANCHISE,202605,35687.439999999995,32118.7,3568.74,0.9,PENDING,BANK_TRANSFER,,,SIMULATED
19692,Laurel Grove Trading,DATA PARTNERS,202605,35581.34999999999,32023.21,3558.14,0.9,PENDING,BANK_TRANSFER,,,SIMULATED
19718,Juniper Brook Ventures,DEALER,202605,35581.34999999999,32023.21,3558.14,0.9,PENDING,BANK_TRANSFER,,,SIMULATED
19343,Sunset Leaf Ventures,CONNECT STORES,202605,35268.78999999999,21161.27,14107.52,0.6,PARTIALLY_PAID,MTN_INTERNAL_SETTLEMENT,2026-06-30,HIGH_UNQUALIFIED_RATE,SIMULATED
203045,Sage Arc Ventures,CONNECT STORES,202605,35268.77,21161.26,14107.51,0.6,PARTIALLY_PAID,MTN_INTERNAL_SETTLEMENT,2026-06-30,HIGH_UNQUALIFIED_RATE,SIMULATED
19351,Sage Glen Ventures,CONNECT STORES,202605,35162.74,31646.47,3516.27,0.9,PENDING,MTN_INTERNAL_SETTLEMENT,,,SIMULATED
265053,Pearl Park Ventures,FIXED BROADBAND,202605,34744.09,31269.68,3474.41,0.9,PENDING,BANK_TRANSFER,,,SIMULATED
19985,Orchid Wood Ventures,DATA PARTNERS,202605,34325.52,30892.97,3432.55,0.9,PENDING,BANK_TRANSFER,,,SIMULATED
334059,Harbor Moon Ventures,PENTAGON FRANCHISE,202605,34169.23,30752.31,3416.92,0.9,PENDING,BANK_TRANSFER,,,SIMULATED
19639,Coral Shore Communications,DATA PARTNERS,202605,33906.93,30516.24,3390.69,0.9,PENDING,BANK_TRANSFER,,,SIMULATED
351060,Amber Meadow Ventures,ENTERPRISE BUSINESS,202605,33906.87,30516.18,3390.69,0.9,PENDING,BANK_TRANSFER,,,SIMULATED
311074,Linden Park Communications,PENTAGON FRANCHISE,202605,33906.87,30516.18,3390.69,0.9,PENDING,BANK_TRANSFER,,,SIMULATED
19518,Harbor Lake Networks,DATA PARTNERS,202605,33488.32,30139.49,3348.83,0.9,PENDING,BANK_TRANSFER,,,SIMULATED
240047,Jade View Ventures,ENTERPRISE BUSINESS,202605,33069.71,29762.74,3306.97,0.9,PENDING,BANK_TRANSFER,,,SIMULATED
391085,Raven Point Ventures,ENTERPRISE BUSINESS,202605,33069.67,29762.7,3306.97,0.9,PENDING,BANK_TRANSFER,,,SIMULATED
388071,Birch Lake Networks,PENTAGON FRANCHISE,202605,33019.53,29717.58,3301.95,0.9,PENDING,BANK_TRANSFER,,,SIMULATED
322068,Ember Leaf Communications,ENTERPRISE BUSINESS,202605,32863.24,29576.92,3286.32,0.9,PENDING,BANK_TRANSFER,,,SIMULATED
379093,Birch Wave Ventures,PENTAGON FRANCHISE,202605,32863.24,29576.92,3286.32,0.9,PENDING,BANK_TRANSFER,,,SIMULATED
367085,Rowan Horizon Communications,PENTAGON FRANCHISE,202605,32757.15,29481.44,3275.71,0.9,PENDING,BANK_TRANSFER,,,SIMULATED
19370,Jade Point Trading,CONNECT STORES,202605,32651.06,19590.64,13060.42,0.6,PARTIALLY_PAID,MTN_INTERNAL_SETTLEMENT,2026-06-30,HIGH_UNQUALIFIED_RATE,SIMULATED
356083,Willow Stream Ventures,PENTAGON FRANCHISE,202605,32600.92,29340.83,3260.09,0.9,PENDING,BANK_TRANSFER,,,SIMULATED
21257,Oak Crest Networks,CONNECT STORES,202605,32232.51000000001,29009.26,3223.25,0.9,PENDING,MTN_INTERNAL_SETTLEMENT,,,SIMULATED
19360,Swift Park Communications,DATA PARTNERS,202605,32232.47,29009.22,3223.25,0.9,PENDING,BANK_TRANSFER,,,SIMULATED
337061,Fern Light Ventures,PENTAGON FRANCHISE,202605,31919.989999999998,28727.99,3192.0,0.9,PENDING,BANK_TRANSFER,,,SIMULATED
19400,Harbor Moon Communications,CONNECT STORES,202605,31813.979999999996,28632.58,3181.4,0.9,PENDING,MTN_INTERNAL_SETTLEMENT,,,SIMULATED
19517,Laurel Shore Networks,DATA PARTNERS,202605,31813.9,28632.51,3181.39,0.9,PENDING,BANK_TRANSFER,,,SIMULATED
347066,Aspen Glen Communications,FIXED BROADBAND,202605,31657.61,28491.85,3165.76,0.9,PENDING,BANK_TRANSFER,,,SIMULATED
332068,Jade Trail Networks,FIXED BROADBAND,202605,31395.25,28255.73,3139.52,0.9,PENDING,BANK_TRANSFER,,,SIMULATED
19901,Linden Valley Ventures,CONNECT STORES,202605,31239.0,28115.1,3123.9,0.9,PENDING,MTN_INTERNAL_SETTLEMENT,,,SIMULATED
357096,Crystal Leaf Trading,PENTAGON FRANCHISE,202605,30976.700000000008,27879.03,3097.67,0.9,PENDING,BANK_TRANSFER,,,SIMULATED
323083,Linden Wood Communications,PENTAGON FRANCHISE,202605,30926.499999999996,27833.85,3092.65,0.9,PENDING,BANK_TRANSFER,,,SIMULATED
311073,Pine Bridge Trading,PENTAGON FRANCHISE,202605,30926.479999999996,27833.83,3092.65,0.9,PENDING,BANK_TRANSFER,,,SIMULATED
115033,Meadow Wind Networks,CONNECT HUB,202605,30139.539999999994,27125.59,3013.95,0.9,PENDING,MTN_INTERNAL_SETTLEMENT,,,SIMULATED
19814,Winter Stone Trading,DATA PARTNERS,202605,30139.480000000007,27125.53,3013.95,0.9,PENDING,BANK_TRANSFER,,,SIMULATED
19365,Jade Point Trading,CONNECT STORES,202605,30139.440000000002,27125.5,3013.94,0.9,PENDING,MTN_INTERNAL_SETTLEMENT,,,SIMULATED
19641,Birch Meadow Communications,DATA PARTNERS,202605,30089.28,27080.35,3008.93,0.9,PENDING,BANK_TRANSFER,,,SIMULATED
19695,Jade Park Ventures,DEALER,202605,29720.91,26748.82,2972.09,0.9,PENDING,BANK_TRANSFER,,,SIMULATED
75031,Quartz Crown Networks,DATA PARTNERS,202605,29720.89,26748.8,2972.09,0.9,PENDING,BANK_TRANSFER,,,SIMULATED
350061,Olive Stream Ventures,PENTAGON FRANCHISE,202605,29720.85000000001,26748.77,2972.08,0.9,PENDING,BANK_TRANSFER,,,SIMULATED
19679,Olive Stone Communications,DATA PARTNERS,202605,29720.850000000006,26748.77,2972.08,0.9,PENDING,BANK_TRANSFER,,,SIMULATED
147031,Amber Lake Trading,CONNECT HUB,202605,29720.85,26748.76,2972.09,0.9,PENDING,MTN_INTERNAL_SETTLEMENT,,,SIMULATED
95038,Spruce Point Communications,FIXED BROADBAND,202605,29564.620000000003,26608.16,2956.46,0.9,PENDING,BANK_TRANSFER,,,SIMULATED
19775,Fern Valley Ventures,DATA PARTNERS,202605,29408.33,26467.5,2940.83,0.9,PENDING,BANK_TRANSFER,,,SIMULATED
19894,Pine Coast Ventures,DEALER,202605,29302.339999999997,26372.11,2930.23,0.9,PENDING,BANK_TRANSFER,,,SIMULATED
19551,Stone Peak Networks,DATA PARTNERS,202605,29302.24000000001,26372.02,2930.22,0.9,PENDING,BANK_TRANSFER,,,SIMULATED
21284,Ember Coast Trading,DEALER,202605,28989.760000000002,26090.78,2898.98,0.9,PENDING,BANK_TRANSFER,,,SIMULATED
19339,Sunset Stone Networks,DATA PARTNERS,202605,28989.74,26090.77,2898.97,0.9,PENDING,BANK_TRANSFER,,,SIMULATED
19917,Sunset Path Trading,CONNECT STORES,202605,28989.72,26090.75,2898.97,0.9,PENDING,MTN_INTERNAL_SETTLEMENT,,,SIMULATED
186044,Silver Moon Ventures,FIXED BROADBAND,202605,28883.65,17330.19,11553.46,0.6,PARTIALLY_PAID,BANK_TRANSFER,2026-06-30,HIGH_UNQUALIFIED_RATE,SIMULATED
255072,Olive Wave Ventures,CONNECT HUB,202605,28883.63,25995.27,2888.36,0.9,PENDING,MTN_INTERNAL_SETTLEMENT,,,SIMULATED
416149,Coral Sky Trading,PENTAGON FRANCHISE,202605,28883.63,25995.27,2888.36,0.9,PENDING,BANK_TRANSFER,,,SIMULATED
19685,Ivory Stone Communications,DEALER,202605,28571.129999999997,25714.02,2857.11,0.9,PENDING,BANK_TRANSFER,,,SIMULATED
19804,Harbor Shore Ventures,DEALER,202605,28465.060000000005,25618.55,2846.51,0.9,PENDING,BANK_TRANSFER,,,SIMULATED
430145,Amber Leaf Networks,PENTAGON FRANCHISE,202605,28465.040000000008,25618.54,2846.5,0.9,PENDING,BANK_TRANSFER,,,SIMULATED
295091,Spruce Point Ventures,PENTAGON FRANCHISE,202605,28465.04,25618.54,2846.5,0.9,PENDING,BANK_TRANSFER,,,SIMULATED
19897,Flint Grove Trading,CONNECT STORES,202605,28046.53,25241.88,2804.65,0.9,PENDING,MTN_INTERNAL_SETTLEMENT,,,SIMULATED
349085,Cedar Bay Trading,ENTERPRISE BUSINESS,202605,28046.430000000004,25241.79,2804.64,0.9,PENDING,BANK_TRANSFER,,,SIMULATED
53023,Ivory Moon Ventures,DATA PARTNERS,202605,28046.429999999997,25241.79,2804.64,0.9,PENDING,BANK_TRANSFER,,,SIMULATED
19431,Ivory Delta Ventures,CONNECT STORES,202605,27996.27,16797.76,11198.51,0.6,PARTIALLY_PAID,MTN_INTERNAL_SETTLEMENT,2026-06-30,HIGH_UNQUALIFIED_RATE,SIMULATED
19485,Topaz Shore Ventures,DATA PARTNERS,202605,27627.820000000007,24865.04,2762.78,0.9,PENDING,BANK_TRANSFER,,,SIMULATED
353069,Opal Brook Networks,PENTAGON FRANCHISE,202605,27627.82,11051.13,16576.69,0.4,DISPUTED,BANK_TRANSFER,,CONFIRMED_MISMATCH,SIMULATED
350065,Opal Beacon Ventures,PENTAGON FRANCHISE,202605,27315.32,24583.79,2731.53,0.9,PENDING,BANK_TRANSFER,,,SIMULATED
253047,Raven Moon Communications,ENTERPRISE BUSINESS,202605,27052.959999999995,24347.66,2705.3,0.9,PENDING,BANK_TRANSFER,,,SIMULATED
19399,Harbor Moon Communications,CONNECT STORES,202605,26790.72,24111.65,2679.07,0.9,PENDING,MTN_INTERNAL_SETTLEMENT,,,SIMULATED
27023,Ivory Valley Networks,DATA PARTNERS,202605,26790.660000000003,24111.59,2679.07,0.9,PENDING,BANK_TRANSFER,,,SIMULATED
19616,Flint Field Networks,DATA PARTNERS,202605,26790.64000000001,24111.58,2679.06,0.9,PENDING,BANK_TRANSFER,,,SIMULATED
344068,River Wood Ventures,PENTAGON FRANCHISE,202605,26790.62000000001,24111.56,2679.06,0.9,PENDING,BANK_TRANSFER,,,SIMULATED
19834,Flint Port Ventures,CONNECT STORES,202605,26790.62000000001,24111.56,2679.06,0.9,PENDING,MTN_INTERNAL_SETTLEMENT,,,SIMULATED
345068,Ocean Coast Communications,PENTAGON FRANCHISE,202605,26790.620000000006,24111.56,2679.06,0.9,PENDING,BANK_TRANSFER,,,SIMULATED
21247,Linden Hill Communications,DATA PARTNERS,202605,26790.620000000006,24111.56,2679.06,0.9,PENDING,BANK_TRANSFER,,,SIMULATED
349087,Golden Point Networks,ENTERPRISE BUSINESS,202605,26790.620000000006,24111.56,2679.06,0.9,PENDING,BANK_TRANSFER,,,SIMULATED
357075,Silver Trail Trading,FIXED BROADBAND,202605,26478.100000000002,15886.86,10591.24,0.6,PARTIALLY_PAID,BANK_TRANSFER,2026-06-30,HIGH_UNQUALIFIED_RATE,SIMULATED
294086,Spruce Brook Trading,PENTAGON FRANCHISE,202605,26372.030000000006,23734.83,2637.2,0.9,PENDING,BANK_TRANSFER,,,SIMULATED
353064,Amber Wood Networks,PENTAGON FRANCHISE,202605,26372.01000000001,23734.81,2637.2,0.9,PENDING,BANK_TRANSFER,,,SIMULATED
113033,Pearl Beacon Communications,CONNECT HUB,202605,26372.010000000006,23734.81,2637.2,0.9,PENDING,MTN_INTERNAL_SETTLEMENT,,,SIMULATED
174046,Indigo Crown Networks,ENTERPRISE BUSINESS,202605,25953.48,23358.13,2595.35,0.9,PENDING,BANK_TRANSFER,,,SIMULATED
19483,Pine Ridge Ventures,DATA PARTNERS,202605,25953.440000000002,23358.1,2595.34,0.9,PENDING,BANK_TRANSFER,,,SIMULATED
19659,Cedar Point Trading,DATA PARTNERS,202605,25953.420000000002,23358.08,2595.34,0.9,PENDING,BANK_TRANSFER,,,SIMULATED
295079,Maple Grove Networks,PENTAGON FRANCHISE,202605,25797.15,23217.44,2579.71,0.9,PENDING,BANK_TRANSFER,,,SIMULATED
380078,Meadow Haven Networks,PENTAGON FRANCHISE,202605,25640.920000000002,23076.83,2564.09,0.9,PENDING,BANK_TRANSFER,,,SIMULATED
19425,Hazel View Trading,DATA PARTNERS,202605,25640.899999999998,23076.81,2564.09,0.9,PENDING,BANK_TRANSFER,,,SIMULATED
26034,Forest Sky Trading,DATA PARTNERS,202605,25534.850000000006,22981.37,2553.48,0.9,PENDING,BANK_TRANSFER,,,SIMULATED
311068,Azure Wave Networks,FIXED BROADBAND,202605,25534.809999999998,22981.33,2553.48,0.9,PENDING,BANK_TRANSFER,,,SIMULATED
19840,Laurel Park Trading,CONNECT STORES,202605,25116.2,22604.58,2511.62,0.9,PENDING,MTN_INTERNAL_SETTLEMENT,,,SIMULATED
333070,Azure Sky Trading,PENTAGON FRANCHISE,202605,25116.199999999997,22604.58,2511.62,0.9,PENDING,BANK_TRANSFER,,,SIMULATED
325064,Opal Ridge Communications,ENTERPRISE BUSINESS,202605,24959.95,22463.96,2495.99,0.9,PENDING,BANK_TRANSFER,,,SIMULATED
19353,Stone Dale Networks,DATA PARTNERS,202605,24697.61,14818.57,9879.04,0.6,PARTIALLY_PAID,BANK_TRANSFER,2026-06-30,HIGH_UNQUALIFIED_RATE,SIMULATED
73036,River Field Trading,DATA PARTNERS,202605,24385.089999999997,21946.58,2438.51,0.9,PENDING,BANK_TRANSFER,,,SIMULATED
19508,River Stream Networks,DATA PARTNERS,202605,24279.02,21851.12,2427.9,0.9,PENDING,BANK_TRANSFER,,,SIMULATED
310071,Sage Glen Trading,PENTAGON FRANCHISE,202605,24279.000000000004,21851.1,2427.9,0.9,PENDING,BANK_TRANSFER,,,SIMULATED
115058,Juniper Bridge Trading,CONNECT HUB,202605,24122.770000000008,21710.49,2412.28,0.9,PENDING,MTN_INTERNAL_SETTLEMENT,,,SIMULATED
19424,Fern Park Communications,DATA PARTNERS,202605,23860.410000000007,21474.37,2386.04,0.9,PENDING,BANK_TRANSFER,,,SIMULATED
148031,Birch Path Networks,CONNECT HUB,202605,23860.39,21474.35,2386.04,0.9,PENDING,MTN_INTERNAL_SETTLEMENT,,,SIMULATED
19845,Willow Horizon Networks,CONNECT STORES,202605,23704.18,14222.51,9481.67,0.6,PARTIALLY_PAID,MTN_INTERNAL_SETTLEMENT,2026-06-30,HIGH_UNQUALIFIED_RATE,SIMULATED
281061,Linden Field Communications,PENTAGON FRANCHISE,202605,23441.860000000004,21097.67,2344.19,0.9,PENDING,BANK_TRANSFER,,,SIMULATED
19469,Jade Spring Ventures,DATA PARTNERS,202605,23441.840000000004,21097.66,2344.18,0.9,PENDING,BANK_TRANSFER,,,SIMULATED
19503,Linden Path Networks,DATA PARTNERS,202605,23441.839999999997,21097.66,2344.18,0.9,PENDING,BANK_TRANSFER,,,SIMULATED
19386,Pearl Park Trading,DEALER,202605,23441.839999999997,21097.66,2344.18,0.9,PENDING,BANK_TRANSFER,,,SIMULATED
63048,Maple Beacon Ventures,DATA PARTNERS,202605,23441.82,21097.64,2344.18,0.9,PENDING,BANK_TRANSFER,,,SIMULATED
19912,Fern Brook Ventures,DATA PARTNERS,202605,23023.230000000003,20720.91,2302.32,0.9,PENDING,BANK_TRANSFER,,,SIMULATED
186043,Teal Isle Trading,CONNECT HUB,202605,23023.23,20720.91,2302.32,0.9,PENDING,MTN_INTERNAL_SETTLEMENT,,,SIMULATED
21217,Silver Grove Communications,ENTERPRISE BUSINESS,202605,23023.190000000002,20720.87,2302.32,0.9,PENDING,BANK_TRANSFER,,,SIMULATED
21238,Rowan Vale Trading,DATA PARTNERS,202605,22866.960000000006,13720.18,9146.78,0.6,PARTIALLY_PAID,BANK_TRANSFER,2026-06-30,HIGH_UNQUALIFIED_RATE,SIMULATED
19560,Spruce Bridge Communications,CONNECT STORES,202605,22604.64,20344.18,2260.46,0.9,PENDING,MTN_INTERNAL_SETTLEMENT,,,SIMULATED
294062,River Brook Trading,PENTAGON FRANCHISE,202605,22604.620000000003,20344.16,2260.46,0.9,PENDING,BANK_TRANSFER,,,SIMULATED
19595,Olive Wave Ventures,CONNECT STORES,202605,22604.600000000002,13562.76,9041.84,0.6,PARTIALLY_PAID,MTN_INTERNAL_SETTLEMENT,2026-06-30,HIGH_UNQUALIFIED_RATE,SIMULATED
19981,Oak Hill Communications,DATA PARTNERS,202605,22604.600000000002,20344.14,2260.46,0.9,PENDING,BANK_TRANSFER,,,SIMULATED
332062,Laurel Coast Communications,PENTAGON FRANCHISE,202605,22604.58,20344.12,2260.46,0.9,PENDING,BANK_TRANSFER,,,SIMULATED
19384,Pearl Park Trading,DEALER,202605,22448.33,20203.5,2244.83,0.9,PENDING,BANK_TRANSFER,,,SIMULATED
385083,Birch Wind Communications,PENTAGON FRANCHISE,202605,22292.08,20062.87,2229.21,0.9,PENDING,BANK_TRANSFER,,,SIMULATED
337058,Oak Reach Trading,PENTAGON FRANCHISE,202605,22186.010000000002,19967.41,2218.6,0.9,PENDING,BANK_TRANSFER,,,SIMULATED
284087,Fern Meadow Ventures,PENTAGON FRANCHISE,202605,22185.99,19967.39,2218.6,0.9,PENDING,BANK_TRANSFER,,,SIMULATED
26036,Hazel Ridge Networks,DATA PARTNERS,202605,21767.420000000006,19590.68,2176.74,0.9,PENDING,BANK_TRANSFER,,,SIMULATED
391081,Rowan Grove Trading,PENTAGON FRANCHISE,202605,21454.879999999997,19309.39,2145.49,0.9,PENDING,BANK_TRANSFER,,,SIMULATED
317059,Aspen Summit Ventures,FIXED BROADBAND,202605,21454.86,19309.37,2145.49,0.9,PENDING,BANK_TRANSFER,,,SIMULATED
19792,Sunset Port Ventures,DEALER,202605,21348.809999999998,19213.93,2134.88,0.9,PENDING,BANK_TRANSFER,,,SIMULATED
19812,Hazel Bay Trading,DATA PARTNERS,202605,21348.770000000004,19213.89,2134.88,0.9,PENDING,BANK_TRANSFER,,,SIMULATED
19944,Rowan Hill Trading,CONNECT STORES,202605,21192.519999999997,12715.51,8477.01,0.6,PARTIALLY_PAID,MTN_INTERNAL_SETTLEMENT,2026-06-30,HIGH_UNQUALIFIED_RATE,SIMULATED
19422,Amber Lake Trading,DEALER,202605,20930.22,18837.2,2093.02,0.9,PENDING,BANK_TRANSFER,,,SIMULATED
19686,Ivory Stone Communications,CONNECT STORES,202605,20930.219999999998,18837.2,2093.02,0.9,PENDING,MTN_INTERNAL_SETTLEMENT,,,SIMULATED
255048,Quartz Delta Ventures,PENTAGON FRANCHISE,202605,20930.200000000004,18837.18,2093.02,0.9,PENDING,BANK_TRANSFER,,,SIMULATED
19815,Willow Lake Communications,DEALER,202605,20930.18,18837.16,2093.02,0.9,PENDING,BANK_TRANSFER,,,SIMULATED
21256,Oak Crest Networks,CONNECT STORES,202605,20930.18,18837.16,2093.02,0.9,PENDING,MTN_INTERNAL_SETTLEMENT,,,SIMULATED
357069,Dawn Lake Networks,PENTAGON FRANCHISE,202605,20930.18,18837.16,2093.02,0.9,PENDING,BANK_TRANSFER,,,SIMULATED
19530,Silver Dale Ventures,DATA PARTNERS,202605,20511.57,18460.41,2051.16,0.9,PENDING,BANK_TRANSFER,,,SIMULATED
327087,Meadow Bay Communications,PENTAGON FRANCHISE,202605,20511.57,18460.41,2051.16,0.9,PENDING,BANK_TRANSFER,,,SIMULATED
20041,Olive Stream Ventures,DATA PARTNERS,202605,20093.019999999997,18083.72,2009.3,0.9,PENDING,BANK_TRANSFER,,,SIMULATED
19677,Oak Stream Communications,DATA PARTNERS,202605,20092.98,18083.68,2009.3,0.9,PENDING,BANK_TRANSFER,,,SIMULATED
19920,Sunset Path Trading,CONNECT STORES,202605,20092.98,18083.68,2009.3,0.9,PENDING,MTN_INTERNAL_SETTLEMENT,,,SIMULATED
423151,Flint Hill Communications,ENTERPRISE BUSINESS,202605,20092.960000000003,18083.66,2009.3,0.9,PENDING,BANK_TRANSFER,,,SIMULATED
19921,Sunset Path Trading,CONNECT STORES,202605,20092.96,18083.66,2009.3,0.9,PENDING,MTN_INTERNAL_SETTLEMENT,,,SIMULATED
19438,Birch Dale Communications,CONNECT STORES,202605,20092.96,12055.78,8037.18,0.6,PARTIALLY_PAID,MTN_INTERNAL_SETTLEMENT,2026-06-30,HIGH_UNQUALIFIED_RATE,SIMULATED
311072,Coral View Communications,PENTAGON FRANCHISE,202605,19936.71,17943.04,1993.67,0.9,PENDING,BANK_TRANSFER,,,SIMULATED
115034,Flint Grove Trading,CONNECT HUB,202605,19780.46,17802.41,1978.05,0.9,PENDING,MTN_INTERNAL_SETTLEMENT,,,SIMULATED
377075,Winter Summit Trading,PENTAGON FRANCHISE,202605,19780.46,17802.41,1978.05,0.9,PENDING,BANK_TRANSFER,,,SIMULATED
413208,Meadow Brook Networks,PENTAGON FRANCHISE,202605,19674.39,17706.95,1967.44,0.9,PENDING,BANK_TRANSFER,,,SIMULATED
365126,Birch Stone Trading,PENTAGON FRANCHISE,202605,19674.370000000003,17706.93,1967.44,0.9,PENDING,BANK_TRANSFER,,,SIMULATED
341062,Quartz Leaf Trading,PENTAGON FRANCHISE,202605,19674.370000000003,17706.93,1967.44,0.9,PENDING,BANK_TRANSFER,,,SIMULATED
19694,Maple Meadow Trading,DEALER,202605,19255.780000000002,17330.2,1925.58,0.9,PENDING,BANK_TRANSFER,,,SIMULATED
365121,Raven Hill Trading,PENTAGON FRANCHISE,202605,19255.760000000002,17330.18,1925.58,0.9,PENDING,BANK_TRANSFER,,,SIMULATED
19847,Forest Ridge Communications,DATA PARTNERS,202605,19255.760000000002,17330.18,1925.58,0.9,PENDING,BANK_TRANSFER,,,SIMULATED
19910,Jade Light Networks,DATA PARTNERS,202605,18837.170000000002,16953.45,1883.72,0.9,PENDING,BANK_TRANSFER,,,SIMULATED
374077,Sage Dale Trading,PENTAGON FRANCHISE,202605,18837.15,16953.44,1883.71,0.9,PENDING,BANK_TRANSFER,,,SIMULATED
19464,Orchid View Networks,CONNECT STORES,202605,18837.15,11302.29,7534.86,0.6,PARTIALLY_PAID,MTN_INTERNAL_SETTLEMENT,2026-06-30,HIGH_UNQUALIFIED_RATE,SIMULATED
314062,Crystal Isle Ventures,PENTAGON FRANCHISE,202605,18837.149999999998,16953.43,1883.72,0.9,PENDING,BANK_TRANSFER,,,SIMULATED
19994,Teal Port Networks,ENTERPRISE BUSINESS,202605,18837.149999999998,16953.43,1883.72,0.9,PENDING,BANK_TRANSFER,,,SIMULATED
280061,Juniper Bridge Trading,PENTAGON FRANCHISE,202605,18418.58,16576.72,1841.86,0.9,PENDING,BANK_TRANSFER,,,SIMULATED
19640,Teal Haven Trading,DATA PARTNERS,202605,18418.56,16576.7,1841.86,0.9,PENDING,BANK_TRANSFER,,,SIMULATED
357093,Meadow Crown Communications,PENTAGON FRANCHISE,202605,18262.33,16436.1,1826.23,0.9,PENDING,BANK_TRANSFER,,,SIMULATED
19488,Crystal Summit Networks,DATA PARTNERS,202605,18262.309999999998,16436.08,1826.23,0.9,PENDING,BANK_TRANSFER,,,SIMULATED
19849,Topaz Meadow Ventures,DATA PARTNERS,202605,18262.309999999998,16436.08,1826.23,0.9,PENDING,BANK_TRANSFER,,,SIMULATED
319059,Dawn Wind Trading,PENTAGON FRANCHISE,202605,18262.29,16436.06,1826.23,0.9,PENDING,BANK_TRANSFER,,,SIMULATED
19627,Coral Point Ventures,CONNECT STORES,202605,17999.95,10799.97,7199.98,0.6,PARTIALLY_PAID,MTN_INTERNAL_SETTLEMENT,2026-06-30,HIGH_UNQUALIFIED_RATE,SIMULATED
294073,Stone Wind Trading,ENTERPRISE BUSINESS,202605,17687.43,15918.69,1768.74,0.9,PENDING,BANK_TRANSFER,,,SIMULATED
19553,Elm Spring Communications,DEALER,202605,17687.43,15918.69,1768.74,0.9,PENDING,BANK_TRANSFER,,,SIMULATED
19788,Maple Wave Networks,CONNECT STORES,202605,17581.4,15823.26,1758.14,0.9,PENDING,MTN_INTERNAL_SETTLEMENT,,,SIMULATED
179044,Birch Crown Ventures,ENTERPRISE BUSINESS,202605,17581.36,15823.22,1758.14,0.9,PENDING,BANK_TRANSFER,,,SIMULATED
413173,Harbor Horizon Ventures,PENTAGON FRANCHISE,202605,17581.34,15823.21,1758.13,0.9,PENDING,BANK_TRANSFER,,,SIMULATED
295082,Harbor Grove Networks,PENTAGON FRANCHISE,202605,17581.339999999997,15823.21,1758.13,0.9,PENDING,BANK_TRANSFER,,,SIMULATED
337092,Pearl Haven Ventures,PENTAGON FRANCHISE,202605,17581.339999999997,15823.21,1758.13,0.9,PENDING,BANK_TRANSFER,,,SIMULATED
19966,River Star Communications,DEALER,202605,17425.11,15682.6,1742.51,0.9,PENDING,BANK_TRANSFER,,,SIMULATED
19323,Ember Coast Trading,DEALER,202605,17425.09,15682.58,1742.51,0.9,PENDING,BANK_TRANSFER,,,SIMULATED
19803,Harbor Shore Ventures,DEALER,202605,17425.09,15682.58,1742.51,0.9,PENDING,BANK_TRANSFER,,,SIMULATED
19516,Aspen Reach Communications,DATA PARTNERS,202605,17162.77,15446.49,1716.28,0.9,PENDING,BANK_TRANSFER,,,SIMULATED
19349,Sage Glen Ventures,CONNECT STORES,202605,17162.77,15446.49,1716.28,0.9,PENDING,MTN_INTERNAL_SETTLEMENT,,,SIMULATED
19524,Flint Isle Trading,DATA PARTNERS,202605,17162.75,10297.65,6865.1,0.6,PARTIALLY_PAID,BANK_TRANSFER,2026-06-30,HIGH_UNQUALIFIED_RATE,SIMULATED
311058,Quartz Star Ventures,PENTAGON FRANCHISE,202605,17006.5,15305.85,1700.65,0.9,PENDING,BANK_TRANSFER,,,SIMULATED
345065,Aspen Moon Communications,PENTAGON FRANCHISE,202605,17006.48,15305.83,1700.65,0.9,PENDING,BANK_TRANSFER,,,SIMULATED
296076,Elm Field Ventures,PENTAGON FRANCHISE,202605,16744.18,15069.76,1674.42,0.9,PENDING,BANK_TRANSFER,,,SIMULATED
20020,Maple Wave Trading,DATA PARTNERS,202605,16744.14,15069.73,1674.41,0.9,PENDING,BANK_TRANSFER,,,SIMULATED
19665,Swift Leaf Ventures,DATA PARTNERS,202605,16744.14,15069.73,1674.41,0.9,PENDING,BANK_TRANSFER,,,SIMULATED
19693,Maple Meadow Trading,DEALER,202605,16744.14,15069.73,1674.41,0.9,PENDING,BANK_TRANSFER,,,SIMULATED
19936,Azure Reach Networks,DATA PARTNERS,202605,16744.14,15069.73,1674.41,0.9,PENDING,BANK_TRANSFER,,,SIMULATED
351058,Maple Port Ventures,PENTAGON FRANCHISE,202605,16431.62,14788.46,1643.16,0.9,PENDING,BANK_TRANSFER,,,SIMULATED
393082,Opal Dale Networks,PENTAGON FRANCHISE,202605,16431.62,14788.46,1643.16,0.9,PENDING,BANK_TRANSFER,,,SIMULATED
19922,Sunset Path Trading,CONNECT STORES,202605,16431.62,9858.97,6572.65,0.6,PARTIALLY_PAID,MTN_INTERNAL_SETTLEMENT,2026-06-30,HIGH_UNQUALIFIED_RATE,SIMULATED
295083,Sunset Crest Communications,PENTAGON FRANCHISE,202605,16431.62,14788.46,1643.16,0.9,PENDING,BANK_TRANSFER,,,SIMULATED
423155,Hazel Shore Networks,PENTAGON FRANCHISE,202605,16431.62,14788.46,1643.16,0.9,PENDING,BANK_TRANSFER,,,SIMULATED
19606,Laurel Stream Ventures,CONNECT STORES,202605,16431.62,14788.46,1643.16,0.9,PENDING,MTN_INTERNAL_SETTLEMENT,,,SIMULATED
19337,Sunset Stone Networks,CONNECT STORES,202605,16325.59,9795.35,6530.24,0.6,PARTIALLY_PAID,MTN_INTERNAL_SETTLEMENT,2026-06-30,HIGH_UNQUALIFIED_RATE,SIMULATED
19784,Raven Isle Communications,DEALER,202605,16325.529999999999,14692.98,1632.55,0.9,PENDING,BANK_TRANSFER,,,SIMULATED
126031,Meadow Bay Communications,ENTERPRISE BUSINESS,202605,16325.529999999997,14692.98,1632.55,0.9,PENDING,BANK_TRANSFER,,,SIMULATED
19923,Sunset Path Trading,CONNECT STORES,202605,16169.279999999999,9701.57,6467.71,0.6,PARTIALLY_PAID,MTN_INTERNAL_SETTLEMENT,2026-06-30,HIGH_UNQUALIFIED_RATE,SIMULATED
360060,Oak Horizon Trading,PENTAGON FRANCHISE,202605,16169.279999999997,14552.35,1616.93,0.9,PENDING,BANK_TRANSFER,,,SIMULATED
19540,Aspen Dale Ventures,CONNECT STORES,202605,15906.98,14316.28,1590.7,0.9,PENDING,MTN_INTERNAL_SETTLEMENT,,,SIMULATED
19757,Amber View Ventures,DATA PARTNERS,202605,15906.96,9544.18,6362.78,0.6,PARTIALLY_PAID,BANK_TRANSFER,2026-06-30,HIGH_UNQUALIFIED_RATE,SIMULATED
219047,Amber View Ventures,ENTERPRISE BUSINESS,202605,15906.939999999999,14316.25,1590.69,0.9,PENDING,BANK_TRANSFER,,,SIMULATED
367087,Meadow Stream Trading,PENTAGON FRANCHISE,202605,15750.69,14175.62,1575.07,0.9,PENDING,BANK_TRANSFER,,,SIMULATED
392087,Fern Point Networks,PENTAGON FRANCHISE,202605,15488.369999999999,13939.53,1548.84,0.9,PENDING,BANK_TRANSFER,,,SIMULATED
20044,Teal Ridge Ventures,DEALER,202605,15488.329999999998,13939.5,1548.83,0.9,PENDING,BANK_TRANSFER,,,SIMULATED
19435,Spruce Moon Trading,DATA PARTNERS,202605,15488.329999999998,13939.5,1548.83,0.9,PENDING,BANK_TRANSFER,,,SIMULATED
378071,Meadow Reach Ventures,PENTAGON FRANCHISE,202605,15332.079999999998,13798.87,1533.21,0.9,PENDING,BANK_TRANSFER,,,SIMULATED
19541,Aspen Dale Ventures,CONNECT STORES,202605,15069.76,13562.78,1506.98,0.9,PENDING,MTN_INTERNAL_SETTLEMENT,,,SIMULATED
19905,Linden Valley Ventures,CONNECT STORES,202605,15069.759999999998,9041.86,6027.9,0.6,PARTIALLY_PAID,MTN_INTERNAL_SETTLEMENT,2026-06-30,HIGH_UNQUALIFIED_RATE,SIMULATED
19794,Jade Lake Communications,CONNECT STORES,202605,15069.739999999998,9041.84,6027.9,0.6,PARTIALLY_PAID,MTN_INTERNAL_SETTLEMENT,2026-06-30,HIGH_UNQUALIFIED_RATE,SIMULATED
19787,Maple Wave Networks,CONNECT STORES,202605,15069.739999999998,13562.77,1506.97,0.9,PENDING,MTN_INTERNAL_SETTLEMENT,,,SIMULATED
430143,Topaz Trail Trading,PENTAGON FRANCHISE,202605,15069.72,9041.83,6027.89,0.6,PARTIALLY_PAID,BANK_TRANSFER,2026-06-30,HIGH_UNQUALIFIED_RATE,SIMULATED
206054,Orchid Crown Communications,FIXED BROADBAND,202605,15069.72,13562.75,1506.97,0.9,PENDING,BANK_TRANSFER,,,SIMULATED
314061,Linden Bay Trading,PENTAGON FRANCHISE,202605,15069.719999999998,13562.75,1506.97,0.9,PENDING,BANK_TRANSFER,,,SIMULATED
290073,Indigo Wind Communications,PENTAGON FRANCHISE,202605,15069.719999999998,13562.75,1506.97,0.9,PENDING,BANK_TRANSFER,,,SIMULATED
19408,Sunset Wood Networks,DEALER,202605,14651.15,13186.03,1465.12,0.9,PENDING,BANK_TRANSFER,,,SIMULATED
45025,Sage Sky Trading,DATA PARTNERS,202605,14651.13,13186.02,1465.11,0.9,PENDING,BANK_TRANSFER,,,SIMULATED
21251,Dawn Delta Networks,DATA PARTNERS,202605,14651.13,13186.02,1465.11,0.9,PENDING,BANK_TRANSFER,,,SIMULATED
19410,Opal Grove Ventures,DATA PARTNERS,202605,14651.129999999997,13186.02,1465.11,0.9,PENDING,BANK_TRANSFER,,,SIMULATED
294092,Linden Lake Ventures,PENTAGON FRANCHISE,202605,14651.129999999997,13186.02,1465.11,0.9,PENDING,BANK_TRANSFER,,,SIMULATED
21218,Pearl Meadow Ventures,DATA PARTNERS,202605,14232.539999999999,12809.29,1423.25,0.9,PENDING,BANK_TRANSFER,,,SIMULATED
306060,Orchid Stone Networks,PENTAGON FRANCHISE,202605,14232.539999999999,12809.29,1423.25,0.9,PENDING,BANK_TRANSFER,,,SIMULATED
357098,Fern Meadow Ventures,PENTAGON FRANCHISE,202605,13813.909999999998,12432.52,1381.39,0.9,PENDING,BANK_TRANSFER,,,SIMULATED
319060,Teal Grove Networks,PENTAGON FRANCHISE,202605,13813.909999999998,12432.52,1381.39,0.9,PENDING,BANK_TRANSFER,,,SIMULATED
379099,Birch Field Ventures,PENTAGON FRANCHISE,202605,13813.909999999998,12432.52,1381.39,0.9,PENDING,BANK_TRANSFER,,,SIMULATED
357073,Harbor Shore Communications,PENTAGON FRANCHISE,202605,13813.909999999998,12432.52,1381.39,0.9,PENDING,BANK_TRANSFER,,,SIMULATED
353066,Crystal Stream Networks,PENTAGON FRANCHISE,202605,13813.909999999998,12432.52,1381.39,0.9,PENDING,BANK_TRANSFER,,,SIMULATED
365076,Dawn Star Ventures,PENTAGON FRANCHISE,202605,13657.659999999998,12291.89,1365.77,0.9,PENDING,BANK_TRANSFER,,,SIMULATED
388083,Maple Port Trading,ENTERPRISE BUSINESS,202605,13395.32,12055.79,1339.53,0.9,PENDING,BANK_TRANSFER,,,SIMULATED
382121,Stone Ridge Networks,PENTAGON FRANCHISE,202605,13239.07,11915.16,1323.91,0.9,PENDING,BANK_TRANSFER,,,SIMULATED
357064,Spruce Leaf Trading,PENTAGON FRANCHISE,202605,13239.07,11915.16,1323.91,0.9,PENDING,BANK_TRANSFER,,,SIMULATED
47026,Forest Hill Trading,ENTERPRISE BUSINESS,202605,13239.05,11915.15,1323.9,0.9,PENDING,BANK_TRANSFER,,,SIMULATED
19450,Quartz Isle Networks,CONNECT STORES,202605,13239.05,11915.15,1323.9,0.9,PENDING,MTN_INTERNAL_SETTLEMENT,,,SIMULATED
334061,Juniper Moon Networks,PENTAGON FRANCHISE,202605,12976.75,11679.08,1297.67,0.9,PENDING,BANK_TRANSFER,,,SIMULATED
344063,Sunset Bay Ventures,PENTAGON FRANCHISE,202605,12976.71,11679.04,1297.67,0.9,PENDING,BANK_TRANSFER,,,SIMULATED
329064,Willow Stone Trading,PENTAGON FRANCHISE,202605,12976.71,11679.04,1297.67,0.9,PENDING,BANK_TRANSFER,,,SIMULATED
355066,Elm Shore Networks,PENTAGON FRANCHISE,202605,12976.71,11679.04,1297.67,0.9,PENDING,BANK_TRANSFER,,,SIMULATED
341061,Hazel Park Communications,PENTAGON FRANCHISE,202605,12976.709999999997,11679.04,1297.67,0.9,PENDING,BANK_TRANSFER,,,SIMULATED
430142,Sunset Horizon Networks,PENTAGON FRANCHISE,202605,12820.46,11538.41,1282.05,0.9,PENDING,BANK_TRANSFER,,,SIMULATED
19956,Golden Port Ventures,DATA PARTNERS,202605,12558.14,11302.33,1255.81,0.9,PENDING,BANK_TRANSFER,,,SIMULATED
19484,Coral Wood Communications,DATA PARTNERS,202605,12558.12,11302.31,1255.81,0.9,PENDING,BANK_TRANSFER,,,SIMULATED
19676,Ivory Crest Ventures,DATA PARTNERS,202605,12558.119999999999,11302.31,1255.81,0.9,PENDING,BANK_TRANSFER,,,SIMULATED
19510,Winter Horizon Networks,DATA PARTNERS,202605,12558.119999999999,11302.31,1255.81,0.9,PENDING,BANK_TRANSFER,,,SIMULATED
350060,Amber Hill Trading,PENTAGON FRANCHISE,202605,12558.119999999999,11302.31,1255.81,0.9,PENDING,BANK_TRANSFER,,,SIMULATED
19429,Raven Valley Networks,DATA PARTNERS,202605,12558.099999999999,11302.29,1255.81,0.9,PENDING,BANK_TRANSFER,,,SIMULATED
347058,River Isle Networks,DEALER,202605,12558.099999999999,11302.29,1255.81,0.9,PENDING,BANK_TRANSFER,,,SIMULATED
19321,Ember Coast Trading,DEALER,202605,12558.099999999999,11302.29,1255.81,0.9,PENDING,BANK_TRANSFER,,,SIMULATED
206056,Jade Arc Ventures,CONNECT STORES,202605,12558.099999999999,11302.29,1255.81,0.9,PENDING,MTN_INTERNAL_SETTLEMENT,,,SIMULATED
357071,Spruce Light Communications,PENTAGON FRANCHISE,202605,12558.099999999999,11302.29,1255.81,0.9,PENDING,BANK_TRANSFER,,,SIMULATED
19482,Olive Light Trading,DATA PARTNERS,202605,12558.099999999997,11302.29,1255.81,0.9,PENDING,BANK_TRANSFER,,,SIMULATED
337060,Rowan Lake Communications,PENTAGON FRANCHISE,202605,12558.099999999997,11302.29,1255.81,0.9,PENDING,BANK_TRANSFER,,,SIMULATED
206068,Jade Lake Communications,ENTERPRISE BUSINESS,202605,12401.849999999999,11161.66,1240.19,0.9,PENDING,BANK_TRANSFER,,,SIMULATED
365108,Laurel Glen Trading,PENTAGON FRANCHISE,202605,12401.849999999999,11161.66,1240.19,0.9,PENDING,BANK_TRANSFER,,,SIMULATED
19763,Juniper Moon Networks,DATA PARTNERS,202605,12139.53,10925.58,1213.95,0.9,PENDING,BANK_TRANSFER,,,SIMULATED
146041,Oak Crest Networks,CONNECT HUB,202605,12139.529999999999,10925.58,1213.95,0.9,PENDING,MTN_INTERNAL_SETTLEMENT,,,SIMULATED
65033,Sunset Path Trading,CONNECT HUB,202605,12139.529999999999,10925.58,1213.95,0.9,PENDING,MTN_INTERNAL_SETTLEMENT,,,SIMULATED
19862,Olive Moon Ventures,CONNECT STORES,202605,12139.529999999999,10925.58,1213.95,0.9,PENDING,MTN_INTERNAL_SETTLEMENT,,,SIMULATED
350071,Meadow Beacon Networks,PENTAGON FRANCHISE,202605,12139.51,10925.56,1213.95,0.9,PENDING,BANK_TRANSFER,,,SIMULATED
358060,Golden Valley Communications,PENTAGON FRANCHISE,202605,11983.24,10784.92,1198.32,0.9,PENDING,BANK_TRANSFER,,,SIMULATED
19544,Aspen View Networks,DATA PARTNERS,202605,11720.92,4688.37,7032.55,0.4,DISPUTED,BANK_TRANSFER,,CONFIRMED_MISMATCH,SIMULATED
71045,Ivory Bay Ventures,DATA PARTNERS,202605,11720.92,10548.83,1172.09,0.9,PENDING,BANK_TRANSFER,,,SIMULATED
19328,Golden Dale Communications,DEALER,202605,11720.919999999998,10548.83,1172.09,0.9,PENDING,BANK_TRANSFER,,,SIMULATED
19950,Jade Brook Communications,DATA PARTNERS,202605,11720.9,10548.81,1172.09,0.9,PENDING,BANK_TRANSFER,,,SIMULATED
412111,Topaz Isle Networks,PENTAGON FRANCHISE,202605,11564.65,10408.18,1156.47,0.9,PENDING,BANK_TRANSFER,,,SIMULATED
282053,Swift Moon Communications,ENTERPRISE BUSINESS,202605,11302.31,10172.08,1130.23,0.9,PENDING,BANK_TRANSFER,,,SIMULATED
19391,Olive Gate Trading,DATA PARTNERS,202605,11302.289999999999,10172.06,1130.23,0.9,PENDING,BANK_TRANSFER,,,SIMULATED
413177,Ruby Moon Ventures,ENTERPRISE BUSINESS,202605,11302.289999999999,10172.06,1130.23,0.9,PENDING,BANK_TRANSFER,,,SIMULATED
19918,Sunset Path Trading,CONNECT STORES,202605,11302.289999999999,10172.06,1130.23,0.9,PENDING,MTN_INTERNAL_SETTLEMENT,,,SIMULATED
19454,Hazel Hill Ventures,DATA PARTNERS,202605,11302.289999999999,10172.06,1130.23,0.9,PENDING,BANK_TRANSFER,,,SIMULATED
358059,Stone View Ventures,PENTAGON FRANCHISE,202605,11146.039999999999,10031.44,1114.6,0.9,PENDING,BANK_TRANSFER,,,SIMULATED
350062,Hazel Meadow Trading,PENTAGON FRANCHISE,202605,10883.7,9795.33,1088.37,0.9,PENDING,BANK_TRANSFER,,,SIMULATED
349080,Topaz Glen Communications,PENTAGON FRANCHISE,202605,10883.7,9795.33,1088.37,0.9,PENDING,BANK_TRANSFER,,,SIMULATED
19481,Orchid Point Networks,DATA PARTNERS,202605,10883.699999999999,9795.33,1088.37,0.9,PENDING,BANK_TRANSFER,,,SIMULATED
19678,Quartz Dale Ventures,DATA PARTNERS,202605,10883.699999999999,9795.33,1088.37,0.9,PENDING,BANK_TRANSFER,,,SIMULATED
410086,Willow Light Ventures,PENTAGON FRANCHISE,202605,10727.43,9654.69,1072.74,0.9,PENDING,BANK_TRANSFER,,,SIMULATED
19362,Fern Wood Ventures,DATA PARTNERS,202605,10465.09,9418.58,1046.51,0.9,PENDING,BANK_TRANSFER,,,SIMULATED
328065,Willow Port Networks,PENTAGON FRANCHISE,202605,10465.09,9418.58,1046.51,0.9,PENDING,BANK_TRANSFER,,,SIMULATED
349069,Indigo Wind Trading,PENTAGON FRANCHISE,202605,10465.089999999998,9418.58,1046.51,0.9,PENDING,BANK_TRANSFER,,,SIMULATED
19741,Indigo Crown Networks,CONNECT STORES,202605,10465.089999999998,9418.58,1046.51,0.9,PENDING,MTN_INTERNAL_SETTLEMENT,,,SIMULATED
132031,Coral Point Ventures,CONNECT HUB,202605,10465.089999999998,9418.58,1046.51,0.9,PENDING,MTN_INTERNAL_SETTLEMENT,,,SIMULATED
319063,Willow Shore Communications,PENTAGON FRANCHISE,202605,10465.089999999998,9418.58,1046.51,0.9,PENDING,BANK_TRANSFER,,,SIMULATED
19982,River Stone Trading,DATA PARTNERS,202605,10046.52,9041.87,1004.65,0.9,PENDING,BANK_TRANSFER,,,SIMULATED
365081,Spruce Grove Ventures,PENTAGON FRANCHISE,202605,10046.5,9041.85,1004.65,0.9,PENDING,BANK_TRANSFER,,,SIMULATED
327083,Teal Hill Communications,PENTAGON FRANCHISE,202605,10046.48,9041.83,1004.65,0.9,PENDING,BANK_TRANSFER,,,SIMULATED
19350,Sage Glen Ventures,CONNECT STORES,202605,10046.48,9041.83,1004.65,0.9,PENDING,MTN_INTERNAL_SETTLEMENT,,,SIMULATED
413175,Ruby Hill Ventures,PENTAGON FRANCHISE,202605,10046.48,9041.83,1004.65,0.9,PENDING,BANK_TRANSFER,,,SIMULATED
19416,Harbor Ridge Trading,DATA PARTNERS,202605,10046.48,9041.83,1004.65,0.9,PENDING,BANK_TRANSFER,,,SIMULATED
332061,Swift Grove Trading,PENTAGON FRANCHISE,202605,10046.48,9041.83,1004.65,0.9,PENDING,BANK_TRANSFER,,,SIMULATED
437144,Willow Bay Trading,PENTAGON FRANCHISE,202605,10046.48,9041.83,1004.65,0.9,PENDING,BANK_TRANSFER,,,SIMULATED
19949,Forest Light Trading,DATA PARTNERS,202605,10046.48,9041.83,1004.65,0.9,PENDING,BANK_TRANSFER,,,SIMULATED
159043,Aspen Sky Trading,CONNECT HUB,202605,10046.479999999998,9041.83,1004.65,0.9,PENDING,MTN_INTERNAL_SETTLEMENT,,,SIMULATED
345064,Meadow Haven Networks,PENTAGON FRANCHISE,202605,9890.23,8901.21,989.02,0.9,PENDING,BANK_TRANSFER,,,SIMULATED
357068,Ruby Sky Trading,PENTAGON FRANCHISE,202605,9627.91,8665.12,962.79,0.9,PENDING,BANK_TRANSFER,,,SIMULATED
19662,Cedar Hill Networks,DATA PARTNERS,202605,9627.89,8665.1,962.79,0.9,PENDING,BANK_TRANSFER,,,SIMULATED
329072,Pine Bay Trading,PENTAGON FRANCHISE,202605,9627.89,8665.1,962.79,0.9,PENDING,BANK_TRANSFER,,,SIMULATED
19322,Ember Coast Trading,DEALER,202605,9627.89,8665.1,962.79,0.9,PENDING,BANK_TRANSFER,,,SIMULATED
430144,Golden Bay Communications,PENTAGON FRANCHISE,202605,9627.89,8665.1,962.79,0.9,PENDING,BANK_TRANSFER,,,SIMULATED
409090,Cedar Isle Ventures,PENTAGON FRANCHISE,202605,9471.619999999999,8524.46,947.16,0.9,PENDING,BANK_TRANSFER,,,SIMULATED
313062,Laurel Leaf Trading,ENTERPRISE BUSINESS,202605,9471.619999999999,8524.46,947.16,0.9,PENDING,BANK_TRANSFER,,,SIMULATED
368078,Raven Wave Ventures,PENTAGON FRANCHISE,202605,9471.619999999999,8524.46,947.16,0.9,PENDING,BANK_TRANSFER,,,SIMULATED
350067,Amber Horizon Communications,ENTERPRISE BUSINESS,202605,9471.619999999999,8524.46,947.16,0.9,PENDING,BANK_TRANSFER,,,SIMULATED
113047,Quartz Crown Networks,CONNECT HUB,202605,9471.619999999999,8524.46,947.16,0.9,PENDING,MTN_INTERNAL_SETTLEMENT,,,SIMULATED
372071,Birch Ridge Communications,PENTAGON FRANCHISE,202605,9471.619999999999,8524.46,947.16,0.9,PENDING,BANK_TRANSFER,,,SIMULATED
400091,Olive Vale Trading,PENTAGON FRANCHISE,202605,9471.619999999999,8524.46,947.16,0.9,PENDING,BANK_TRANSFER,,,SIMULATED
342069,Aspen Reach Ventures,PENTAGON FRANCHISE,202605,9471.619999999999,8524.46,947.16,0.9,PENDING,BANK_TRANSFER,,,SIMULATED
322064,Ivory Valley Trading,PENTAGON FRANCHISE,202605,9471.619999999999,5682.97,3788.65,0.6,PARTIALLY_PAID,BANK_TRANSFER,2026-06-30,HIGH_UNQUALIFIED_RATE,SIMULATED
337075,Sage Crown Ventures,PENTAGON FRANCHISE,202605,9471.619999999999,8524.46,947.16,0.9,PENDING,BANK_TRANSFER,,,SIMULATED
19475,Fern Coast Trading,DEALER,202605,9209.3,8288.37,920.93,0.9,PENDING,BANK_TRANSFER,,,SIMULATED
19656,Ivory Hill Communications,DATA PARTNERS,202605,9209.279999999999,8288.35,920.93,0.9,PENDING,BANK_TRANSFER,,,SIMULATED
19567,Teal Ridge Trading,DATA PARTNERS,202605,8790.69,5274.41,3516.28,0.6,PARTIALLY_PAID,BANK_TRANSFER,2026-06-30,HIGH_UNQUALIFIED_RATE,SIMULATED
353065,Azure Spring Trading,PENTAGON FRANCHISE,202605,8790.689999999999,7911.62,879.07,0.9,PENDING,BANK_TRANSFER,,,SIMULATED
19397,Dawn Delta Ventures,DATA PARTNERS,202605,8790.689999999999,7911.62,879.07,0.9,PENDING,BANK_TRANSFER,,,SIMULATED
342072,Coral Spring Networks,PENTAGON FRANCHISE,202605,8790.67,7911.6,879.07,0.9,PENDING,BANK_TRANSFER,,,SIMULATED
295076,Dawn Park Communications,PENTAGON FRANCHISE,202605,8790.67,7911.6,879.07,0.9,PENDING,BANK_TRANSFER,,,SIMULATED
344064,Silver Shore Networks,PENTAGON FRANCHISE,202605,8790.67,7911.6,879.07,0.9,PENDING,BANK_TRANSFER,,,SIMULATED
319061,Teal Vale Trading,PENTAGON FRANCHISE,202605,8790.669999999998,7911.6,879.07,0.9,PENDING,BANK_TRANSFER,,,SIMULATED
405096,Ruby View Communications,PENTAGON FRANCHISE,202605,8372.1,7534.89,837.21,0.9,PENDING,BANK_TRANSFER,,,SIMULATED
366070,Forest Point Communications,PENTAGON FRANCHISE,202605,8372.1,7534.89,837.21,0.9,PENDING,BANK_TRANSFER,,,SIMULATED
418142,Maple Beacon Ventures,PENTAGON FRANCHISE,202605,8372.1,7534.89,837.21,0.9,PENDING,BANK_TRANSFER,,,SIMULATED
19681,Forest Vale Communications,CONNECT STORES,202605,8372.1,5023.26,3348.84,0.6,PARTIALLY_PAID,MTN_INTERNAL_SETTLEMENT,2026-06-30,HIGH_UNQUALIFIED_RATE,SIMULATED
19515,Hazel Moon Networks,DATA PARTNERS,202605,8372.079999999998,7534.87,837.21,0.9,PENDING,BANK_TRANSFER,,,SIMULATED
296061,Stone Brook Networks,PENTAGON FRANCHISE,202605,8215.81,7394.23,821.58,0.9,PENDING,BANK_TRANSFER,,,SIMULATED
452147,Stone Stone Trading,PENTAGON FRANCHISE,202605,8215.81,7394.23,821.58,0.9,PENDING,BANK_TRANSFER,,,SIMULATED
360065,Oak Gate Trading,PENTAGON FRANCHISE,202605,8215.81,7394.23,821.58,0.9,PENDING,BANK_TRANSFER,,,SIMULATED
281059,Elm Port Communications,PENTAGON FRANCHISE,202605,8215.81,7394.23,821.58,0.9,PENDING,BANK_TRANSFER,,,SIMULATED
365128,Amber View Ventures,PENTAGON FRANCHISE,202605,8215.81,4929.49,3286.32,0.6,PARTIALLY_PAID,BANK_TRANSFER,2026-06-30,HIGH_UNQUALIFIED_RATE,SIMULATED
360063,Teal Ridge Ventures,PENTAGON FRANCHISE,202605,7953.469999999999,7158.12,795.35,0.9,PENDING,BANK_TRANSFER,,,SIMULATED
281062,Jade Delta Networks,PENTAGON FRANCHISE,202605,7953.469999999999,7158.12,795.35,0.9,PENDING,BANK_TRANSFER,,,SIMULATED
413181,Teal Dale Networks,ENTERPRISE BUSINESS,202605,7953.469999999999,7158.12,795.35,0.9,PENDING,BANK_TRANSFER,,,SIMULATED
355060,Silver Wave Networks,PENTAGON FRANCHISE,202605,7953.469999999999,7158.12,795.35,0.9,PENDING,BANK_TRANSFER,,,SIMULATED
361069,Forest Reach Communications,PENTAGON FRANCHISE,202605,7534.88,6781.39,753.49,0.9,PENDING,BANK_TRANSFER,,,SIMULATED
337071,Jade View Ventures,PENTAGON FRANCHISE,202605,7534.879999999999,6781.39,753.49,0.9,PENDING,BANK_TRANSFER,,,SIMULATED
19755,Amber View Ventures,DEALER,202605,7534.86,6781.37,753.49,0.9,PENDING,BANK_TRANSFER,,,SIMULATED
357067,Teal Meadow Networks,PENTAGON FRANCHISE,202605,7534.86,4520.92,3013.94,0.6,PARTIALLY_PAID,BANK_TRANSFER,2026-06-30,HIGH_UNQUALIFIED_RATE,SIMULATED
296060,Opal Ridge Communications,PENTAGON FRANCHISE,202605,7534.86,4520.92,3013.94,0.6,PARTIALLY_PAID,BANK_TRANSFER,2026-06-30,HIGH_UNQUALIFIED_RATE,SIMULATED
19625,Topaz Coast Communications,CONNECT STORES,202605,7534.86,4520.92,3013.94,0.6,PARTIALLY_PAID,MTN_INTERNAL_SETTLEMENT,2026-06-30,HIGH_UNQUALIFIED_RATE,SIMULATED
328066,Dawn Field Communications,PENTAGON FRANCHISE,202605,7534.859999999999,6781.37,753.49,0.9,PENDING,BANK_TRANSFER,,,SIMULATED
338060,Indigo Bridge Communications,PENTAGON FRANCHISE,202605,7534.859999999999,6781.37,753.49,0.9,PENDING,BANK_TRANSFER,,,SIMULATED
357058,Willow Wave Communications,PENTAGON FRANCHISE,202605,7534.859999999999,6781.37,753.49,0.9,PENDING,BANK_TRANSFER,,,SIMULATED
126032,Rowan Hill Trading,CONNECT HUB,202605,7534.859999999999,4520.92,3013.94,0.6,PARTIALLY_PAID,MTN_INTERNAL_SETTLEMENT,2026-06-30,HIGH_UNQUALIFIED_RATE,SIMULATED
345069,Linden Leaf Networks,PENTAGON FRANCHISE,202605,7534.859999999999,6781.37,753.49,0.9,PENDING,BANK_TRANSFER,,,SIMULATED
345063,Golden Spring Ventures,PENTAGON FRANCHISE,202605,7534.859999999999,6781.37,753.49,0.9,PENDING,BANK_TRANSFER,,,SIMULATED
19832,Amber Beacon Trading,DEALER,202605,7534.859999999999,6781.37,753.49,0.9,PENDING,BANK_TRANSFER,,,SIMULATED
413182,Crystal Light Networks,ENTERPRISE BUSINESS,202605,7534.859999999999,6781.37,753.49,0.9,PENDING,BANK_TRANSFER,,,SIMULATED
19578,Topaz Bridge Trading,CONNECT STORES,202605,7534.859999999999,6781.37,753.49,0.9,PENDING,MTN_INTERNAL_SETTLEMENT,,,SIMULATED
341071,Elm Bridge Ventures,PENTAGON FRANCHISE,202605,7534.859999999999,4520.92,3013.94,0.6,PARTIALLY_PAID,BANK_TRANSFER,2026-06-30,HIGH_UNQUALIFIED_RATE,SIMULATED
350072,Meadow Light Networks,PENTAGON FRANCHISE,202605,7534.859999999999,6781.37,753.49,0.9,PENDING,BANK_TRANSFER,,,SIMULATED
345062,Fern Park Networks,PENTAGON FRANCHISE,202605,7534.859999999999,6781.37,753.49,0.9,PENDING,BANK_TRANSFER,,,SIMULATED
20031,Dawn Spring Communications,DATA PARTNERS,202605,7116.27,6404.64,711.63,0.9,PENDING,BANK_TRANSFER,,,SIMULATED
19742,Indigo Crown Networks,CONNECT STORES,202605,7116.27,6404.64,711.63,0.9,PENDING,MTN_INTERNAL_SETTLEMENT,,,SIMULATED
19751,Teal Beacon Communications,DATA PARTNERS,202605,7116.269999999999,6404.64,711.63,0.9,PENDING,BANK_TRANSFER,,,SIMULATED
329063,Spruce Field Trading,PENTAGON FRANCHISE,202605,6697.68,6027.91,669.77,0.9,PENDING,BANK_TRANSFER,,,SIMULATED
391082,Cedar Point Networks,PENTAGON FRANCHISE,202605,6697.66,6027.89,669.77,0.9,PENDING,BANK_TRANSFER,,,SIMULATED
317058,Coral Gate Ventures,PENTAGON FRANCHISE,202605,6697.66,6027.89,669.77,0.9,PENDING,BANK_TRANSFER,,,SIMULATED
19514,Pearl Crest Communications,DEALER,202605,6697.66,6027.89,669.77,0.9,PENDING,BANK_TRANSFER,,,SIMULATED
365122,Laurel Isle Communications,PENTAGON FRANCHISE,202605,6279.07,2511.63,3767.44,0.4,DISPUTED,BANK_TRANSFER,,CONFIRMED_MISMATCH,SIMULATED
368077,Amber Light Networks,PENTAGON FRANCHISE,202605,6279.07,5651.16,627.91,0.9,PENDING,BANK_TRANSFER,,,SIMULATED
391086,Laurel Bridge Communications,ENTERPRISE BUSINESS,202605,6279.07,5651.16,627.91,0.9,PENDING,BANK_TRANSFER,,,SIMULATED
129044,Willow Shore Communications,ENTERPRISE BUSINESS,202605,6279.07,5651.16,627.91,0.9,PENDING,BANK_TRANSFER,,,SIMULATED
19783,Raven Isle Communications,DEALER,202605,6279.049999999999,5651.14,627.91,0.9,PENDING,BANK_TRANSFER,,,SIMULATED
400086,Azure Trail Networks,PENTAGON FRANCHISE,202605,6279.049999999999,5651.14,627.91,0.9,PENDING,BANK_TRANSFER,,,SIMULATED
19471,Harbor Grove Networks,DEALER,202605,6279.049999999999,5651.14,627.91,0.9,PENDING,BANK_TRANSFER,,,SIMULATED
328067,Sunset Valley Trading,PENTAGON FRANCHISE,202605,6279.049999999999,5651.14,627.91,0.9,PENDING,BANK_TRANSFER,,,SIMULATED
435144,Elm View Networks,PENTAGON FRANCHISE,202605,6279.049999999999,5651.14,627.91,0.9,PENDING,BANK_TRANSFER,,,SIMULATED
61028,Oak Leaf Communications,DATA PARTNERS,202605,6279.049999999999,5651.14,627.91,0.9,PENDING,BANK_TRANSFER,,,SIMULATED
19833,Flint Port Ventures,CONNECT STORES,202605,6279.049999999999,3767.43,2511.62,0.6,PARTIALLY_PAID,MTN_INTERNAL_SETTLEMENT,2026-06-30,HIGH_UNQUALIFIED_RATE,SIMULATED
19666,Fern Port Ventures,DATA PARTNERS,202605,6279.049999999999,5651.14,627.91,0.9,PENDING,BANK_TRANSFER,,,SIMULATED
176057,Fern Shore Ventures,DEALER,202605,6279.049999999999,5651.14,627.91,0.9,PENDING,BANK_TRANSFER,,,SIMULATED
455155,Jade Arc Ventures,CONNECT HUB,202605,6279.049999999999,5651.14,627.91,0.9,PENDING,MTN_INTERNAL_SETTLEMENT,,,SIMULATED
349089,Coral Reach Trading,ENTERPRISE BUSINESS,202605,6279.049999999999,5651.14,627.91,0.9,PENDING,BANK_TRANSFER,,,SIMULATED
372073,Amber Meadow Ventures,PENTAGON FRANCHISE,202605,6279.049999999999,5651.14,627.91,0.9,PENDING,BANK_TRANSFER,,,SIMULATED
358071,Crystal Leaf Communications,PENTAGON FRANCHISE,202605,6279.049999999999,5651.14,627.91,0.9,PENDING,BANK_TRANSFER,,,SIMULATED
19527,Hazel Sky Trading,CONNECT STORES,202605,6279.049999999999,5651.14,627.91,0.9,PENDING,MTN_INTERNAL_SETTLEMENT,,,SIMULATED
360064,Flint Crest Trading,PENTAGON FRANCHISE,202605,6279.049999999999,5651.14,627.91,0.9,PENDING,BANK_TRANSFER,,,SIMULATED
373074,Orchid Moon Ventures,PENTAGON FRANCHISE,202605,5860.46,5274.41,586.05,0.9,PENDING,BANK_TRANSFER,,,SIMULATED
19776,Cedar Grove Trading,DEALER,202605,5860.46,5274.41,586.05,0.9,PENDING,BANK_TRANSFER,,,SIMULATED
368079,Linden Light Ventures,PENTAGON FRANCHISE,202605,5860.459999999999,5274.41,586.05,0.9,PENDING,BANK_TRANSFER,,,SIMULATED
405095,Jade Bay Networks,PENTAGON FRANCHISE,202605,5860.459999999999,5274.41,586.05,0.9,PENDING,BANK_TRANSFER,,,SIMULATED
369074,Teal Grove Ventures,PENTAGON FRANCHISE,202605,5860.459999999999,5274.41,586.05,0.9,PENDING,BANK_TRANSFER,,,SIMULATED
19660,Coral Haven Networks,DEALER,202605,5860.459999999999,5274.41,586.05,0.9,PENDING,BANK_TRANSFER,,,SIMULATED
19658,Fern Meadow Communications,DATA PARTNERS,202605,5860.459999999999,5274.41,586.05,0.9,PENDING,BANK_TRANSFER,,,SIMULATED
423159,Raven Moon Communications,PENTAGON FRANCHISE,202605,5441.85,4897.67,544.18,0.9,PENDING,BANK_TRANSFER,,,SIMULATED
322066,Winter Shore Trading,PENTAGON FRANCHISE,202605,5441.85,4897.67,544.18,0.9,PENDING,BANK_TRANSFER,,,SIMULATED
400088,River Lake Trading,PENTAGON FRANCHISE,202605,5441.85,4897.67,544.18,0.9,PENDING,BANK_TRANSFER,,,SIMULATED
368083,Topaz View Networks,PENTAGON FRANCHISE,202605,5441.85,4897.67,544.18,0.9,PENDING,BANK_TRANSFER,,,SIMULATED
385084,Sunset Grove Trading,PENTAGON FRANCHISE,202605,5441.85,4897.67,544.18,0.9,PENDING,BANK_TRANSFER,,,SIMULATED
45024,Crystal Wind Ventures,DATA PARTNERS,202605,5441.85,3265.11,2176.74,0.6,PARTIALLY_PAID,BANK_TRANSFER,2026-06-30,HIGH_UNQUALIFIED_RATE,SIMULATED
294087,Aspen Delta Networks,PENTAGON FRANCHISE,202605,5441.85,4897.67,544.18,0.9,PENDING,BANK_TRANSFER,,,SIMULATED
314064,Aspen Peak Ventures,PENTAGON FRANCHISE,202605,5441.85,4897.67,544.18,0.9,PENDING,BANK_TRANSFER,,,SIMULATED
19697,Birch Bay Communications,DATA PARTNERS,202605,5441.85,4897.67,544.18,0.9,PENDING,BANK_TRANSFER,,,SIMULATED
350066,Forest Valley Trading,ENTERPRISE BUSINESS,202605,5023.26,4520.93,502.33,0.9,PENDING,BANK_TRANSFER,,,SIMULATED
416150,Juniper Coast Ventures,PENTAGON FRANCHISE,202605,5023.26,4520.93,502.33,0.9,PENDING,BANK_TRANSFER,,,SIMULATED
296074,Fern Isle Trading,ENTERPRISE BUSINESS,202605,5023.26,4520.93,502.33,0.9,PENDING,BANK_TRANSFER,,,SIMULATED
379080,Cedar Gate Networks,PENTAGON FRANCHISE,202605,5023.26,4520.93,502.33,0.9,PENDING,BANK_TRANSFER,,,SIMULATED
361067,Fern Isle Trading,PENTAGON FRANCHISE,202605,5023.26,4520.93,502.33,0.9,PENDING,BANK_TRANSFER,,,SIMULATED
328064,Orchid Dale Communications,PENTAGON FRANCHISE,202605,5023.24,3013.94,2009.3,0.6,PARTIALLY_PAID,BANK_TRANSFER,2026-06-30,HIGH_UNQUALIFIED_RATE,SIMULATED
294132,Willow Isle Ventures,PENTAGON FRANCHISE,202605,5023.24,4520.92,502.32,0.9,PENDING,BANK_TRANSFER,,,SIMULATED
19412,Jade Lake Ventures,DEALER,202605,5023.24,4520.92,502.32,0.9,PENDING,BANK_TRANSFER,,,SIMULATED
339065,Teal Wind Networks,PENTAGON FRANCHISE,202605,5023.24,4520.92,502.32,0.9,PENDING,BANK_TRANSFER,,,SIMULATED
342075,Ruby Glen Trading,PENTAGON FRANCHISE,202605,5023.24,4520.92,502.32,0.9,PENDING,BANK_TRANSFER,,,SIMULATED
65035,Topaz Bridge Trading,CONNECT HUB,202605,5023.24,4520.92,502.32,0.9,PENDING,MTN_INTERNAL_SETTLEMENT,,,SIMULATED
176051,Maple Point Communications,ENTERPRISE BUSINESS,202605,5023.24,4520.92,502.32,0.9,PENDING,BANK_TRANSFER,,,SIMULATED
389081,Flint Spring Networks,PENTAGON FRANCHISE,202605,5023.24,4520.92,502.32,0.9,PENDING,BANK_TRANSFER,,,SIMULATED
299073,Laurel Shore Trading,PENTAGON FRANCHISE,202605,5023.24,4520.92,502.32,0.9,PENDING,BANK_TRANSFER,,,SIMULATED
382120,Linden Brook Networks,PENTAGON FRANCHISE,202605,5023.24,4520.92,502.32,0.9,PENDING,BANK_TRANSFER,,,SIMULATED
390078,Birch Horizon Ventures,PENTAGON FRANCHISE,202605,5023.24,4520.92,502.32,0.9,PENDING,BANK_TRANSFER,,,SIMULATED
344059,Dawn Wave Ventures,PENTAGON FRANCHISE,202605,5023.24,4520.92,502.32,0.9,PENDING,BANK_TRANSFER,,,SIMULATED
411126,Teal Crown Communications,PENTAGON FRANCHISE,202605,5023.24,4520.92,502.32,0.9,PENDING,BANK_TRANSFER,,,SIMULATED
368075,Orchid Ridge Networks,PENTAGON FRANCHISE,202605,5023.24,4520.92,502.32,0.9,PENDING,BANK_TRANSFER,,,SIMULATED
19407,Sunset Wood Networks,DEALER,202605,5023.24,4520.92,502.32,0.9,PENDING,BANK_TRANSFER,,,SIMULATED
413171,Jade Lake Communications,CONNECT HUB,202605,5023.24,4520.92,502.32,0.9,PENDING,MTN_INTERNAL_SETTLEMENT,,,SIMULATED
294131,Indigo Coast Networks,PENTAGON FRANCHISE,202605,5023.24,4520.92,502.32,0.9,PENDING,BANK_TRANSFER,,,SIMULATED
379076,Winter Wood Trading,PENTAGON FRANCHISE,202605,4604.65,4144.18,460.47,0.9,PENDING,BANK_TRANSFER,,,SIMULATED
337072,Meadow Haven Trading,PENTAGON FRANCHISE,202605,4604.65,4144.18,460.47,0.9,PENDING,BANK_TRANSFER,,,SIMULATED
311076,Ivory Bay Ventures,PENTAGON FRANCHISE,202605,4186.04,3767.44,418.6,0.9,PENDING,BANK_TRANSFER,,,SIMULATED
358061,Sunset Gate Communications,PENTAGON FRANCHISE,202605,4186.04,3767.44,418.6,0.9,PENDING,BANK_TRANSFER,,,SIMULATED
333072,Aspen Reach Networks,PENTAGON FRANCHISE,202605,4186.04,3767.44,418.6,0.9,PENDING,BANK_TRANSFER,,,SIMULATED
364081,Opal Delta Trading,ENTERPRISE BUSINESS,202605,4186.04,3767.44,418.6,0.9,PENDING,BANK_TRANSFER,,,SIMULATED
406085,Coral Ridge Communications,PENTAGON FRANCHISE,202605,4186.04,3767.44,418.6,0.9,PENDING,BANK_TRANSFER,,,SIMULATED
337074,Dawn Haven Trading,PENTAGON FRANCHISE,202605,4186.04,3767.44,418.6,0.9,PENDING,BANK_TRANSFER,,,SIMULATED
280063,Jade Point Ventures,PENTAGON FRANCHISE,202605,4186.04,3767.44,418.6,0.9,PENDING,BANK_TRANSFER,,,SIMULATED
294093,Oak Meadow Communications,PENTAGON FRANCHISE,202605,4186.04,3767.44,418.6,0.9,PENDING,BANK_TRANSFER,,,SIMULATED
287074,Raven Point Ventures,PENTAGON FRANCHISE,202605,3767.43,3390.69,376.74,0.9,PENDING,BANK_TRANSFER,,,SIMULATED
349070,Cedar Vale Ventures,PENTAGON FRANCHISE,202605,3767.43,3390.69,376.74,0.9,PENDING,BANK_TRANSFER,,,SIMULATED
351064,Spruce Peak Communications,PENTAGON FRANCHISE,202605,3767.43,3390.69,376.74,0.9,PENDING,BANK_TRANSFER,,,SIMULATED
332065,Coral Crest Communications,PENTAGON FRANCHISE,202605,3767.43,3390.69,376.74,0.9,PENDING,BANK_TRANSFER,,,SIMULATED
379084,Olive Gate Networks,PENTAGON FRANCHISE,202605,3767.43,3390.69,376.74,0.9,PENDING,BANK_TRANSFER,,,SIMULATED
349081,Harbor Stream Networks,PENTAGON FRANCHISE,202605,3767.43,3390.69,376.74,0.9,PENDING,BANK_TRANSFER,,,SIMULATED
339066,Forest Peak Trading,PENTAGON FRANCHISE,202605,3767.43,3390.69,376.74,0.9,PENDING,BANK_TRANSFER,,,SIMULATED
377072,Crystal Bridge Ventures,PENTAGON FRANCHISE,202605,3767.43,3390.69,376.74,0.9,PENDING,BANK_TRANSFER,,,SIMULATED
280065,Silver Stream Communications,PENTAGON FRANCHISE,202605,3767.43,3390.69,376.74,0.9,PENDING,BANK_TRANSFER,,,SIMULATED
311066,Meadow Grove Networks,PENTAGON FRANCHISE,202605,3767.43,3390.69,376.74,0.9,PENDING,BANK_TRANSFER,,,SIMULATED
328063,Forest Wood Trading,PENTAGON FRANCHISE,202605,3767.43,2260.46,1506.97,0.6,PARTIALLY_PAID,BANK_TRANSFER,2026-06-30,HIGH_UNQUALIFIED_RATE,SIMULATED
335060,Pearl Park Ventures,PENTAGON FRANCHISE,202605,3767.43,3390.69,376.74,0.9,PENDING,BANK_TRANSFER,,,SIMULATED
322063,Pearl Ridge Networks,PENTAGON FRANCHISE,202605,3767.43,2260.46,1506.97,0.6,PARTIALLY_PAID,BANK_TRANSFER,2026-06-30,HIGH_UNQUALIFIED_RATE,SIMULATED
310070,Silver Path Trading,PENTAGON FRANCHISE,202605,3767.43,3390.69,376.74,0.9,PENDING,BANK_TRANSFER,,,SIMULATED
325080,Ember Isle Networks,PENTAGON FRANCHISE,202605,3767.43,3390.69,376.74,0.9,PENDING,BANK_TRANSFER,,,SIMULATED
379087,Jade Glen Ventures,PENTAGON FRANCHISE,202605,3767.43,3390.69,376.74,0.9,PENDING,BANK_TRANSFER,,,SIMULATED
19401,Harbor Moon Communications,CONNECT STORES,202605,3767.43,2260.46,1506.97,0.6,PARTIALLY_PAID,MTN_INTERNAL_SETTLEMENT,2026-06-30,HIGH_UNQUALIFIED_RATE,SIMULATED
19830,Birch Meadow Trading,DEALER,202605,3767.43,3390.69,376.74,0.9,PENDING,BANK_TRANSFER,,,SIMULATED
409092,Coral Haven Communications,PENTAGON FRANCHISE,202605,3767.43,3390.69,376.74,0.9,PENDING,BANK_TRANSFER,,,SIMULATED
280064,Aspen Isle Networks,PENTAGON FRANCHISE,202605,3767.43,3390.69,376.74,0.9,PENDING,BANK_TRANSFER,,,SIMULATED
377071,Ivory Wave Networks,PENTAGON FRANCHISE,202605,3767.43,3390.69,376.74,0.9,PENDING,BANK_TRANSFER,,,SIMULATED
19380,Spruce Wood Ventures,CONNECT STORES,202605,3348.84,2009.3,1339.54,0.6,PARTIALLY_PAID,MTN_INTERNAL_SETTLEMENT,2026-06-30,HIGH_UNQUALIFIED_RATE,SIMULATED
19612,Aspen Sky Trading,DEALER,202605,3348.84,3013.96,334.88,0.9,PENDING,BANK_TRANSFER,,,SIMULATED
411101,Pearl Stone Ventures,PENTAGON FRANCHISE,202605,3348.84,3013.96,334.88,0.9,PENDING,BANK_TRANSFER,,,SIMULATED
416151,River Stream Communications,PENTAGON FRANCHISE,202605,3348.84,3013.96,334.88,0.9,PENDING,BANK_TRANSFER,,,SIMULATED
430141,Crystal Summit Communications,PENTAGON FRANCHISE,202605,3348.84,2009.3,1339.54,0.6,PARTIALLY_PAID,BANK_TRANSFER,2026-06-30,HIGH_UNQUALIFIED_RATE,SIMULATED
365130,Ivory Sky Trading,PENTAGON FRANCHISE,202605,3348.84,3013.96,334.88,0.9,PENDING,BANK_TRANSFER,,,SIMULATED
365113,River Summit Networks,PENTAGON FRANCHISE,202605,3348.84,3013.96,334.88,0.9,PENDING,BANK_TRANSFER,,,SIMULATED
379086,Fern Dale Ventures,PENTAGON FRANCHISE,202605,3348.84,3013.96,334.88,0.9,PENDING,BANK_TRANSFER,,,SIMULATED
386072,Ivory Gate Ventures,PENTAGON FRANCHISE,202605,3348.84,3013.96,334.88,0.9,PENDING,BANK_TRANSFER,,,SIMULATED
395083,Olive Delta Networks,PENTAGON FRANCHISE,202605,3348.84,3013.96,334.88,0.9,PENDING,BANK_TRANSFER,,,SIMULATED
386077,Ivory Trail Communications,PENTAGON FRANCHISE,202605,3348.84,3013.96,334.88,0.9,PENDING,BANK_TRANSFER,,,SIMULATED
356066,Laurel Point Networks,PENTAGON FRANCHISE,202605,2930.23,2637.21,293.02,0.9,PENDING,BANK_TRANSFER,,,SIMULATED
365105,Linden Gate Ventures,PENTAGON FRANCHISE,202605,2930.23,2637.21,293.02,0.9,PENDING,BANK_TRANSFER,,,SIMULATED
345060,Willow Wind Communications,PENTAGON FRANCHISE,202605,2930.23,2637.21,293.02,0.9,PENDING,BANK_TRANSFER,,,SIMULATED
334060,Coral View Communications,PENTAGON FRANCHISE,202605,2930.23,2637.21,293.02,0.9,PENDING,BANK_TRANSFER,,,SIMULATED
294090,Coral Summit Networks,PENTAGON FRANCHISE,202605,2930.23,2637.21,293.02,0.9,PENDING,BANK_TRANSFER,,,SIMULATED
333069,Sage Coast Ventures,PENTAGON FRANCHISE,202605,2930.23,2637.21,293.02,0.9,PENDING,BANK_TRANSFER,,,SIMULATED
319058,Ocean Coast Ventures,PENTAGON FRANCHISE,202605,2930.23,2637.21,293.02,0.9,PENDING,BANK_TRANSFER,,,SIMULATED
19490,Teal Sky Ventures,DEALER,202605,2930.23,2637.21,293.02,0.9,PENDING,BANK_TRANSFER,,,SIMULATED
19786,Maple Wave Networks,CONNECT STORES,202605,2930.23,2637.21,293.02,0.9,PENDING,MTN_INTERNAL_SETTLEMENT,,,SIMULATED
377079,Meadow Haven Networks,PENTAGON FRANCHISE,202605,2930.23,2637.21,293.02,0.9,PENDING,BANK_TRANSFER,,,SIMULATED
365075,Swift Ridge Ventures,PENTAGON FRANCHISE,202605,2930.23,2637.21,293.02,0.9,PENDING,BANK_TRANSFER,,,SIMULATED
107032,Forest Delta Ventures,ENTERPRISE BUSINESS,202605,2930.23,2637.21,293.02,0.9,PENDING,BANK_TRANSFER,,,SIMULATED
327085,Crystal Sky Ventures,PENTAGON FRANCHISE,202605,2930.23,2637.21,293.02,0.9,PENDING,BANK_TRANSFER,,,SIMULATED
115041,Flint Stone Ventures,ENTERPRISE BUSINESS,202605,2930.23,2637.21,293.02,0.9,PENDING,BANK_TRANSFER,,,SIMULATED
314063,Coral Meadow Ventures,PENTAGON FRANCHISE,202605,2511.62,2260.46,251.16,0.9,PENDING,BANK_TRANSFER,,,SIMULATED
294130,Winter Delta Ventures,PENTAGON FRANCHISE,202605,2511.62,2260.46,251.16,0.9,PENDING,BANK_TRANSFER,,,SIMULATED
405089,Rowan Light Communications,DEALER,202605,2511.62,2260.46,251.16,0.9,PENDING,BANK_TRANSFER,,,SIMULATED
344067,Laurel Leaf Trading,PENTAGON FRANCHISE,202605,2511.62,2260.46,251.16,0.9,PENDING,BANK_TRANSFER,,,SIMULATED
455154,Fern Field Networks,CONNECT HUB,202605,2511.62,2260.46,251.16,0.9,PENDING,MTN_INTERNAL_SETTLEMENT,,,SIMULATED
337059,Amber Meadow Networks,PENTAGON FRANCHISE,202605,2511.62,2260.46,251.16,0.9,PENDING,BANK_TRANSFER,,,SIMULATED
380074,Elm Wood Networks,PENTAGON FRANCHISE,202605,2511.62,2260.46,251.16,0.9,PENDING,BANK_TRANSFER,,,SIMULATED
107035,Spruce Point Communications,ENTERPRISE BUSINESS,202605,2511.62,2260.46,251.16,0.9,PENDING,BANK_TRANSFER,,,SIMULATED
311062,Coral Hill Networks,PENTAGON FRANCHISE,202605,2511.62,2260.46,251.16,0.9,PENDING,BANK_TRANSFER,,,SIMULATED
365111,Silver Brook Trading,PENTAGON FRANCHISE,202605,2511.62,2260.46,251.16,0.9,PENDING,BANK_TRANSFER,,,SIMULATED
360066,Harbor Sky Communications,PENTAGON FRANCHISE,202605,2511.62,2260.46,251.16,0.9,PENDING,BANK_TRANSFER,,,SIMULATED
335061,Teal Vale Trading,PENTAGON FRANCHISE,202605,2511.62,2260.46,251.16,0.9,PENDING,BANK_TRANSFER,,,SIMULATED
358072,Meadow Wave Communications,PENTAGON FRANCHISE,202605,2511.62,2260.46,251.16,0.9,PENDING,BANK_TRANSFER,,,SIMULATED
322074,Crystal Stone Networks,PENTAGON FRANCHISE,202605,2511.62,1506.97,1004.65,0.6,PARTIALLY_PAID,BANK_TRANSFER,2026-06-30,HIGH_UNQUALIFIED_RATE,SIMULATED
334058,Sage Brook Ventures,PENTAGON FRANCHISE,202605,2511.62,1506.97,1004.65,0.6,PARTIALLY_PAID,BANK_TRANSFER,2026-06-30,HIGH_UNQUALIFIED_RATE,SIMULATED
345061,Indigo Ridge Trading,PENTAGON FRANCHISE,202605,2511.62,2260.46,251.16,0.9,PENDING,BANK_TRANSFER,,,SIMULATED
332063,Silver Haven Ventures,PENTAGON FRANCHISE,202605,2511.62,1506.97,1004.65,0.6,PARTIALLY_PAID,BANK_TRANSFER,2026-06-30,HIGH_UNQUALIFIED_RATE,SIMULATED
21285,Aspen Sky Trading,DEALER,202605,2511.62,1506.97,1004.65,0.6,PARTIALLY_PAID,BANK_TRANSFER,2026-06-30,HIGH_UNQUALIFIED_RATE,SIMULATED
19782,Raven Isle Communications,DEALER,202605,2511.62,1506.97,1004.65,0.6,PARTIALLY_PAID,BANK_TRANSFER,2026-06-30,HIGH_UNQUALIFIED_RATE,SIMULATED
412089,Hazel Port Trading,PENTAGON FRANCHISE,202605,2511.62,2260.46,251.16,0.9,PENDING,BANK_TRANSFER,,,SIMULATED
21254,Juniper Summit Communications,DATA PARTNERS,202605,2511.62,2260.46,251.16,0.9,PENDING,BANK_TRANSFER,,,SIMULATED
356077,Golden Moon Networks,PENTAGON FRANCHISE,202605,2511.62,2260.46,251.16,0.9,PENDING,BANK_TRANSFER,,,SIMULATED
358069,Ivory Bridge Networks,PENTAGON FRANCHISE,202605,2511.62,2260.46,251.16,0.9,PENDING,BANK_TRANSFER,,,SIMULATED
415144,Birch Trail Networks,PENTAGON FRANCHISE,202605,2511.62,2260.46,251.16,0.9,PENDING,BANK_TRANSFER,,,SIMULATED
322061,Hazel Wood Communications,PENTAGON FRANCHISE,202605,2511.62,2260.46,251.16,0.9,PENDING,BANK_TRANSFER,,,SIMULATED
357066,Winter Point Trading,PENTAGON FRANCHISE,202605,2511.62,2260.46,251.16,0.9,PENDING,BANK_TRANSFER,,,SIMULATED
21283,Ember Coast Trading,DEALER,202605,2511.62,2260.46,251.16,0.9,PENDING,BANK_TRANSFER,,,SIMULATED
411112,Raven Crown Ventures,PENTAGON FRANCHISE,202605,2511.62,2260.46,251.16,0.9,PENDING,BANK_TRANSFER,,,SIMULATED
365112,Teal Vale Networks,PENTAGON FRANCHISE,202605,2511.62,2260.46,251.16,0.9,PENDING,BANK_TRANSFER,,,SIMULATED
367081,Dawn Dale Networks,PENTAGON FRANCHISE,202605,2511.62,2260.46,251.16,0.9,PENDING,BANK_TRANSFER,,,SIMULATED
19914,Elm Wave Ventures,DATA PARTNERS,202605,2511.62,2260.46,251.16,0.9,PENDING,BANK_TRANSFER,,,SIMULATED
379082,Ivory Path Networks,PENTAGON FRANCHISE,202605,2511.62,2260.46,251.16,0.9,PENDING,BANK_TRANSFER,,,SIMULATED
19417,Indigo Path Ventures,DATA PARTNERS,202605,2511.62,2260.46,251.16,0.9,PENDING,BANK_TRANSFER,,,SIMULATED
349074,Amber Delta Networks,PENTAGON FRANCHISE,202605,2511.62,2260.46,251.16,0.9,PENDING,BANK_TRANSFER,,,SIMULATED
329065,Olive Moon Trading,PENTAGON FRANCHISE,202605,2511.62,2260.46,251.16,0.9,PENDING,BANK_TRANSFER,,,SIMULATED
19663,Jade View Trading,DATA PARTNERS,202605,2511.62,1506.97,1004.65,0.6,PARTIALLY_PAID,BANK_TRANSFER,2026-06-30,HIGH_UNQUALIFIED_RATE,SIMULATED
19387,Cedar Stream Ventures,CONNECT STORES,202605,2511.62,1506.97,1004.65,0.6,PARTIALLY_PAID,MTN_INTERNAL_SETTLEMENT,2026-06-30,HIGH_UNQUALIFIED_RATE,SIMULATED
360058,Pearl Valley Trading,PENTAGON FRANCHISE,202605,2511.62,2260.46,251.16,0.9,PENDING,BANK_TRANSFER,,,SIMULATED
284086,Stone Brook Communications,PENTAGON FRANCHISE,202605,2511.62,2260.46,251.16,0.9,PENDING,BANK_TRANSFER,,,SIMULATED
347059,Azure Light Communications,PENTAGON FRANCHISE,202605,2511.62,2260.46,251.16,0.9,PENDING,BANK_TRANSFER,,,SIMULATED
392085,Ocean Crest Communications,PENTAGON FRANCHISE,202605,2511.62,2260.46,251.16,0.9,PENDING,BANK_TRANSFER,,,SIMULATED
20027,Juniper Bridge Trading,SIM REG AGENCY,202605,1674.42,1506.98,167.44,0.9,PENDING,BANK_TRANSFER,,,SIMULATED
393085,Laurel Lake Trading,PENTAGON FRANCHISE,202605,1674.42,669.77,1004.65,0.4,DISPUTED,BANK_TRANSFER,,CONFIRMED_MISMATCH,SIMULATED
360061,Elm Stone Communications,PENTAGON FRANCHISE,202605,1674.42,1004.65,669.77,0.6,PARTIALLY_PAID,BANK_TRANSFER,2026-06-30,HIGH_UNQUALIFIED_RATE,SIMULATED
361072,Harbor Vale Trading,PENTAGON FRANCHISE,202605,1674.42,1506.98,167.44,0.9,PENDING,BANK_TRANSFER,,,SIMULATED
361066,Raven Summit Ventures,PENTAGON FRANCHISE,202605,1674.42,1004.65,669.77,0.6,PARTIALLY_PAID,BANK_TRANSFER,2026-06-30,HIGH_UNQUALIFIED_RATE,SIMULATED
454143,Orchid Wood Ventures,PENTAGON FRANCHISE,202605,1674.42,1506.98,167.44,0.9,PENDING,BANK_TRANSFER,,,SIMULATED
319062,Elm Hill Trading,PENTAGON FRANCHISE,202605,1674.42,1506.98,167.44,0.9,PENDING,BANK_TRANSFER,,,SIMULATED
365088,Sunset Point Networks,PENTAGON FRANCHISE,202605,1674.42,1506.98,167.44,0.9,PENDING,BANK_TRANSFER,,,SIMULATED
351063,Ember Stream Networks,PENTAGON FRANCHISE,202605,1674.42,1506.98,167.44,0.9,PENDING,BANK_TRANSFER,,,SIMULATED
379095,Forest Leaf Networks,PENTAGON FRANCHISE,202605,1674.42,1506.98,167.44,0.9,PENDING,BANK_TRANSFER,,,SIMULATED
382114,Laurel Moon Ventures,PENTAGON FRANCHISE,202605,1674.42,1506.98,167.44,0.9,PENDING,BANK_TRANSFER,,,SIMULATED
380076,Birch Crown Networks,PENTAGON FRANCHISE,202605,1674.42,1506.98,167.44,0.9,PENDING,BANK_TRANSFER,,,SIMULATED
423154,Rowan Lake Trading,PENTAGON FRANCHISE,202605,1674.42,1506.98,167.44,0.9,PENDING,BANK_TRANSFER,,,SIMULATED
368073,Rowan Stone Trading,PENTAGON FRANCHISE,202605,1674.42,1506.98,167.44,0.9,PENDING,BANK_TRANSFER,,,SIMULATED
365093,Orchid Coast Networks,PENTAGON FRANCHISE,202605,1674.42,1506.98,167.44,0.9,PENDING,BANK_TRANSFER,,,SIMULATED
332070,Stone Wind Communications,DEALER,202605,1674.42,1506.98,167.44,0.9,PENDING,BANK_TRANSFER,,,SIMULATED
365109,Olive Stone Networks,PENTAGON FRANCHISE,202605,1674.42,1506.98,167.44,0.9,PENDING,BANK_TRANSFER,,,SIMULATED
52023,Birch Delta Communications,DATA PARTNERS,202605,1674.42,1506.98,167.44,0.9,PENDING,BANK_TRANSFER,,,SIMULATED
391078,Maple Point Communications,PENTAGON FRANCHISE,202605,1674.42,1506.98,167.44,0.9,PENDING,BANK_TRANSFER,,,SIMULATED
341059,Spruce Vale Communications,PENTAGON FRANCHISE,202605,1255.81,1130.23,125.58,0.9,PENDING,BANK_TRANSFER,,,SIMULATED
19780,Ivory Vale Ventures,DATA PARTNERS,202605,1255.81,753.49,502.32,0.6,PARTIALLY_PAID,BANK_TRANSFER,2026-06-30,HIGH_UNQUALIFIED_RATE,SIMULATED
413170,Silver Glen Communications,PENTAGON FRANCHISE,202605,1255.81,1130.23,125.58,0.9,PENDING,BANK_TRANSFER,,,SIMULATED
342068,Teal Light Ventures,PENTAGON FRANCHISE,202605,1255.81,1130.23,125.58,0.9,PENDING,BANK_TRANSFER,,,SIMULATED
356084,Harbor Crest Communications,PENTAGON FRANCHISE,202605,1255.81,1130.23,125.58,0.9,PENDING,BANK_TRANSFER,,,SIMULATED
380077,Dawn Field Networks,PENTAGON FRANCHISE,202605,1255.81,1130.23,125.58,0.9,PENDING,BANK_TRANSFER,,,SIMULATED
406084,Hazel Point Ventures,PENTAGON FRANCHISE,202605,1255.81,753.49,502.32,0.6,PARTIALLY_PAID,BANK_TRANSFER,2026-06-30,HIGH_UNQUALIFIED_RATE,SIMULATED
408085,Coral Stream Ventures,PENTAGON FRANCHISE,202605,1255.81,1130.23,125.58,0.9,PENDING,BANK_TRANSFER,,,SIMULATED
19661,Coral Haven Networks,DEALER,202605,1255.81,1130.23,125.58,0.9,PENDING,BANK_TRANSFER,,,SIMULATED
337073,Stone Haven Trading,PENTAGON FRANCHISE,202605,1255.81,1130.23,125.58,0.9,PENDING,BANK_TRANSFER,,,SIMULATED
332066,Silver Moon Ventures,PENTAGON FRANCHISE,202605,1255.81,1130.23,125.58,0.9,PENDING,BANK_TRANSFER,,,SIMULATED
19871,Meadow Horizon Trading,DEALER,202605,1255.81,1130.23,125.58,0.9,PENDING,BANK_TRANSFER,,,SIMULATED
386074,Crystal Valley Trading,PENTAGON FRANCHISE,202605,1255.81,1130.23,125.58,0.9,PENDING,BANK_TRANSFER,,,SIMULATED
323081,Flint Horizon Ventures,PENTAGON FRANCHISE,202605,1255.81,753.49,502.32,0.6,PARTIALLY_PAID,BANK_TRANSFER,2026-06-30,HIGH_UNQUALIFIED_RATE,SIMULATED
19363,Maple Dale Communications,DEALER,202605,1255.81,1130.23,125.58,0.9,PENDING,BANK_TRANSFER,,,SIMULATED
303070,Willow Crown Communications,PENTAGON FRANCHISE,202605,1255.81,753.49,502.32,0.6,PARTIALLY_PAID,BANK_TRANSFER,2026-06-30,HIGH_UNQUALIFIED_RATE,SIMULATED
438141,Azure View Communications,PENTAGON FRANCHISE,202605,1255.81,1130.23,125.58,0.9,PENDING,BANK_TRANSFER,,,SIMULATED
349073,Amber Horizon Communications,PENTAGON FRANCHISE,202605,1255.81,753.49,502.32,0.6,PARTIALLY_PAID,BANK_TRANSFER,2026-06-30,HIGH_UNQUALIFIED_RATE,SIMULATED
409089,Quartz Leaf Communications,PENTAGON FRANCHISE,202605,1255.81,1130.23,125.58,0.9,PENDING,BANK_TRANSFER,,,SIMULATED
284059,Forest Coast Networks,PENTAGON FRANCHISE,202605,1255.81,1130.23,125.58,0.9,PENDING,BANK_TRANSFER,,,SIMULATED
353063,Spruce Reach Trading,PENTAGON FRANCHISE,202605,1255.81,1130.23,125.58,0.9,PENDING,BANK_TRANSFER,,,SIMULATED
341069,Ruby Vale Ventures,PENTAGON FRANCHISE,202605,1255.81,1130.23,125.58,0.9,PENDING,BANK_TRANSFER,,,SIMULATED
349068,Linden Point Trading,PENTAGON FRANCHISE,202605,1255.81,1130.23,125.58,0.9,PENDING,BANK_TRANSFER,,,SIMULATED
405097,Swift Leaf Trading,PENTAGON FRANCHISE,202605,1255.81,1130.23,125.58,0.9,PENDING,BANK_TRANSFER,,,SIMULATED
349071,Birch Delta Trading,PENTAGON FRANCHISE,202605,1255.81,753.49,502.32,0.6,PARTIALLY_PAID,BANK_TRANSFER,2026-06-30,HIGH_UNQUALIFIED_RATE,SIMULATED
341075,Flint Wood Communications,PENTAGON FRANCHISE,202605,1255.81,753.49,502.32,0.6,PARTIALLY_PAID,BANK_TRANSFER,2026-06-30,HIGH_UNQUALIFIED_RATE,SIMULATED
361064,Rowan View Communications,PENTAGON FRANCHISE,202605,1255.81,753.49,502.32,0.6,PARTIALLY_PAID,BANK_TRANSFER,2026-06-30,HIGH_UNQUALIFIED_RATE,SIMULATED
332067,Quartz Stone Networks,PENTAGON FRANCHISE,202605,1255.81,1130.23,125.58,0.9,PENDING,BANK_TRANSFER,,,SIMULATED
280062,Oak Field Communications,PENTAGON FRANCHISE,202605,1255.81,753.49,502.32,0.6,PARTIALLY_PAID,BANK_TRANSFER,2026-06-30,HIGH_UNQUALIFIED_RATE,SIMULATED
365114,Oak Leaf Communications,PENTAGON FRANCHISE,202605,1255.81,753.49,502.32,0.6,PARTIALLY_PAID,BANK_TRANSFER,2026-06-30,HIGH_UNQUALIFIED_RATE,SIMULATED
408086,Sunset Sky Communications,PENTAGON FRANCHISE,202605,1255.81,1130.23,125.58,0.9,PENDING,BANK_TRANSFER,,,SIMULATED
323080,Hazel Crown Networks,PENTAGON FRANCHISE,202605,1255.81,753.49,502.32,0.6,PARTIALLY_PAID,BANK_TRANSFER,2026-06-30,HIGH_UNQUALIFIED_RATE,SIMULATED
405098,Winter Horizon Networks,DEALER,202605,1255.81,753.49,502.32,0.6,PARTIALLY_PAID,BANK_TRANSFER,2026-06-30,HIGH_UNQUALIFIED_RATE,SIMULATED
367086,Ember Brook Ventures,PENTAGON FRANCHISE,202605,1255.81,753.49,502.32,0.6,PARTIALLY_PAID,BANK_TRANSFER,2026-06-30,HIGH_UNQUALIFIED_RATE,SIMULATED
430151,Willow Bridge Trading,PENTAGON FRANCHISE,202605,1255.81,1130.23,125.58,0.9,PENDING,BANK_TRANSFER,,,SIMULATED
109031,Sage Glen Trading,ENTERPRISE BUSINESS,202605,1255.81,1130.23,125.58,0.9,PENDING,BANK_TRANSFER,,,SIMULATED
19964,River Star Communications,DEALER,202605,1255.81,1130.23,125.58,0.9,PENDING,BANK_TRANSFER,,,SIMULATED
412091,Harbor Wood Ventures,PENTAGON FRANCHISE,202605,1255.81,1130.23,125.58,0.9,PENDING,BANK_TRANSFER,,,SIMULATED
294065,Silver Light Communications,PENTAGON FRANCHISE,202605,1255.81,753.49,502.32,0.6,PARTIALLY_PAID,BANK_TRANSFER,2026-06-30,HIGH_UNQUALIFIED_RATE,SIMULATED
356067,Birch Wave Communications,PENTAGON FRANCHISE,202605,1255.81,1130.23,125.58,0.9,PENDING,BANK_TRANSFER,,,SIMULATED
361073,Winter Trail Networks,PENTAGON FRANCHISE,202605,1255.81,1130.23,125.58,0.9,PENDING,BANK_TRANSFER,,,SIMULATED
395094,Amber Vale Communications,PENTAGON FRANCHISE,202605,1255.81,1130.23,125.58,0.9,PENDING,BANK_TRANSFER,,,SIMULATED
350063,Linden Summit Ventures,PENTAGON FRANCHISE,202605,1255.81,1130.23,125.58,0.9,PENDING,BANK_TRANSFER,,,SIMULATED
392088,Raven Grove Networks,PENTAGON FRANCHISE,202605,1255.81,1130.23,125.58,0.9,PENDING,BANK_TRANSFER,,,SIMULATED
294076,Opal Moon Communications,PENTAGON FRANCHISE,202605,1255.81,1130.23,125.58,0.9,PENDING,BANK_TRANSFER,,,SIMULATED
335058,Cedar Bay Trading,PENTAGON FRANCHISE,202605,1255.81,753.49,502.32,0.6,PARTIALLY_PAID,BANK_TRANSFER,2026-06-30,HIGH_UNQUALIFIED_RATE,SIMULATED
391084,Ivory Wave Ventures,PENTAGON FRANCHISE,202605,1255.81,753.49,502.32,0.6,PARTIALLY_PAID,BANK_TRANSFER,2026-06-30,HIGH_UNQUALIFIED_RATE,SIMULATED
379081,Silver Reach Ventures,PENTAGON FRANCHISE,202605,1255.81,1130.23,125.58,0.9,PENDING,BANK_TRANSFER,,,SIMULATED
300069,Winter Vale Communications,PENTAGON FRANCHISE,202605,1255.81,1130.23,125.58,0.9,PENDING,BANK_TRANSFER,,,SIMULATED
341064,River Park Networks,PENTAGON FRANCHISE,202605,1255.81,753.49,502.32,0.6,PARTIALLY_PAID,BANK_TRANSFER,2026-06-30,HIGH_UNQUALIFIED_RATE,SIMULATED
329071,Orchid Ridge Trading,PENTAGON FRANCHISE,202605,1255.81,1130.23,125.58,0.9,PENDING,BANK_TRANSFER,,,SIMULATED
322059,Golden Haven Networks,PENTAGON FRANCHISE,202605,1255.81,1130.23,125.58,0.9,PENDING,BANK_TRANSFER,,,SIMULATED
19850,Elm Leaf Networks,DATA PARTNERS,202605,1255.81,1130.23,125.58,0.9,PENDING,BANK_TRANSFER,,,SIMULATED
337089,Coral Crown Trading,PENTAGON FRANCHISE,202605,0.0,0.0,0.0,0.2,FULLY_PAID,BANK_TRANSFER,2026-06-25,ALL_UNQUALIFIED,SIMULATED
389079,Hazel Hill Ventures,PENTAGON FRANCHISE,202605,0.0,0.0,0.0,0.2,FULLY_PAID,BANK_TRANSFER,2026-06-25,ALL_UNQUALIFIED,SIMULATED
441145,Sunset Brook Networks,PENTAGON FRANCHISE,202605,0.0,0.0,0.0,0.2,FULLY_PAID,BANK_TRANSFER,2026-06-25,ALL_UNQUALIFIED,SIMULATED
400089,Azure Moon Communications,PENTAGON FRANCHISE,202605,0.0,0.0,0.0,0.2,FULLY_PAID,BANK_TRANSFER,2026-06-25,ALL_UNQUALIFIED,SIMULATED
357065,Ruby Beacon Trading,PENTAGON FRANCHISE,202605,0.0,0.0,0.0,0.2,FULLY_PAID,BANK_TRANSFER,2026-06-25,ALL_UNQUALIFIED,SIMULATED
19630,Coral Point Ventures,CONNECT STORES,202605,0.0,0.0,0.0,0.2,FULLY_PAID,MTN_INTERNAL_SETTLEMENT,2026-06-25,ALL_UNQUALIFIED,SIMULATED
377076,Spruce Coast Communications,PENTAGON FRANCHISE,202605,0.0,0.0,0.0,0.2,FULLY_PAID,BANK_TRANSFER,2026-06-25,ALL_UNQUALIFIED,SIMULATED
335059,Oak Beacon Communications,PENTAGON FRANCHISE,202605,0.0,0.0,0.0,0.2,FULLY_PAID,BANK_TRANSFER,2026-06-25,ALL_UNQUALIFIED,SIMULATED
430147,Orchid Star Communications,PENTAGON FRANCHISE,202605,0.0,0.0,0.0,0.2,FULLY_PAID,BANK_TRANSFER,2026-06-25,ALL_UNQUALIFIED,SIMULATED
19863,Olive Moon Ventures,CONNECT STORES,202605,0.0,0.0,0.0,0.2,FULLY_PAID,MTN_INTERNAL_SETTLEMENT,2026-06-25,ALL_UNQUALIFIED,SIMULATED
294128,Orchid Crown Communications,PENTAGON FRANCHISE,202605,0.0,0.0,0.0,0.2,FULLY_PAID,BANK_TRANSFER,2026-06-25,ALL_UNQUALIFIED,SIMULATED
296062,Meadow Stream Communications,PENTAGON FRANCHISE,202605,0.0,0.0,0.0,0.2,FULLY_PAID,BANK_TRANSFER,2026-06-25,ALL_UNQUALIFIED,SIMULATED
393084,Ivory Stream Networks,PENTAGON FRANCHISE,202605,0.0,0.0,0.0,0.2,FULLY_PAID,BANK_TRANSFER,2026-06-25,ALL_UNQUALIFIED,SIMULATED
338059,Sunset Hill Ventures,PENTAGON FRANCHISE,202605,0.0,0.0,0.0,0.2,FULLY_PAID,BANK_TRANSFER,2026-06-25,ALL_UNQUALIFIED,SIMULATED
328068,Swift Wood Ventures,PENTAGON FRANCHISE,202605,0.0,0.0,0.0,0.2,FULLY_PAID,BANK_TRANSFER,2026-06-25,ALL_UNQUALIFIED,SIMULATED
365104,Willow Brook Communications,PENTAGON FRANCHISE,202605,0.0,0.0,0.0,0.2,FULLY_PAID,BANK_TRANSFER,2026-06-25,ALL_UNQUALIFIED,SIMULATED
411091,Ruby Valley Networks,PENTAGON FRANCHISE,202605,0.0,0.0,0.0,0.2,FULLY_PAID,BANK_TRANSFER,2026-06-25,ALL_UNQUALIFIED,SIMULATED
341066,Pine Star Communications,PENTAGON FRANCHISE,202605,0.0,0.0,0.0,0.2,FULLY_PAID,BANK_TRANSFER,2026-06-25,ALL_UNQUALIFIED,SIMULATED
441143,Ember Dale Networks,PENTAGON FRANCHISE,202605,0.0,0.0,0.0,0.2,FULLY_PAID,BANK_TRANSFER,2026-06-25,ALL_UNQUALIFIED,SIMULATED
374078,Jade Isle Trading,PENTAGON FRANCHISE,202605,0.0,0.0,0.0,0.2,FULLY_PAID,BANK_TRANSFER,2026-06-25,ALL_UNQUALIFIED,SIMULATED
416141,Silver Moon Communications,PENTAGON FRANCHISE,202605,0.0,0.0,0.0,0.2,FULLY_PAID,BANK_TRANSFER,2026-06-25,ALL_UNQUALIFIED,SIMULATED
327086,Cedar Gate Ventures,PENTAGON FRANCHISE,202605,0.0,0.0,0.0,0.2,FULLY_PAID,BANK_TRANSFER,2026-06-25,ALL_UNQUALIFIED,SIMULATED
342066,Juniper Path Communications,PENTAGON FRANCHISE,202605,0.0,0.0,0.0,0.2,FULLY_PAID,BANK_TRANSFER,2026-06-25,ALL_UNQUALIFIED,SIMULATED
357094,Orchid Coast Trading,PENTAGON FRANCHISE,202605,0.0,0.0,0.0,0.2,FULLY_PAID,BANK_TRANSFER,2026-06-25,ALL_UNQUALIFIED,SIMULATED
408093,Silver Field Trading,PENTAGON FRANCHISE,202605,0.0,0.0,0.0,0.2,FULLY_PAID,BANK_TRANSFER,2026-06-25,ALL_UNQUALIFIED,SIMULATED
344069,Quartz Beacon Trading,PENTAGON FRANCHISE,202605,0.0,0.0,0.0,0.2,FULLY_PAID,BANK_TRANSFER,2026-06-25,ALL_UNQUALIFIED,SIMULATED
19519,Ember Point Trading,CONNECT STORES,202605,0.0,0.0,0.0,0.2,FULLY_PAID,MTN_INTERNAL_SETTLEMENT,2026-06-25,ALL_UNQUALIFIED,SIMULATED
19398,Harbor Moon Communications,CONNECT STORES,202605,0.0,0.0,0.0,0.2,FULLY_PAID,MTN_INTERNAL_SETTLEMENT,2026-06-25,ALL_UNQUALIFIED,SIMULATED
323082,Crystal Vale Communications,PENTAGON FRANCHISE,202605,0.0,0.0,0.0,0.2,FULLY_PAID,BANK_TRANSFER,2026-06-25,ALL_UNQUALIFIED,SIMULATED
405090,Forest Stone Networks,DEALER,202605,0.0,0.0,0.0,0.2,FULLY_PAID,BANK_TRANSFER,2026-06-25,ALL_UNQUALIFIED,SIMULATED
21252,Dawn Delta Networks,ENTERPRISE BUSINESS,202605,0.0,0.0,0.0,0.2,FULLY_PAID,BANK_TRANSFER,2026-06-25,ALL_UNQUALIFIED,SIMULATED
322062,Aspen Peak Trading,PENTAGON FRANCHISE,202605,0.0,0.0,0.0,0.2,FULLY_PAID,BANK_TRANSFER,2026-06-25,ALL_UNQUALIFIED,SIMULATED
430148,Rowan Wave Ventures,PENTAGON FRANCHISE,202605,0.0,0.0,0.0,0.2,FULLY_PAID,BANK_TRANSFER,2026-06-25,ALL_UNQUALIFIED,SIMULATED
356068,Winter Trail Communications,PENTAGON FRANCHISE,202605,0.0,0.0,0.0,0.2,FULLY_PAID,BANK_TRANSFER,2026-06-25,ALL_UNQUALIFIED,SIMULATED
354066,Forest Beacon Communications,PENTAGON FRANCHISE,202605,0.0,0.0,0.0,0.2,FULLY_PAID,BANK_TRANSFER,2026-06-25,ALL_UNQUALIFIED,SIMULATED
74050,Stone Light Networks,FIXED BROADBAND,202606,1267922.85,1141130.57,126792.28,0.9,PENDING,BANK_TRANSFER,,,SIMULATED
98052,Ember Hill Networks,FIXED BROADBAND,202606,1021048.25,918943.43,102104.82,0.9,PENDING,BANK_TRANSFER,,,SIMULATED
296065,River Isle Ventures,ENTERPRISE BUSINESS,202606,991086.7999999999,396434.72,594652.08,0.4,DISPUTED,BANK_TRANSFER,,CONFIRMED_MISMATCH,SIMULATED
73037,Azure Trail Networks,ENTERPRISE BUSINESS,202606,900612.63,810551.37,90061.26,0.9,PENDING,BANK_TRANSFER,,,SIMULATED
88031,Oak Field Communications,FIXED BROADBAND,202606,669570.69,602613.62,66957.07,0.9,PENDING,BANK_TRANSFER,,,SIMULATED
19392,Pine Lake Ventures,CONNECT STORES,202606,668455.2499999999,601609.72,66845.53,0.9,PENDING,MTN_INTERNAL_SETTLEMENT,,,SIMULATED
90032,Quartz Meadow Networks,FIXED BROADBAND,202606,663498.37,597148.53,66349.84,0.9,PENDING,BANK_TRANSFER,,,SIMULATED
19477,Ocean Vale Ventures,CONNECT STORES,202606,592977.54,533679.79,59297.75,0.9,PENDING,MTN_INTERNAL_SETTLEMENT,,,SIMULATED
357063,Azure Leaf Communications,FIXED BROADBAND,202606,575111.4199999999,517600.28,57511.14,0.9,PENDING,BANK_TRANSFER,,,SIMULATED
213044,Silver Grove Communications,CONNECT STORES,202606,565707.0700000001,509136.36,56570.71,0.9,PENDING,MTN_INTERNAL_SETTLEMENT,,,SIMULATED
69031,Azure Leaf Communications,DATA PARTNERS,202606,517187.4099999999,465468.67,51718.74,0.9,PENDING,BANK_TRANSFER,,,SIMULATED
19657,Birch Wave Ventures,DATA PARTNERS,202606,464867.85,418381.07,46486.78,0.9,PENDING,BANK_TRANSFER,,,SIMULATED
19664,Cedar Stone Communications,DATA PARTNERS,202606,464561.0399999999,418104.94,46456.1,0.9,PENDING,BANK_TRANSFER,,,SIMULATED
205044,Sunset Crest Communications,FIXED BROADBAND,202606,461675.17999999993,415507.66,46167.52,0.9,PENDING,BANK_TRANSFER,,,SIMULATED
19562,Indigo Arc Communications,DATA PARTNERS,202606,423331.47,169332.59,253998.88,0.4,DISPUTED,BANK_TRANSFER,,CONFIRMED_MISMATCH,SIMULATED
311069,Cedar Stone Communications,FIXED BROADBAND,202606,399158.88,359242.99,39915.89,0.9,PENDING,BANK_TRANSFER,,,SIMULATED
98053,Raven Sky Networks,FIXED BROADBAND,202606,394649.08,355184.17,39464.91,0.9,PENDING,BANK_TRANSFER,,,SIMULATED
19948,Meadow Haven Networks,DATA PARTNERS,202606,394286.19999999995,354857.58,39428.62,0.9,PENDING,BANK_TRANSFER,,,SIMULATED
379100,Laurel Light Ventures,FIXED BROADBAND,202606,387649.74,348884.77,38764.97,0.9,PENDING,BANK_TRANSFER,,,SIMULATED
19793,Jade Lake Communications,CONNECT STORES,202606,365463.76999999996,328917.39,36546.38,0.9,PENDING,MTN_INTERNAL_SETTLEMENT,,,SIMULATED
19958,Meadow Wind Networks,CONNECT STORES,202606,356243.61000000004,320619.25,35624.36,0.9,PENDING,MTN_INTERNAL_SETTLEMENT,,,SIMULATED
19618,Golden Moon Communications,CONNECT STORES,202606,329620.11999999994,296658.11,32962.01,0.9,PENDING,MTN_INTERNAL_SETTLEMENT,,,SIMULATED
19357,Quartz Meadow Networks,DATA PARTNERS,202606,324004.89,291604.4,32400.49,0.9,PENDING,BANK_TRANSFER,,,SIMULATED
19647,Silver Valley Ventures,CONNECT STORES,202606,322704.85,290434.36,32270.49,0.9,PENDING,MTN_INTERNAL_SETTLEMENT,,,SIMULATED
369075,Coral Sky Communications,FIXED BROADBAND,202606,317787.62,127115.05,190672.57,0.4,DISPUTED,BANK_TRANSFER,,CONFIRMED_MISMATCH,SIMULATED
110035,Olive Hill Networks,FIXED BROADBAND,202606,314845.76999999996,125938.31,188907.46,0.4,DISPUTED,BANK_TRANSFER,,CONFIRMED_MISMATCH,SIMULATED
19785,Stone Crest Ventures,DATA PARTNERS,202606,302299.23,272069.31,30229.92,0.9,PENDING,BANK_TRANSFER,,,SIMULATED
95040,Hazel Light Communications,FIXED BROADBAND,202606,299363.17,269426.85,29936.32,0.9,PENDING,BANK_TRANSFER,,,SIMULATED
19478,Ocean Vale Ventures,CONNECT STORES,202606,292241.29,263017.16,29224.13,0.9,PENDING,MTN_INTERNAL_SETTLEMENT,,,SIMULATED
250047,Quartz Vale Trading,FIXED BROADBAND,202606,289204.7699999999,260284.29,28920.48,0.9,PENDING,BANK_TRANSFER,,,SIMULATED
19810,Birch Path Networks,CONNECT STORES,202606,286536.94,257883.25,28653.69,0.9,PENDING,MTN_INTERNAL_SETTLEMENT,,,SIMULATED
19643,Birch Meadow Communications,CONNECT STORES,202606,278863.0999999999,250976.79,27886.31,0.9,PENDING,MTN_INTERNAL_SETTLEMENT,,,SIMULATED
19372,Jade Point Trading,CONNECT STORES,202606,278494.58999999997,250645.13,27849.46,0.9,PENDING,MTN_INTERNAL_SETTLEMENT,,,SIMULATED
409091,Laurel Light Ventures,PENTAGON FRANCHISE,202606,270417.7799999999,108167.11,162250.67,0.4,DISPUTED,BANK_TRANSFER,,CONFIRMED_MISMATCH,SIMULATED
21276,Stone Light Networks,ENTERPRISE BUSINESS,202606,264462.85,238016.56,26446.29,0.9,PENDING,BANK_TRANSFER,,,SIMULATED
19649,Silver Valley Ventures,CONNECT STORES,202606,259132.90000000002,233219.61,25913.29,0.9,PENDING,MTN_INTERNAL_SETTLEMENT,,,SIMULATED
19839,Laurel Park Trading,CONNECT STORES,202606,257664.78999999998,103065.92,154598.87,0.4,DISPUTED,MTN_INTERNAL_SETTLEMENT,,CONFIRMED_MISMATCH,SIMULATED
19554,Ruby Reach Ventures,DATA PARTNERS,202606,255303.72999999998,229773.36,25530.37,0.9,PENDING,BANK_TRANSFER,,,SIMULATED
19808,Ivory Spring Networks,DATA PARTNERS,202606,249973.79999999996,224976.42,24997.38,0.9,PENDING,BANK_TRANSFER,,,SIMULATED
19494,Olive Reach Ventures,DATA PARTNERS,202606,246931.72999999998,222238.56,24693.17,0.9,PENDING,BANK_TRANSFER,,,SIMULATED
254048,Juniper Shore Communications,ENTERPRISE BUSINESS,202606,242645.22999999998,97058.09,145587.14,0.4,DISPUTED,BANK_TRANSFER,,CONFIRMED_MISMATCH,SIMULATED
74051,Forest Arc Trading,FIXED BROADBAND,202606,241590.25999999998,217431.23,24159.03,0.9,PENDING,BANK_TRANSFER,,,SIMULATED
19367,Jade Point Trading,CONNECT STORES,202606,241551.41999999995,96620.57,144930.85,0.4,DISPUTED,MTN_INTERNAL_SETTLEMENT,,CONFIRMED_MISMATCH,SIMULATED
379102,Coral Haven Trading,FIXED BROADBAND,202606,236366.13999999993,212729.53,23636.61,0.9,PENDING,BANK_TRANSFER,,,SIMULATED
98048,Coral Wave Networks,FIXED BROADBAND,202606,235255.17999999993,211729.66,23525.52,0.9,PENDING,BANK_TRANSFER,,,SIMULATED
19761,Ivory Peak Networks,DATA PARTNERS,202606,233955.26,210559.73,23395.53,0.9,PENDING,BANK_TRANSFER,,,SIMULATED
265054,Raven Arc Ventures,FIXED BROADBAND,202606,226626.62999999995,203963.97,22662.66,0.9,PENDING,BANK_TRANSFER,,,SIMULATED
337088,Sage Wood Trading,PENTAGON FRANCHISE,202606,220185.45999999996,88074.18,132111.28,0.4,DISPUTED,BANK_TRANSFER,,CONFIRMED_MISMATCH,SIMULATED
19355,Juniper Stone Communications,CONNECT STORES,202606,217316.91,195585.22,21731.69,0.9,PENDING,MTN_INTERNAL_SETTLEMENT,,,SIMULATED
78073,Coral View Communications,FIXED BROADBAND,202606,214693.49,193224.14,21469.35,0.9,PENDING,BANK_TRANSFER,,,SIMULATED
21258,Oak Crest Networks,CONNECT STORES,202606,212874.27999999997,191586.85,21287.43,0.9,PENDING,MTN_INTERNAL_SETTLEMENT,,,SIMULATED
19555,Teal Reach Networks,CONNECT STORES,202606,212143.06999999998,190928.76,21214.31,0.9,PENDING,MTN_INTERNAL_SETTLEMENT,,,SIMULATED
97095,Quartz Delta Ventures,FIXED BROADBAND,202606,212131.66999999995,190918.5,21213.17,0.9,PENDING,BANK_TRANSFER,,,SIMULATED
19818,Winter View Communications,CONNECT STORES,202606,206857.49,186171.74,20685.75,0.9,PENDING,MTN_INTERNAL_SETTLEMENT,,,SIMULATED
336060,Orchid Sky Communications,FIXED BROADBAND,202606,205808.12999999998,185227.32,20580.81,0.9,PENDING,BANK_TRANSFER,,,SIMULATED
19597,Olive Wave Ventures,CONNECT STORES,202606,204970.91,184473.82,20497.09,0.9,PENDING,MTN_INTERNAL_SETTLEMENT,,,SIMULATED
19437,Birch Dale Communications,CONNECT STORES,202606,203140.23999999996,182826.22,20314.02,0.9,PENDING,MTN_INTERNAL_SETTLEMENT,,,SIMULATED
19382,Willow Stone Trading,DATA PARTNERS,202606,202822.11,182539.9,20282.21,0.9,PENDING,BANK_TRANSFER,,,SIMULATED
19461,Orchid View Networks,CONNECT STORES,202606,200053.74,180048.37,20005.37,0.9,PENDING,MTN_INTERNAL_SETTLEMENT,,,SIMULATED
19648,Silver Valley Ventures,CONNECT STORES,202606,200048.31,180043.48,20004.83,0.9,PENDING,MTN_INTERNAL_SETTLEMENT,,,SIMULATED
19632,Coral Point Ventures,CONNECT STORES,202606,198792.38,178913.14,19879.24,0.9,PENDING,MTN_INTERNAL_SETTLEMENT,,,SIMULATED
255075,Quartz Light Ventures,FIXED BROADBAND,202606,195906.39999999997,176315.76,19590.64,0.9,PENDING,BANK_TRANSFER,,,SIMULATED
214045,Quartz Park Trading,FIXED BROADBAND,202606,192507.51999999996,173256.77,19250.75,0.9,PENDING,BANK_TRANSFER,,,SIMULATED
19523,Juniper Coast Networks,DATA PARTNERS,202606,192507.45999999996,173256.71,19250.75,0.9,PENDING,BANK_TRANSFER,,,SIMULATED
19698,Aspen Park Networks,DATA PARTNERS,202606,191982.71999999997,172784.45,19198.27,0.9,PENDING,BANK_TRANSFER,,,SIMULATED
21259,Oak Crest Networks,CONNECT STORES,202606,187071.36,168364.22,18707.14,0.9,PENDING,MTN_INTERNAL_SETTLEMENT,,,SIMULATED
90031,Indigo Haven Trading,FIXED BROADBAND,202606,185285.05999999997,166756.55,18528.51,0.9,PENDING,BANK_TRANSFER,,,SIMULATED
291067,Juniper Light Networks,ENTERPRISE BUSINESS,202606,185134.58000000002,166621.12,18513.46,0.9,PENDING,BANK_TRANSFER,,,SIMULATED
19366,Jade Point Trading,CONNECT STORES,202606,184984.02,73993.61,110990.41,0.4,DISPUTED,MTN_INTERNAL_SETTLEMENT,,CONFIRMED_MISMATCH,SIMULATED
19609,Topaz Leaf Networks,CONNECT STORES,202606,181473.3,163325.97,18147.33,0.9,PENDING,MTN_INTERNAL_SETTLEMENT,,,SIMULATED
232044,Swift Moon Communications,FIXED BROADBAND,202606,179162.27999999997,161246.05,17916.23,0.9,PENDING,BANK_TRANSFER,,,SIMULATED
255073,Azure Ridge Ventures,ENTERPRISE BUSINESS,202606,177806.16999999998,160025.55,17780.62,0.9,PENDING,BANK_TRANSFER,,,SIMULATED
21260,Oak Crest Networks,CONNECT STORES,202606,177761.7,159985.53,17776.17,0.9,PENDING,MTN_INTERNAL_SETTLEMENT,,,SIMULATED
19345,Harbor Brook Ventures,CONNECT STORES,202606,176087.25999999998,158478.53,17608.73,0.9,PENDING,MTN_INTERNAL_SETTLEMENT,,,SIMULATED
353061,Forest Reach Communications,FIXED BROADBAND,202606,175501.04,157950.94,17550.1,0.9,PENDING,BANK_TRANSFER,,,SIMULATED
19420,Stone Ridge Trading,DATA PARTNERS,202606,175238.57999999996,157714.72,17523.86,0.9,PENDING,BANK_TRANSFER,,,SIMULATED
19513,Opal Ridge Communications,DATA PARTNERS,202606,173575.69999999998,156218.13,17357.57,0.9,PENDING,BANK_TRANSFER,,,SIMULATED
19781,Raven Isle Communications,DEALER,202606,171851.06,103110.64,68740.42,0.6,PARTIALLY_PAID,BANK_TRANSFER,2026-07-30,HIGH_UNQUALIFIED_RATE,SIMULATED
395095,Topaz Light Communications,CONNECT HUB,202606,170489.18000000002,153440.26,17048.92,0.9,PENDING,MTN_INTERNAL_SETTLEMENT,,,SIMULATED
74049,Linden Park Communications,ENTERPRISE BUSINESS,202606,166403.47999999998,149763.13,16640.35,0.9,PENDING,BANK_TRANSFER,,,SIMULATED
121038,River Isle Ventures,FIXED BROADBAND,202606,165560.57,149004.51,16556.06,0.9,PENDING,BANK_TRANSFER,,,SIMULATED
215043,Stone Stone Trading,FIXED BROADBAND,202606,164617.21999999997,148155.5,16461.72,0.9,PENDING,BANK_TRANSFER,,,SIMULATED
19594,Olive Wave Ventures,CONNECT STORES,202606,161949.43,145754.49,16194.94,0.9,PENDING,MTN_INTERNAL_SETTLEMENT,,,SIMULATED
19969,River Isle Trading,DATA PARTNERS,202606,159750.28999999998,143775.26,15975.03,0.9,PENDING,BANK_TRANSFER,,,SIMULATED
19501,Laurel Peak Networks,DATA PARTNERS,202606,159024.89,143122.4,15902.49,0.9,PENDING,BANK_TRANSFER,,,SIMULATED
68028,Teal Delta Ventures,ENTERPRISE BUSINESS,202606,158969.09999999998,143072.19,15896.91,0.9,PENDING,BANK_TRANSFER,,,SIMULATED
107037,Winter Delta Ventures,FIXED BROADBAND,202606,158706.67999999996,142836.01,15870.67,0.9,PENDING,BANK_TRANSFER,,,SIMULATED
83035,Amber Park Communications,FIXED BROADBAND,202606,155564.27,140007.84,15556.43,0.9,PENDING,BANK_TRANSFER,,,SIMULATED
65032,Orchid View Networks,CONNECT HUB,202606,154738.49,139264.64,15473.85,0.9,PENDING,MTN_INTERNAL_SETTLEMENT,,,SIMULATED
19462,Orchid View Networks,DEALER,202606,153426.93,138084.24,15342.69,0.9,PENDING,BANK_TRANSFER,,,SIMULATED
19816,Winter View Communications,CONNECT STORES,202606,151908.74,136717.87,15190.87,0.9,PENDING,MTN_INTERNAL_SETTLEMENT,,,SIMULATED
290074,Ocean Field Trading,FIXED BROADBAND,202606,151378.26999999996,136240.44,15137.83,0.9,PENDING,BANK_TRANSFER,,,SIMULATED
19628,Coral Point Ventures,CONNECT STORES,202606,151177.49,60471.0,90706.49,0.4,DISPUTED,MTN_INTERNAL_SETTLEMENT,,CONFIRMED_MISMATCH,SIMULATED
78075,Jade View Ventures,FIXED BROADBAND,202606,150647.12,135582.41,15064.71,0.9,PENDING,BANK_TRANSFER,,,SIMULATED
19580,Topaz Bridge Trading,CONNECT STORES,202606,148191.51000000004,133372.36,14819.15,0.9,PENDING,MTN_INTERNAL_SETTLEMENT,,,SIMULATED
19837,Jade Haven Trading,DATA PARTNERS,202606,145892.03000000003,131302.83,14589.2,0.9,PENDING,BANK_TRANSFER,,,SIMULATED
206055,Jade Arc Ventures,CONNECT STORES,202606,145261.18,130735.06,14526.12,0.9,PENDING,MTN_INTERNAL_SETTLEMENT,,,SIMULATED
341065,Quartz Coast Networks,PENTAGON FRANCHISE,202606,145099.09999999998,130589.19,14509.91,0.9,PENDING,BANK_TRANSFER,,,SIMULATED
19615,Raven Port Trading,DATA PARTNERS,202606,143581.05,129222.94,14358.11,0.9,PENDING,BANK_TRANSFER,,,SIMULATED
19549,Azure Crest Communications,CONNECT STORES,202606,143536.58000000002,129182.92,14353.66,0.9,PENDING,MTN_INTERNAL_SETTLEMENT,,,SIMULATED
19913,Forest Lake Ventures,DEALER,202606,143118.11,128806.3,14311.81,0.9,PENDING,BANK_TRANSFER,,,SIMULATED
353073,Raven Grove Networks,ENTERPRISE BUSINESS,202606,142431.26999999996,128188.14,14243.13,0.9,PENDING,BANK_TRANSFER,,,SIMULATED
295085,Harbor Field Networks,FIXED BROADBAND,202606,141906.58999999997,127715.93,14190.66,0.9,PENDING,BANK_TRANSFER,,,SIMULATED
437141,Harbor Isle Communications,PENTAGON FRANCHISE,202606,139925.58,55970.23,83955.35,0.4,DISPUTED,BANK_TRANSFER,,CONFIRMED_MISMATCH,SIMULATED
255074,Teal Stream Networks,ENTERPRISE BUSINESS,202606,139188.52,125269.67,13918.85,0.9,PENDING,BANK_TRANSFER,,,SIMULATED
206053,Raven Arc Ventures,ENTERPRISE BUSINESS,202606,138351.46,124516.31,13835.15,0.9,PENDING,BANK_TRANSFER,,,SIMULATED
19809,Birch Point Ventures,DATA PARTNERS,202606,136314.22,122682.8,13631.42,0.9,PENDING,BANK_TRANSFER,,,SIMULATED
19577,Topaz Bridge Trading,CONNECT STORES,202606,135220.39,121698.35,13522.04,0.9,PENDING,MTN_INTERNAL_SETTLEMENT,,,SIMULATED
19571,Rowan Light Communications,CONNECT STORES,202606,133278.0,119950.2,13327.8,0.9,PENDING,MTN_INTERNAL_SETTLEMENT,,,SIMULATED
311059,Winter Horizon Trading,PENTAGON FRANCHISE,202606,132490.97999999998,52996.39,79494.59,0.4,DISPUTED,BANK_TRANSFER,,CONFIRMED_MISMATCH,SIMULATED
295084,Stone Leaf Networks,PENTAGON FRANCHISE,202606,131809.97,118628.97,13181.0,0.9,PENDING,BANK_TRANSFER,,,SIMULATED
393087,Crystal Park Ventures,PENTAGON FRANCHISE,202606,131391.36,118252.22,13139.14,0.9,PENDING,BANK_TRANSFER,,,SIMULATED
54253,Topaz Haven Ventures,DATA PARTNERS,202606,130710.37,117639.33,13071.04,0.9,PENDING,BANK_TRANSFER,,,SIMULATED
83033,Meadow Dale Trading,FIXED BROADBAND,202606,130604.27999999997,117543.85,13060.43,0.9,PENDING,BANK_TRANSFER,,,SIMULATED
19953,Opal Dale Networks,DATA PARTNERS,202606,130085.34999999998,117076.81,13008.54,0.9,PENDING,BANK_TRANSFER,,,SIMULATED
20046,Teal Ridge Ventures,DEALER,202606,127735.70999999999,114962.14,12773.57,0.9,PENDING,BANK_TRANSFER,,,SIMULATED
19642,Birch Meadow Communications,CONNECT STORES,202606,127679.77999999998,114911.8,12767.98,0.9,PENDING,MTN_INTERNAL_SETTLEMENT,,,SIMULATED
19746,Quartz Horizon Trading,CONNECT STORES,202606,126217.54,113595.79,12621.75,0.9,PENDING,MTN_INTERNAL_SETTLEMENT,,,SIMULATED
19581,Topaz Bridge Trading,CONNECT STORES,202606,125067.82,112561.04,12506.78,0.9,PENDING,MTN_INTERNAL_SETTLEMENT,,,SIMULATED
19896,Flint Grove Trading,CONNECT STORES,202606,124381.31999999999,111943.19,12438.13,0.9,PENDING,MTN_INTERNAL_SETTLEMENT,,,SIMULATED
19579,Topaz Bridge Trading,CONNECT STORES,202606,123812.02999999998,111430.83,12381.2,0.9,PENDING,MTN_INTERNAL_SETTLEMENT,,,SIMULATED
19415,Spruce Sky Trading,DATA PARTNERS,202606,123750.38999999997,111375.35,12375.04,0.9,PENDING,BANK_TRANSFER,,,SIMULATED
19394,Pine Lake Ventures,CONNECT STORES,202606,121663.06999999999,109496.76,12166.31,0.9,PENDING,MTN_INTERNAL_SETTLEMENT,,,SIMULATED
223046,Ivory Brook Communications,FIXED BROADBAND,202606,120401.52999999997,108361.38,12040.15,0.9,PENDING,BANK_TRANSFER,,,SIMULATED
249048,Indigo Lake Trading,FIXED BROADBAND,202606,119564.38999999997,107607.95,11956.44,0.9,PENDING,BANK_TRANSFER,,,SIMULATED
74054,Teal Port Networks,FIXED BROADBAND,202606,117889.92999999998,106100.94,11788.99,0.9,PENDING,BANK_TRANSFER,,,SIMULATED
78074,Harbor Moon Ventures,FIXED BROADBAND,202606,116896.51999999997,105206.87,11689.65,0.9,PENDING,BANK_TRANSFER,,,SIMULATED
19619,Golden Moon Communications,CONNECT STORES,202606,116745.92,105071.33,11674.59,0.9,PENDING,MTN_INTERNAL_SETTLEMENT,,,SIMULATED
19583,Topaz Bridge Trading,CONNECT STORES,202606,116064.96999999997,104458.47,11606.5,0.9,PENDING,MTN_INTERNAL_SETTLEMENT,,,SIMULATED
19817,Winter View Communications,CONNECT STORES,202606,115746.7,104172.03,11574.67,0.9,PENDING,MTN_INTERNAL_SETTLEMENT,,,SIMULATED
379092,Azure Trail Networks,PENTAGON FRANCHISE,202606,113865.88999999998,102479.3,11386.59,0.9,PENDING,BANK_TRANSFER,,,SIMULATED
19434,Crystal Leaf Ventures,DATA PARTNERS,202606,111566.44999999998,100409.8,11156.65,0.9,PENDING,BANK_TRANSFER,,,SIMULATED
19582,Topaz Bridge Trading,CONNECT STORES,202606,108892.96999999999,98003.67,10889.3,0.9,PENDING,MTN_INTERNAL_SETTLEMENT,,,SIMULATED
19347,Jade Arc Trading,CONNECT STORES,202606,107849.16,43139.66,64709.5,0.4,DISPUTED,MTN_INTERNAL_SETTLEMENT,,CONFIRMED_MISMATCH,SIMULATED
19559,Coral Wave Networks,DATA PARTNERS,202606,107687.23999999998,96918.52,10768.72,0.9,PENDING,BANK_TRANSFER,,,SIMULATED
19448,Hazel Meadow Trading,DATA PARTNERS,202606,107112.31999999999,42844.93,64267.39,0.4,DISPUTED,BANK_TRANSFER,,CONFIRMED_MISMATCH,SIMULATED
19335,Raven View Networks,CONNECT STORES,202606,106537.43999999997,63922.46,42614.98,0.6,PARTIALLY_PAID,MTN_INTERNAL_SETTLEMENT,2026-07-30,HIGH_UNQUALIFIED_RATE,SIMULATED
19569,Rowan Light Communications,CONNECT STORES,202606,104656.61,94190.95,10465.66,0.9,PENDING,MTN_INTERNAL_SETTLEMENT,,,SIMULATED
60025,Forest Arc Trading,DATA PARTNERS,202606,103763.49999999997,93387.15,10376.35,0.9,PENDING,BANK_TRANSFER,,,SIMULATED
239048,Stone Leaf Networks,FIXED BROADBAND,202606,103501.11999999998,93151.01,10350.11,0.9,PENDING,BANK_TRANSFER,,,SIMULATED
19327,Raven Trail Networks,DATA PARTNERS,202606,102401.63999999998,92161.48,10240.16,0.9,PENDING,BANK_TRANSFER,,,SIMULATED
130062,Amber Arc Communications,ENTERPRISE BUSINESS,202606,101776.57999999997,91598.92,10177.66,0.9,PENDING,BANK_TRANSFER,,,SIMULATED
19779,Swift Stone Networks,DATA PARTNERS,202606,99945.90999999997,89951.32,9994.59,0.9,PENDING,BANK_TRANSFER,,,SIMULATED
396095,Ivory Stone Ventures,FIXED BROADBAND,202606,99633.34999999999,89670.01,9963.34,0.9,PENDING,BANK_TRANSFER,,,SIMULATED
19687,Ivory Stone Communications,CONNECT STORES,202606,98372.04999999999,88534.84,9837.21,0.9,PENDING,MTN_INTERNAL_SETTLEMENT,,,SIMULATED
19825,Juniper Shore Networks,DATA PARTNERS,202606,97746.76999999999,87972.09,9774.68,0.9,PENDING,BANK_TRANSFER,,,SIMULATED
95039,Pearl Haven Ventures,FIXED BROADBAND,202606,96541.13999999998,86887.03,9654.11,0.9,PENDING,BANK_TRANSFER,,,SIMULATED
19531,Orchid Stream Networks,CONNECT STORES,202606,95916.23999999999,86324.62,9591.62,0.9,PENDING,MTN_INTERNAL_SETTLEMENT,,,SIMULATED
294071,Linden Crest Communications,FIXED BROADBAND,202606,95916.12,86324.51,9591.61,0.9,PENDING,BANK_TRANSFER,,,SIMULATED
19932,Swift Meadow Ventures,CONNECT STORES,202606,95653.79999999999,86088.42,9565.38,0.9,PENDING,MTN_INTERNAL_SETTLEMENT,,,SIMULATED
19590,Spruce Brook Trading,DATA PARTNERS,202606,94604.41999999998,85143.98,9460.44,0.9,PENDING,BANK_TRANSFER,,,SIMULATED
347061,Silver Valley Ventures,ENTERPRISE BUSINESS,202606,94559.94999999998,85103.95,9456.0,0.9,PENDING,BANK_TRANSFER,,,SIMULATED
65036,Aspen Sky Trading,CONNECT HUB,202606,94241.67999999998,84817.51,9424.17,0.9,PENDING,MTN_INTERNAL_SETTLEMENT,,,SIMULATED
353062,Spruce Star Ventures,PENTAGON FRANCHISE,202606,93248.20999999999,83923.39,9324.82,0.9,PENDING,BANK_TRANSFER,,,SIMULATED
367077,Golden Vale Trading,FIXED BROADBAND,202606,93192.33999999998,83873.11,9319.23,0.9,PENDING,BANK_TRANSFER,,,SIMULATED
349078,Raven Horizon Communications,PENTAGON FRANCHISE,202606,93142.11999999997,37256.85,55885.27,0.4,DISPUTED,BANK_TRANSFER,,CONFIRMED_MISMATCH,SIMULATED
162043,Teal Ridge Ventures,CONNECT HUB,202606,92985.88999999998,83687.3,9298.59,0.9,PENDING,MTN_INTERNAL_SETTLEMENT,,,SIMULATED
19903,Linden Valley Ventures,CONNECT STORES,202606,92879.81999999999,83591.84,9287.98,0.9,PENDING,MTN_INTERNAL_SETTLEMENT,,,SIMULATED
19938,Willow Point Networks,DATA PARTNERS,202606,89162.64999999998,80246.38,8916.27,0.9,PENDING,BANK_TRANSFER,,,SIMULATED
20018,Linden Light Ventures,DATA PARTNERS,202606,88743.99999999999,79869.6,8874.4,0.9,PENDING,BANK_TRANSFER,,,SIMULATED
19952,Swift Ridge Ventures,DATA PARTNERS,202606,88537.50999999998,79683.76,8853.75,0.9,PENDING,BANK_TRANSFER,,,SIMULATED
19895,Flint Grove Trading,CONNECT STORES,202606,88119.09999999999,79307.19,8811.91,0.9,PENDING,MTN_INTERNAL_SETTLEMENT,,,SIMULATED
342067,Oak Wave Networks,PENTAGON FRANCHISE,202606,86444.49999999999,34577.8,51866.7,0.4,DISPUTED,BANK_TRANSFER,,CONFIRMED_MISMATCH,SIMULATED
19796,Jade Lake Communications,CONNECT STORES,202606,86444.47999999998,77800.03,8644.45,0.9,PENDING,MTN_INTERNAL_SETTLEMENT,,,SIMULATED
19605,Rowan Stone Trading,DATA PARTNERS,202606,85400.84999999998,76860.76,8540.09,0.9,PENDING,BANK_TRANSFER,,,SIMULATED
357091,Willow Delta Communications,PENTAGON FRANCHISE,202606,85244.57999999999,76720.12,8524.46,0.9,PENDING,BANK_TRANSFER,,,SIMULATED
19570,Rowan Light Communications,CONNECT STORES,202606,84145.04,75730.54,8414.5,0.9,PENDING,MTN_INTERNAL_SETTLEMENT,,,SIMULATED
65027,Coral Trail Ventures,DATA PARTNERS,202606,84145.03999999998,75730.54,8414.5,0.9,PENDING,BANK_TRANSFER,,,SIMULATED
19368,Jade Point Trading,CONNECT STORES,202606,84139.26999999999,50483.56,33655.71,0.6,PARTIALLY_PAID,MTN_INTERNAL_SETTLEMENT,2026-07-30,HIGH_UNQUALIFIED_RATE,SIMULATED
165043,Topaz Bridge Trading,CONNECT HUB,202606,83882.76,75494.48,8388.28,0.9,PENDING,MTN_INTERNAL_SETTLEMENT,,,SIMULATED
65034,Topaz Bridge Trading,CONNECT HUB,202606,83307.81999999998,74977.04,8330.78,0.9,PENDING,MTN_INTERNAL_SETTLEMENT,,,SIMULATED
113031,Golden Dale Communications,CONNECT HUB,202606,82208.28,73987.45,8220.83,0.9,PENDING,MTN_INTERNAL_SETTLEMENT,,,SIMULATED
332069,Linden Light Ventures,FIXED BROADBAND,202606,81471.48,73324.33,8147.15,0.9,PENDING,BANK_TRANSFER,,,SIMULATED
351061,Birch Path Networks,CONNECT HUB,202606,80790.56999999999,72711.51,8079.06,0.9,PENDING,MTN_INTERNAL_SETTLEMENT,,,SIMULATED
19916,Sage Dale Trading,DATA PARTNERS,202606,80059.35999999999,72053.42,8005.94,0.9,PENDING,BANK_TRANSFER,,,SIMULATED
19838,Laurel Park Trading,CONNECT STORES,202606,80009.15999999997,72008.24,8000.92,0.9,PENDING,MTN_INTERNAL_SETTLEMENT,,,SIMULATED
21240,Harbor Meadow Networks,DATA PARTNERS,202606,79434.36,31773.74,47660.62,0.4,DISPUTED,BANK_TRANSFER,,CONFIRMED_MISMATCH,SIMULATED
115057,Indigo Crown Networks,CONNECT HUB,202606,78597.11999999998,70737.41,7859.71,0.9,PENDING,MTN_INTERNAL_SETTLEMENT,,,SIMULATED
385085,Juniper Shore Communications,PENTAGON FRANCHISE,202606,77028.76999999999,69325.89,7702.88,0.9,PENDING,BANK_TRANSFER,,,SIMULATED
296075,Amber Isle Networks,PENTAGON FRANCHISE,202606,77023.05999999998,69320.75,7702.31,0.9,PENDING,BANK_TRANSFER,,,SIMULATED
19511,Teal Vale Trading,DATA PARTNERS,202606,76085.48,68476.93,7608.55,0.9,PENDING,BANK_TRANSFER,,,SIMULATED
19960,Meadow Wind Networks,CONNECT STORES,202606,73573.87999999999,66216.49,7357.39,0.9,PENDING,MTN_INTERNAL_SETTLEMENT,,,SIMULATED
19959,Meadow Wind Networks,CONNECT STORES,202606,72943.18999999999,65648.87,7294.32,0.9,PENDING,MTN_INTERNAL_SETTLEMENT,,,SIMULATED
393086,Swift Wave Communications,PENTAGON FRANCHISE,202606,72424.16,65181.74,7242.42,0.9,PENDING,BANK_TRANSFER,,,SIMULATED
162044,Jade Lake Communications,CONNECT HUB,202606,71581.16999999998,64423.05,7158.12,0.9,PENDING,MTN_INTERNAL_SETTLEMENT,,,SIMULATED
20047,Teal Ridge Ventures,CONNECT STORES,202606,71531.01,64377.91,7153.1,0.9,PENDING,MTN_INTERNAL_SETTLEMENT,,,SIMULATED
19957,Meadow Wind Networks,CONNECT STORES,202606,71112.4,42667.44,28444.96,0.6,PARTIALLY_PAID,MTN_INTERNAL_SETTLEMENT,2026-07-30,HIGH_UNQUALIFIED_RATE,SIMULATED
365080,Willow Brook Networks,PENTAGON FRANCHISE,202606,70693.86999999998,63624.48,7069.39,0.9,PENDING,BANK_TRANSFER,,,SIMULATED
19951,Coral Reach Trading,DATA PARTNERS,202606,70325.4,63292.86,7032.54,0.9,PENDING,BANK_TRANSFER,,,SIMULATED
19919,Sunset Path Trading,CONNECT STORES,202606,70068.76999999999,63061.89,7006.88,0.9,PENDING,MTN_INTERNAL_SETTLEMENT,,,SIMULATED
275053,Opal Dale Networks,ENTERPRISE BUSINESS,202606,69806.42999999998,62825.79,6980.64,0.9,PENDING,BANK_TRANSFER,,,SIMULATED
19668,Fern Horizon Ventures,DATA PARTNERS,202606,69488.15999999999,62539.34,6948.82,0.9,PENDING,BANK_TRANSFER,,,SIMULATED
65030,Ivory Brook Communications,DATA PARTNERS,202606,68494.72999999998,61645.26,6849.47,0.9,PENDING,BANK_TRANSFER,,,SIMULATED
19591,Golden Spring Communications,CONNECT STORES,202606,68238.09999999999,40942.86,27295.24,0.6,PARTIALLY_PAID,MTN_INTERNAL_SETTLEMENT,2026-07-30,HIGH_UNQUALIFIED_RATE,SIMULATED
83034,Elm Stream Trading,FIXED BROADBAND,202606,67813.82,61032.44,6781.38,0.9,PENDING,BANK_TRANSFER,,,SIMULATED
19436,Birch Dale Communications,CONNECT STORES,202606,67813.73999999999,61032.37,6781.37,0.9,PENDING,MTN_INTERNAL_SETTLEMENT,,,SIMULATED
19529,Ocean Brook Ventures,DATA PARTNERS,202606,66557.98999999999,59902.19,6655.8,0.9,PENDING,BANK_TRANSFER,,,SIMULATED
21280,Maple Meadow Trading,DEALER,202606,66557.96999999999,59902.17,6655.8,0.9,PENDING,BANK_TRANSFER,,,SIMULATED
113048,Willow Lake Communications,CONNECT HUB,202606,66557.94999999998,59902.15,6655.8,0.9,PENDING,MTN_INTERNAL_SETTLEMENT,,,SIMULATED
357092,Maple Stream Communications,PENTAGON FRANCHISE,202606,66195.27,59575.74,6619.53,0.9,PENDING,BANK_TRANSFER,,,SIMULATED
26035,Ember Grove Communications,DATA PARTNERS,202606,66089.2,59480.28,6608.92,0.9,PENDING,BANK_TRANSFER,,,SIMULATED
257067,Laurel Dale Ventures,ENTERPRISE BUSINESS,202606,65826.85999999999,59244.17,6582.69,0.9,PENDING,BANK_TRANSFER,,,SIMULATED
310068,Crystal Grove Trading,PENTAGON FRANCHISE,202606,65358.07000000001,58822.26,6535.81,0.9,PENDING,BANK_TRANSFER,,,SIMULATED
19941,Olive Point Ventures,DEALER,202606,65302.15999999999,58771.94,6530.22,0.9,PENDING,BANK_TRANSFER,,,SIMULATED
400090,Rowan Port Trading,PENTAGON FRANCHISE,202606,64046.30999999998,57641.68,6404.63,0.9,PENDING,BANK_TRANSFER,,,SIMULATED
373071,Meadow Hill Ventures,PENTAGON FRANCHISE,202606,63839.89999999998,57455.91,6383.99,0.9,PENDING,BANK_TRANSFER,,,SIMULATED
360067,Rowan Vale Trading,ENTERPRISE BUSINESS,202606,63577.53999999999,57219.79,6357.75,0.9,PENDING,BANK_TRANSFER,,,SIMULATED
19332,Ruby Brook Communications,DATA PARTNERS,202606,63471.44999999998,57124.3,6347.15,0.9,PENDING,BANK_TRANSFER,,,SIMULATED
379094,Indigo Wind Trading,ENTERPRISE BUSINESS,202606,61852.95999999999,55667.66,6185.3,0.9,PENDING,BANK_TRANSFER,,,SIMULATED
107046,Birch Hill Trading,ENTERPRISE BUSINESS,202606,61534.76999999998,55381.29,6153.48,0.9,PENDING,BANK_TRANSFER,,,SIMULATED
26037,Crystal Stream Networks,DATA PARTNERS,202606,61116.139999999985,55004.53,6111.61,0.9,PENDING,BANK_TRANSFER,,,SIMULATED
19713,Aspen Delta Networks,DATA PARTNERS,202606,60909.689999999995,54818.72,6090.97,0.9,PENDING,BANK_TRANSFER,,,SIMULATED
333068,Raven Sky Networks,PENTAGON FRANCHISE,202606,60753.45999999999,54678.11,6075.35,0.9,PENDING,BANK_TRANSFER,,,SIMULATED
19463,Orchid View Networks,CONNECT STORES,202606,60440.899999999994,36264.54,24176.36,0.6,PARTIALLY_PAID,MTN_INTERNAL_SETTLEMENT,2026-07-30,HIGH_UNQUALIFIED_RATE,SIMULATED
107031,Pearl Park Ventures,ENTERPRISE BUSINESS,202606,60122.649999999994,54110.38,6012.27,0.9,PENDING,BANK_TRANSFER,,,SIMULATED
19497,Teal Isle Trading,CONNECT STORES,202606,59860.28999999998,53874.26,5986.03,0.9,PENDING,MTN_INTERNAL_SETTLEMENT,,,SIMULATED
441144,Teal Field Ventures,PENTAGON FRANCHISE,202606,59185.09,53266.58,5918.51,0.9,PENDING,BANK_TRANSFER,,,SIMULATED
19716,Topaz Hill Communications,DATA PARTNERS,202606,59023.25,53120.93,5902.32,0.9,PENDING,BANK_TRANSFER,,,SIMULATED
19795,Jade Lake Communications,CONNECT STORES,202606,59023.130000000005,53120.82,5902.31,0.9,PENDING,MTN_INTERNAL_SETTLEMENT,,,SIMULATED
19504,Raven Leaf Trading,DATA PARTNERS,202606,58816.659999999996,35290.0,23526.66,0.6,PARTIALLY_PAID,BANK_TRANSFER,2026-07-30,HIGH_UNQUALIFIED_RATE,SIMULATED
19596,Olive Wave Ventures,CONNECT STORES,202606,58554.31999999999,52698.89,5855.43,0.9,PENDING,MTN_INTERNAL_SETTLEMENT,,,SIMULATED
351059,Flint Leaf Trading,PENTAGON FRANCHISE,202606,58504.139999999985,52653.73,5850.41,0.9,PENDING,BANK_TRANSFER,,,SIMULATED
325070,Birch Wave Ventures,PENTAGON FRANCHISE,202606,58185.89,52367.3,5818.59,0.9,PENDING,BANK_TRANSFER,,,SIMULATED
19880,Laurel Crown Networks,CONNECT STORES,202606,57404.57999999999,22961.83,34442.75,0.4,DISPUTED,MTN_INTERNAL_SETTLEMENT,,CONFIRMED_MISMATCH,SIMULATED
361063,Pine Delta Communications,PENTAGON FRANCHISE,202606,57142.239999999976,51428.02,5714.22,0.9,PENDING,BANK_TRANSFER,,,SIMULATED
19829,Dawn Horizon Trading,DATA PARTNERS,202606,56930.07999999999,51237.07,5693.01,0.9,PENDING,BANK_TRANSFER,,,SIMULATED
366074,Ivory Light Networks,PENTAGON FRANCHISE,202606,56879.919999999984,51191.93,5687.99,0.9,PENDING,BANK_TRANSFER,,,SIMULATED
19341,Stone Wind Communications,CONNECT STORES,202606,56829.719999999994,51146.75,5682.97,0.9,PENDING,MTN_INTERNAL_SETTLEMENT,,,SIMULATED
19496,Teal Isle Trading,CONNECT STORES,202606,56617.53999999999,50955.79,5661.75,0.9,PENDING,MTN_INTERNAL_SETTLEMENT,,,SIMULATED
19556,Teal Reach Networks,CONNECT STORES,202606,56567.38,33940.43,22626.95,0.6,PARTIALLY_PAID,MTN_INTERNAL_SETTLEMENT,2026-07-30,HIGH_UNQUALIFIED_RATE,SIMULATED
353072,River Isle Ventures,PENTAGON FRANCHISE,202606,56511.45,50860.31,5651.14,0.9,PENDING,BANK_TRANSFER,,,SIMULATED
19867,Azure Isle Trading,DATA PARTNERS,202606,56511.44999999998,50860.3,5651.15,0.9,PENDING,BANK_TRANSFER,,,SIMULATED
170045,Teal Wave Trading,DATA PARTNERS,202606,56461.32999999999,50815.2,5646.13,0.9,PENDING,BANK_TRANSFER,,,SIMULATED
203044,Sage Arc Ventures,CONNECT STORES,202606,56042.759999999995,50438.48,5604.28,0.9,PENDING,MTN_INTERNAL_SETTLEMENT,,,SIMULATED
365110,Golden Star Ventures,PENTAGON FRANCHISE,202606,55518.039999999986,49966.24,5551.8,0.9,PENDING,BANK_TRANSFER,,,SIMULATED
84621,Cedar Haven Trading,FIXED BROADBAND,202606,55361.77,49825.59,5536.18,0.9,PENDING,BANK_TRANSFER,,,SIMULATED
345059,Ember Path Networks,PENTAGON FRANCHISE,202606,55361.75,49825.58,5536.17,0.9,PENDING,BANK_TRANSFER,,,SIMULATED
19568,Rowan Light Communications,CONNECT STORES,202606,55255.63999999999,49730.08,5525.56,0.9,PENDING,MTN_INTERNAL_SETTLEMENT,,,SIMULATED
388084,Laurel Field Networks,ENTERPRISE BUSINESS,202606,55155.31999999999,49639.79,5515.53,0.9,PENDING,BANK_TRANSFER,,,SIMULATED
19354,Pearl Wave Communications,DATA PARTNERS,202606,54837.04999999999,49353.34,5483.71,0.9,PENDING,BANK_TRANSFER,,,SIMULATED
365078,Oak Dale Ventures,PENTAGON FRANCHISE,202606,53949.749999999985,48554.77,5394.98,0.9,PENDING,BANK_TRANSFER,,,SIMULATED
19406,Ocean Leaf Networks,DATA PARTNERS,202606,53843.64,48459.28,5384.36,0.9,PENDING,BANK_TRANSFER,,,SIMULATED
19682,Forest Vale Communications,CONNECT STORES,202606,53843.59999999999,48459.24,5384.36,0.9,PENDING,MTN_INTERNAL_SETTLEMENT,,,SIMULATED
290072,Linden Light Ventures,PENTAGON FRANCHISE,202606,53581.33999999999,48223.21,5358.13,0.9,PENDING,BANK_TRANSFER,,,SIMULATED
329066,Jade Star Ventures,PENTAGON FRANCHISE,202606,53581.259999999995,48223.13,5358.13,0.9,PENDING,BANK_TRANSFER,,,SIMULATED
365100,Forest Peak Networks,PENTAGON FRANCHISE,202606,53374.80999999998,48037.33,5337.48,0.9,PENDING,BANK_TRANSFER,,,SIMULATED
19673,Rowan View Ventures,CONNECT STORES,202606,53062.28999999999,31837.37,21224.92,0.6,PARTIALLY_PAID,MTN_INTERNAL_SETTLEMENT,2026-07-30,HIGH_UNQUALIFIED_RATE,SIMULATED
19931,Swift Meadow Ventures,CONNECT STORES,202606,52169.219999999994,31301.53,20867.69,0.6,PARTIALLY_PAID,MTN_INTERNAL_SETTLEMENT,2026-07-30,HIGH_UNQUALIFIED_RATE,SIMULATED
19669,Spruce Spring Ventures,CONNECT STORES,202606,51906.899999999994,46716.21,5190.69,0.9,PENDING,MTN_INTERNAL_SETTLEMENT,,,SIMULATED
180043,Orchid View Networks,CONNECT HUB,202606,51125.52999999999,46012.98,5112.55,0.9,PENDING,MTN_INTERNAL_SETTLEMENT,,,SIMULATED
311077,Flint Grove Trading,FIXED BROADBAND,202606,51069.619999999995,45962.66,5106.96,0.9,PENDING,BANK_TRANSFER,,,SIMULATED
271053,Willow Stream Ventures,ENTERPRISE BUSINESS,202606,50550.67,45495.6,5055.07,0.9,PENDING,BANK_TRANSFER,,,SIMULATED
357062,Golden Vale Trading,ENTERPRISE BUSINESS,202606,50494.78,45445.3,5049.48,0.9,PENDING,BANK_TRANSFER,,,SIMULATED
310067,Aspen Sky Communications,PENTAGON FRANCHISE,202606,50232.399999999994,45209.16,5023.24,0.9,PENDING,BANK_TRANSFER,,,SIMULATED
280069,Sage Isle Ventures,PENTAGON FRANCHISE,202606,50182.25999999998,45164.03,5018.23,0.9,PENDING,BANK_TRANSFER,,,SIMULATED
19740,Indigo Crown Networks,CONNECT STORES,202606,50076.18999999999,45068.57,5007.62,0.9,PENDING,MTN_INTERNAL_SETTLEMENT,,,SIMULATED
287073,Pine Bay Networks,PENTAGON FRANCHISE,202606,50025.98999999999,45023.39,5002.6,0.9,PENDING,BANK_TRANSFER,,,SIMULATED
240048,Maple Port Ventures,ENTERPRISE BUSINESS,202606,49869.719999999994,44882.75,4986.97,0.9,PENDING,BANK_TRANSFER,,,SIMULATED
65026,Stone Light Networks,DATA PARTNERS,202606,49395.259999999995,44455.73,4939.53,0.9,PENDING,BANK_TRANSFER,,,SIMULATED
349076,Hazel Coast Trading,PENTAGON FRANCHISE,202606,49395.2,44455.68,4939.52,0.9,PENDING,BANK_TRANSFER,,,SIMULATED
337090,Sunset Horizon Communications,PENTAGON FRANCHISE,202606,49395.2,44455.68,4939.52,0.9,PENDING,BANK_TRANSFER,,,SIMULATED
107036,Stone Leaf Networks,ENTERPRISE BUSINESS,202606,49238.96999999999,44315.07,4923.9,0.9,PENDING,BANK_TRANSFER,,,SIMULATED
332064,Silver Sky Trading,PENTAGON FRANCHISE,202606,48820.39999999998,43938.36,4882.04,0.9,PENDING,BANK_TRANSFER,,,SIMULATED
19732,Hazel Wood Communications,DATA PARTNERS,202606,48820.359999999986,43938.32,4882.04,0.9,PENDING,BANK_TRANSFER,,,SIMULATED
19629,Coral Point Ventures,CONNECT STORES,202606,48351.56999999999,29010.94,19340.63,0.6,PARTIALLY_PAID,MTN_INTERNAL_SETTLEMENT,2026-07-30,HIGH_UNQUALIFIED_RATE,SIMULATED
19831,Pearl Horizon Communications,DATA PARTNERS,202606,47983.17999999998,43184.86,4798.32,0.9,PENDING,BANK_TRANSFER,,,SIMULATED
232043,River Wood Ventures,FIXED BROADBAND,202606,47720.78,42948.7,4772.08,0.9,PENDING,BANK_TRANSFER,,,SIMULATED
19502,Swift Stone Ventures,DATA PARTNERS,202606,47564.61,42808.15,4756.46,0.9,PENDING,BANK_TRANSFER,,,SIMULATED
153031,Coral Point Ventures,CONNECT HUB,202606,47514.369999999995,42762.93,4751.44,0.9,PENDING,MTN_INTERNAL_SETTLEMENT,,,SIMULATED
19622,Ember Crest Networks,DATA PARTNERS,202606,47145.959999999985,42431.36,4714.6,0.9,PENDING,BANK_TRANSFER,,,SIMULATED
360059,Crystal Arc Ventures,PENTAGON FRANCHISE,202606,46989.70999999999,42290.74,4698.97,0.9,PENDING,BANK_TRANSFER,,,SIMULATED
295081,River Moon Networks,PENTAGON FRANCHISE,202606,46989.669999999984,42290.7,4698.97,0.9,PENDING,BANK_TRANSFER,,,SIMULATED
365103,Pine Valley Ventures,PENTAGON FRANCHISE,202606,46571.17999999999,41914.06,4657.12,0.9,PENDING,BANK_TRANSFER,,,SIMULATED
197043,Forest Delta Ventures,FIXED BROADBAND,202606,46414.82999999999,41773.35,4641.48,0.9,PENDING,BANK_TRANSFER,,,SIMULATED
355062,Harbor Moon Ventures,PENTAGON FRANCHISE,202606,46102.31,18440.92,27661.39,0.4,DISPUTED,BANK_TRANSFER,,CONFIRMED_MISMATCH,SIMULATED
26033,Quartz Trail Communications,DATA PARTNERS,202606,46046.43999999999,41441.8,4604.64,0.9,PENDING,BANK_TRANSFER,,,SIMULATED
160046,Aspen Sky Trading,CONNECT HUB,202606,45733.95999999999,41160.56,4573.4,0.9,PENDING,MTN_INTERNAL_SETTLEMENT,,,SIMULATED
19646,Rowan Wind Trading,DEALER,202606,45577.62999999999,41019.87,4557.76,0.9,PENDING,BANK_TRANSFER,,,SIMULATED
71031,Forest Bridge Networks,DATA PARTNERS,202606,45315.28999999999,40783.76,4531.53,0.9,PENDING,BANK_TRANSFER,,,SIMULATED
347062,Harbor Field Networks,ENTERPRISE BUSINESS,202606,44634.29999999999,40170.87,4463.43,0.9,PENDING,BANK_TRANSFER,,,SIMULATED
19813,Harbor Sky Communications,DATA PARTNERS,202606,44372.0,39934.8,4437.2,0.9,PENDING,BANK_TRANSFER,,,SIMULATED
19631,Coral Point Ventures,CONNECT STORES,202606,44059.44,39653.5,4405.94,0.9,PENDING,MTN_INTERNAL_SETTLEMENT,,,SIMULATED
19385,Pearl Park Trading,DEALER,202606,43953.46999999999,39558.12,4395.35,0.9,PENDING,BANK_TRANSFER,,,SIMULATED
239047,Aspen Wind Networks,FIXED BROADBAND,202606,43378.50999999999,17351.4,26027.11,0.4,DISPUTED,BANK_TRANSFER,,CONFIRMED_MISMATCH,SIMULATED
206069,Willow Lake Communications,ENTERPRISE BUSINESS,202606,43116.149999999994,38804.53,4311.62,0.9,PENDING,BANK_TRANSFER,,,SIMULATED
20048,Teal Ridge Ventures,CONNECT STORES,202606,42697.59999999999,38427.84,4269.76,0.9,PENDING,MTN_INTERNAL_SETTLEMENT,,,SIMULATED
19330,Golden Crown Trading,DATA PARTNERS,202606,42697.56,38427.8,4269.76,0.9,PENDING,BANK_TRANSFER,,,SIMULATED
342077,Teal Stream Networks,PENTAGON FRANCHISE,202606,42697.53999999999,38427.79,4269.75,0.9,PENDING,BANK_TRANSFER,,,SIMULATED
113032,Amber Beacon Trading,CONNECT HUB,202606,42385.03999999998,38146.54,4238.5,0.9,PENDING,MTN_INTERNAL_SETTLEMENT,,,SIMULATED
19879,Laurel Crown Networks,CONNECT STORES,202606,42228.77,38005.89,4222.88,0.9,PENDING,MTN_INTERNAL_SETTLEMENT,,,SIMULATED
93033,Elm Bridge Networks,FIXED BROADBAND,202606,41860.34,37674.31,4186.03,0.9,PENDING,BANK_TRANSFER,,,SIMULATED
19688,Ivory Stone Communications,CONNECT STORES,202606,41704.149999999994,37533.73,4170.42,0.9,PENDING,MTN_INTERNAL_SETTLEMENT,,,SIMULATED
345066,Oak Star Ventures,PENTAGON FRANCHISE,202606,41704.09,37533.68,4170.41,0.9,PENDING,BANK_TRANSFER,,,SIMULATED
74055,Sunset Path Trading,CONNECT STORES,202606,41079.049999999996,24647.43,16431.62,0.6,PARTIALLY_PAID,MTN_INTERNAL_SETTLEMENT,2026-07-30,HIGH_UNQUALIFIED_RATE,SIMULATED
322068,Ember Leaf Communications,ENTERPRISE BUSINESS,202606,41079.049999999996,36971.14,4107.91,0.9,PENDING,BANK_TRANSFER,,,SIMULATED
306061,Hazel Leaf Communications,PENTAGON FRANCHISE,202606,41023.15999999999,36920.84,4102.32,0.9,PENDING,BANK_TRANSFER,,,SIMULATED
355064,Raven Arc Ventures,PENTAGON FRANCHISE,202606,40866.89,36780.2,4086.69,0.9,PENDING,BANK_TRANSFER,,,SIMULATED
19427,Flint Vale Ventures,CONNECT STORES,202606,40866.869999999995,24520.12,16346.75,0.6,PARTIALLY_PAID,MTN_INTERNAL_SETTLEMENT,2026-07-30,HIGH_UNQUALIFIED_RATE,SIMULATED
19805,Harbor Shore Ventures,DEALER,202606,40604.67,36544.2,4060.47,0.9,PENDING,BANK_TRANSFER,,,SIMULATED
19495,Teal Isle Trading,CONNECT STORES,202606,40604.59,36544.13,4060.46,0.9,PENDING,MTN_INTERNAL_SETTLEMENT,,,SIMULATED
205043,Sage Arc Ventures,CONNECT STORES,202606,40604.53,24362.72,16241.81,0.6,PARTIALLY_PAID,MTN_INTERNAL_SETTLEMENT,2026-07-30,HIGH_UNQUALIFIED_RATE,SIMULATED
19675,Dawn Path Ventures,DATA PARTNERS,202606,40185.97999999998,36167.38,4018.6,0.9,PENDING,BANK_TRANSFER,,,SIMULATED
63049,Sunset Reach Trading,DATA PARTNERS,202606,40185.95999999999,36167.36,4018.6,0.9,PENDING,BANK_TRANSFER,,,SIMULATED
355063,Quartz Park Trading,PENTAGON FRANCHISE,202606,39979.509999999995,35981.56,3997.95,0.9,PENDING,BANK_TRANSFER,,,SIMULATED
19807,Winter Wave Trading,DATA PARTNERS,202606,39767.34999999999,35790.61,3976.74,0.9,PENDING,BANK_TRANSFER,,,SIMULATED
19369,Jade Point Trading,CONNECT STORES,202606,39611.06,23766.64,15844.42,0.6,PARTIALLY_PAID,MTN_INTERNAL_SETTLEMENT,2026-07-30,HIGH_UNQUALIFIED_RATE,SIMULATED
294094,Meadow Dale Trading,PENTAGON FRANCHISE,202606,39611.05999999999,35649.95,3961.11,0.9,PENDING,BANK_TRANSFER,,,SIMULATED
19411,Jade Lake Ventures,DEALER,202606,39348.740000000005,35413.87,3934.87,0.9,PENDING,BANK_TRANSFER,,,SIMULATED
19537,Maple Isle Communications,CONNECT STORES,202606,39348.719999999994,23609.23,15739.49,0.6,PARTIALLY_PAID,MTN_INTERNAL_SETTLEMENT,2026-07-30,HIGH_UNQUALIFIED_RATE,SIMULATED
19902,Linden Valley Ventures,CONNECT STORES,202606,39142.28999999999,23485.37,15656.92,0.6,PARTIALLY_PAID,MTN_INTERNAL_SETTLEMENT,2026-07-30,HIGH_UNQUALIFIED_RATE,SIMULATED
19472,Laurel Horizon Communications,DATA PARTNERS,202606,38930.14999999999,35037.13,3893.02,0.9,PENDING,BANK_TRANSFER,,,SIMULATED
295093,Rowan Bridge Networks,PENTAGON FRANCHISE,202606,38879.98999999999,34991.99,3888.0,0.9,PENDING,BANK_TRANSFER,,,SIMULATED
19674,Laurel Trail Trading,DATA PARTNERS,202606,38773.87999999999,34896.49,3877.39,0.9,PENDING,BANK_TRANSFER,,,SIMULATED
19753,Dawn Dale Networks,DATA PARTNERS,202606,38511.579999999994,34660.42,3851.16,0.9,PENDING,BANK_TRANSFER,,,SIMULATED
19866,Willow Beacon Ventures,DATA PARTNERS,202606,38511.51999999999,34660.37,3851.15,0.9,PENDING,BANK_TRANSFER,,,SIMULATED
19672,Maple Beacon Trading,DATA PARTNERS,202606,38355.27,34519.74,3835.53,0.9,PENDING,BANK_TRANSFER,,,SIMULATED
19486,Flint Brook Communications,DATA PARTNERS,202606,37936.65999999999,34142.99,3793.67,0.9,PENDING,BANK_TRANSFER,,,SIMULATED
203045,Sage Arc Ventures,CONNECT STORES,202606,37780.38999999999,22668.23,15112.16,0.6,PARTIALLY_PAID,MTN_INTERNAL_SETTLEMENT,2026-07-30,HIGH_UNQUALIFIED_RATE,SIMULATED
19351,Sage Glen Ventures,CONNECT STORES,202606,37674.35999999999,33906.92,3767.44,0.9,PENDING,MTN_INTERNAL_SETTLEMENT,,,SIMULATED
19393,Pine Lake Ventures,CONNECT STORES,202606,37674.299999999996,33906.87,3767.43,0.9,PENDING,MTN_INTERNAL_SETTLEMENT,,,SIMULATED
19904,Linden Valley Ventures,CONNECT STORES,202606,37624.159999999996,22574.5,15049.66,0.6,PARTIALLY_PAID,MTN_INTERNAL_SETTLEMENT,2026-07-30,HIGH_UNQUALIFIED_RATE,SIMULATED
296078,Juniper Light Networks,PENTAGON FRANCHISE,202606,37518.07,33766.26,3751.81,0.9,PENDING,BANK_TRANSFER,,,SIMULATED
19389,Sage Crown Communications,DATA PARTNERS,202606,37518.049999999996,33766.24,3751.81,0.9,PENDING,BANK_TRANSFER,,,SIMULATED
344066,Quartz Park Trading,PENTAGON FRANCHISE,202606,37361.85999999999,33625.67,3736.19,0.9,PENDING,BANK_TRANSFER,,,SIMULATED
19692,Laurel Grove Trading,DATA PARTNERS,202606,37255.76999999999,33530.19,3725.58,0.9,PENDING,BANK_TRANSFER,,,SIMULATED
21284,Ember Coast Trading,DEALER,202606,37205.57,33485.01,3720.56,0.9,PENDING,BANK_TRANSFER,,,SIMULATED
19718,Juniper Brook Ventures,DEALER,202606,36837.15999999999,33153.44,3683.72,0.9,PENDING,BANK_TRANSFER,,,SIMULATED
351060,Amber Meadow Ventures,ENTERPRISE BUSINESS,202606,36418.49,32776.64,3641.85,0.9,PENDING,BANK_TRANSFER,,,SIMULATED
311074,Linden Park Communications,PENTAGON FRANCHISE,202606,36418.49,32776.64,3641.85,0.9,PENDING,BANK_TRANSFER,,,SIMULATED
265053,Pearl Park Ventures,FIXED BROADBAND,202606,35999.899999999994,32399.91,3599.99,0.9,PENDING,BANK_TRANSFER,,,SIMULATED
391085,Raven Point Ventures,ENTERPRISE BUSINESS,202606,35999.899999999994,32399.91,3599.99,0.9,PENDING,BANK_TRANSFER,,,SIMULATED
294129,River Isle Ventures,PENTAGON FRANCHISE,202606,35949.719999999994,32354.75,3594.97,0.9,PENDING,BANK_TRANSFER,,,SIMULATED
334059,Harbor Moon Ventures,PENTAGON FRANCHISE,202606,35843.65,32259.29,3584.36,0.9,PENDING,BANK_TRANSFER,,,SIMULATED
19639,Coral Shore Communications,DATA PARTNERS,202606,35581.35,32023.22,3558.13,0.9,PENDING,BANK_TRANSFER,,,SIMULATED
19985,Orchid Wood Ventures,DATA PARTNERS,202606,35581.329999999994,32023.2,3558.13,0.9,PENDING,BANK_TRANSFER,,,SIMULATED
19343,Sunset Leaf Ventures,CONNECT STORES,202606,35268.78999999999,21161.27,14107.52,0.6,PARTIALLY_PAID,MTN_INTERNAL_SETTLEMENT,2026-07-30,HIGH_UNQUALIFIED_RATE,SIMULATED
240047,Jade View Ventures,ENTERPRISE BUSINESS,202606,34744.13,31269.72,3474.41,0.9,PENDING,BANK_TRANSFER,,,SIMULATED
19518,Harbor Lake Networks,DATA PARTNERS,202606,34744.13,31269.72,3474.41,0.9,PENDING,BANK_TRANSFER,,,SIMULATED
19360,Swift Park Communications,DATA PARTNERS,202606,34744.09,31269.68,3474.41,0.9,PENDING,BANK_TRANSFER,,,SIMULATED
388071,Birch Lake Networks,PENTAGON FRANCHISE,202606,34693.95,31224.55,3469.4,0.9,PENDING,BANK_TRANSFER,,,SIMULATED
21257,Oak Crest Networks,CONNECT STORES,202606,33906.92999999999,30516.24,3390.69,0.9,PENDING,MTN_INTERNAL_SETTLEMENT,,,SIMULATED
332068,Jade Trail Networks,FIXED BROADBAND,202606,33906.87,30516.18,3390.69,0.9,PENDING,BANK_TRANSFER,,,SIMULATED
19370,Jade Point Trading,CONNECT STORES,202606,33906.87,20344.12,13562.75,0.6,PARTIALLY_PAID,MTN_INTERNAL_SETTLEMENT,2026-07-30,HIGH_UNQUALIFIED_RATE,SIMULATED
380078,Meadow Haven Networks,PENTAGON FRANCHISE,202606,33856.73,30471.06,3385.67,0.9,PENDING,BANK_TRANSFER,,,SIMULATED
19400,Harbor Moon Communications,CONNECT STORES,202606,33488.399999999994,30139.56,3348.84,0.9,PENDING,MTN_INTERNAL_SETTLEMENT,,,SIMULATED
75031,Quartz Crown Networks,DATA PARTNERS,202606,33069.729999999996,29762.76,3306.97,0.9,PENDING,BANK_TRANSFER,,,SIMULATED
19814,Winter Stone Trading,DATA PARTNERS,202606,33069.71,29762.74,3306.97,0.9,PENDING,BANK_TRANSFER,,,SIMULATED
19517,Laurel Shore Networks,DATA PARTNERS,202606,33069.71,29762.74,3306.97,0.9,PENDING,BANK_TRANSFER,,,SIMULATED
347066,Aspen Glen Communications,FIXED BROADBAND,202606,32913.42,29622.08,3291.34,0.9,PENDING,BANK_TRANSFER,,,SIMULATED
379093,Birch Wave Ventures,PENTAGON FRANCHISE,202606,32863.24,29576.92,3286.32,0.9,PENDING,BANK_TRANSFER,,,SIMULATED
367085,Rowan Horizon Communications,PENTAGON FRANCHISE,202606,32757.15,29481.44,3275.71,0.9,PENDING,BANK_TRANSFER,,,SIMULATED
19365,Jade Point Trading,CONNECT STORES,202606,32651.06,29385.95,3265.11,0.9,PENDING,MTN_INTERNAL_SETTLEMENT,,,SIMULATED
323083,Linden Wood Communications,PENTAGON FRANCHISE,202606,32600.92,29340.83,3260.09,0.9,PENDING,BANK_TRANSFER,,,SIMULATED
356083,Willow Stream Ventures,PENTAGON FRANCHISE,202606,32600.92,29340.83,3260.09,0.9,PENDING,BANK_TRANSFER,,,SIMULATED
357096,Crystal Leaf Trading,PENTAGON FRANCHISE,202606,32232.51000000001,29009.26,3223.25,0.9,PENDING,BANK_TRANSFER,,,SIMULATED
311073,Pine Bridge Trading,PENTAGON FRANCHISE,202606,32182.289999999997,28964.06,3218.23,0.9,PENDING,BANK_TRANSFER,,,SIMULATED
337061,Fern Light Ventures,PENTAGON FRANCHISE,202606,31919.989999999998,28727.99,3192.0,0.9,PENDING,BANK_TRANSFER,,,SIMULATED
115033,Meadow Wind Networks,CONNECT HUB,202606,31813.959999999992,28632.56,3181.4,0.9,PENDING,MTN_INTERNAL_SETTLEMENT,,,SIMULATED
255072,Olive Wave Ventures,CONNECT HUB,202606,31395.250000000004,28255.73,3139.52,0.9,PENDING,MTN_INTERNAL_SETTLEMENT,,,SIMULATED
19641,Birch Meadow Communications,DATA PARTNERS,202606,31345.09,28210.58,3134.51,0.9,PENDING,BANK_TRANSFER,,,SIMULATED
19901,Linden Valley Ventures,CONNECT STORES,202606,31239.0,28115.1,3123.9,0.9,PENDING,MTN_INTERNAL_SETTLEMENT,,,SIMULATED
147031,Amber Lake Trading,CONNECT HUB,202606,30976.66,27878.99,3097.67,0.9,PENDING,MTN_INTERNAL_SETTLEMENT,,,SIMULATED
19679,Olive Stone Communications,DATA PARTNERS,202606,30976.659999999996,27878.99,3097.67,0.9,PENDING,BANK_TRANSFER,,,SIMULATED
350061,Olive Stream Ventures,PENTAGON FRANCHISE,202606,30976.659999999996,27878.99,3097.67,0.9,PENDING,BANK_TRANSFER,,,SIMULATED
19894,Pine Coast Ventures,DEALER,202606,30558.149999999998,27502.33,3055.82,0.9,PENDING,BANK_TRANSFER,,,SIMULATED
349085,Cedar Bay Trading,ENTERPRISE BUSINESS,202606,30558.049999999996,27502.24,3055.81,0.9,PENDING,BANK_TRANSFER,,,SIMULATED
19551,Stone Peak Networks,DATA PARTNERS,202606,30558.049999999996,27502.24,3055.81,0.9,PENDING,BANK_TRANSFER,,,SIMULATED
19917,Sunset Path Trading,CONNECT STORES,202606,30245.530000000002,27220.98,3024.55,0.9,PENDING,MTN_INTERNAL_SETTLEMENT,,,SIMULATED
19804,Harbor Shore Ventures,DEALER,202606,30139.48,27125.53,3013.95,0.9,PENDING,BANK_TRANSFER,,,SIMULATED
186044,Silver Moon Ventures,FIXED BROADBAND,202606,30139.46,18083.68,12055.78,0.6,PARTIALLY_PAID,BANK_TRANSFER,2026-07-30,HIGH_UNQUALIFIED_RATE,SIMULATED
19897,Flint Grove Trading,CONNECT STORES,202606,29720.949999999997,26748.85,2972.1,0.9,PENDING,MTN_INTERNAL_SETTLEMENT,,,SIMULATED
19695,Jade Park Ventures,DEALER,202606,29720.91,26748.82,2972.09,0.9,PENDING,BANK_TRANSFER,,,SIMULATED
430145,Amber Leaf Networks,PENTAGON FRANCHISE,202606,29720.85000000001,26748.77,2972.08,0.9,PENDING,BANK_TRANSFER,,,SIMULATED
295091,Spruce Point Ventures,PENTAGON FRANCHISE,202606,29720.850000000002,26748.77,2972.08,0.9,PENDING,BANK_TRANSFER,,,SIMULATED
391081,Rowan Grove Trading,PENTAGON FRANCHISE,202606,29670.689999999995,26703.62,2967.07,0.9,PENDING,BANK_TRANSFER,,,SIMULATED
95038,Spruce Point Communications,FIXED BROADBAND,202606,29564.620000000003,26608.16,2956.46,0.9,PENDING,BANK_TRANSFER,,,SIMULATED
19775,Fern Valley Ventures,DATA PARTNERS,202606,29408.33,26467.5,2940.83,0.9,PENDING,BANK_TRANSFER,,,SIMULATED
53023,Ivory Moon Ventures,DATA PARTNERS,202606,29302.239999999998,26372.02,2930.22,0.9,PENDING,BANK_TRANSFER,,,SIMULATED
19339,Sunset Stone Networks,DATA PARTNERS,202606,28989.74,26090.77,2898.97,0.9,PENDING,BANK_TRANSFER,,,SIMULATED
350065,Opal Beacon Ventures,PENTAGON FRANCHISE,202606,28989.739999999998,26090.77,2898.97,0.9,PENDING,BANK_TRANSFER,,,SIMULATED
19485,Topaz Shore Ventures,DATA PARTNERS,202606,28883.63000000001,25995.27,2888.36,0.9,PENDING,BANK_TRANSFER,,,SIMULATED
416149,Coral Sky Trading,PENTAGON FRANCHISE,202606,28883.629999999997,25995.27,2888.36,0.9,PENDING,BANK_TRANSFER,,,SIMULATED
19685,Ivory Stone Communications,DEALER,202606,28571.129999999997,25714.02,2857.11,0.9,PENDING,BANK_TRANSFER,,,SIMULATED
27023,Ivory Valley Networks,DATA PARTNERS,202606,28046.470000000005,25241.82,2804.65,0.9,PENDING,BANK_TRANSFER,,,SIMULATED
19616,Flint Field Networks,DATA PARTNERS,202606,28046.45000000001,25241.81,2804.64,0.9,PENDING,BANK_TRANSFER,,,SIMULATED
344068,River Wood Ventures,PENTAGON FRANCHISE,202606,28046.43000000001,25241.79,2804.64,0.9,PENDING,BANK_TRANSFER,,,SIMULATED
349087,Golden Point Networks,ENTERPRISE BUSINESS,202606,28046.430000000008,25241.79,2804.64,0.9,PENDING,BANK_TRANSFER,,,SIMULATED
345068,Ocean Coast Communications,PENTAGON FRANCHISE,202606,28046.430000000008,25241.79,2804.64,0.9,PENDING,BANK_TRANSFER,,,SIMULATED
21247,Linden Hill Communications,DATA PARTNERS,202606,28046.430000000008,25241.79,2804.64,0.9,PENDING,BANK_TRANSFER,,,SIMULATED
19834,Flint Port Ventures,CONNECT STORES,202606,28046.429999999997,25241.79,2804.64,0.9,PENDING,MTN_INTERNAL_SETTLEMENT,,,SIMULATED
19431,Ivory Delta Ventures,CONNECT STORES,202606,27996.27,16797.76,11198.51,0.6,PARTIALLY_PAID,MTN_INTERNAL_SETTLEMENT,2026-07-30,HIGH_UNQUALIFIED_RATE,SIMULATED
357075,Silver Trail Trading,FIXED BROADBAND,202606,27733.910000000003,16640.35,11093.56,0.6,PARTIALLY_PAID,BANK_TRANSFER,2026-07-30,HIGH_UNQUALIFIED_RATE,SIMULATED
174046,Indigo Crown Networks,ENTERPRISE BUSINESS,202606,27627.9,24865.11,2762.79,0.9,PENDING,BANK_TRANSFER,,,SIMULATED
294086,Spruce Brook Trading,PENTAGON FRANCHISE,202606,27627.840000000007,24865.06,2762.78,0.9,PENDING,BANK_TRANSFER,,,SIMULATED
113033,Pearl Beacon Communications,CONNECT HUB,202606,27627.820000000007,24865.04,2762.78,0.9,PENDING,MTN_INTERNAL_SETTLEMENT,,,SIMULATED
353064,Amber Wood Networks,PENTAGON FRANCHISE,202606,27627.82,24865.04,2762.78,0.9,PENDING,BANK_TRANSFER,,,SIMULATED
353069,Opal Brook Networks,PENTAGON FRANCHISE,202606,27627.82,11051.13,16576.69,0.4,DISPUTED,BANK_TRANSFER,,CONFIRMED_MISMATCH,SIMULATED
19483,Pine Ridge Ventures,DATA PARTNERS,202606,27209.250000000004,24488.33,2720.92,0.9,PENDING,BANK_TRANSFER,,,SIMULATED
19353,Stone Dale Networks,DATA PARTNERS,202606,27209.230000000003,16325.54,10883.69,0.6,PARTIALLY_PAID,BANK_TRANSFER,2026-07-30,HIGH_UNQUALIFIED_RATE,SIMULATED
19659,Cedar Point Trading,DATA PARTNERS,202606,27209.230000000003,24488.31,2720.92,0.9,PENDING,BANK_TRANSFER,,,SIMULATED
253047,Raven Moon Communications,ENTERPRISE BUSINESS,202606,27052.959999999995,24347.66,2705.3,0.9,PENDING,BANK_TRANSFER,,,SIMULATED
19425,Hazel View Trading,DATA PARTNERS,202606,26896.71,24207.04,2689.67,0.9,PENDING,BANK_TRANSFER,,,SIMULATED
19399,Harbor Moon Communications,CONNECT STORES,202606,26790.72,24111.65,2679.07,0.9,PENDING,MTN_INTERNAL_SETTLEMENT,,,SIMULATED
26034,Forest Sky Trading,DATA PARTNERS,202606,26790.660000000007,24111.59,2679.07,0.9,PENDING,BANK_TRANSFER,,,SIMULATED
19508,River Stream Networks,DATA PARTNERS,202606,26790.640000000003,24111.58,2679.06,0.9,PENDING,BANK_TRANSFER,,,SIMULATED
311068,Azure Wave Networks,FIXED BROADBAND,202606,26790.62,24111.56,2679.06,0.9,PENDING,BANK_TRANSFER,,,SIMULATED
19849,Topaz Meadow Ventures,DATA PARTNERS,202606,26478.119999999995,23830.31,2647.81,0.9,PENDING,BANK_TRANSFER,,,SIMULATED
19840,Laurel Park Trading,CONNECT STORES,202606,26372.010000000002,23734.81,2637.2,0.9,PENDING,MTN_INTERNAL_SETTLEMENT,,,SIMULATED
333070,Azure Sky Trading,PENTAGON FRANCHISE,202606,26372.01,23734.81,2637.2,0.9,PENDING,BANK_TRANSFER,,,SIMULATED
310071,Sage Glen Trading,PENTAGON FRANCHISE,202606,25953.420000000006,23358.08,2595.34,0.9,PENDING,BANK_TRANSFER,,,SIMULATED
295079,Maple Grove Networks,PENTAGON FRANCHISE,202606,25797.15,23217.44,2579.71,0.9,PENDING,BANK_TRANSFER,,,SIMULATED
73036,River Field Trading,DATA PARTNERS,202606,25640.899999999998,23076.81,2564.09,0.9,PENDING,BANK_TRANSFER,,,SIMULATED
19424,Fern Park Communications,DATA PARTNERS,202606,25534.83000000001,22981.35,2553.48,0.9,PENDING,BANK_TRANSFER,,,SIMULATED
281061,Linden Field Communications,PENTAGON FRANCHISE,202606,25116.28,22604.65,2511.63,0.9,PENDING,BANK_TRANSFER,,,SIMULATED
325064,Opal Ridge Communications,ENTERPRISE BUSINESS,202606,24959.95,22463.96,2495.99,0.9,PENDING,BANK_TRANSFER,,,SIMULATED
19912,Fern Brook Ventures,DATA PARTNERS,202606,24697.65,22227.89,2469.76,0.9,PENDING,BANK_TRANSFER,,,SIMULATED
21217,Silver Grove Communications,ENTERPRISE BUSINESS,202606,24279.000000000004,21851.1,2427.9,0.9,PENDING,BANK_TRANSFER,,,SIMULATED
115058,Juniper Bridge Trading,CONNECT HUB,202606,24122.770000000008,21710.49,2412.28,0.9,PENDING,MTN_INTERNAL_SETTLEMENT,,,SIMULATED
385083,Birch Wind Communications,PENTAGON FRANCHISE,202606,23966.5,21569.85,2396.65,0.9,PENDING,BANK_TRANSFER,,,SIMULATED
337058,Oak Reach Trading,PENTAGON FRANCHISE,202606,23860.43,21474.39,2386.04,0.9,PENDING,BANK_TRANSFER,,,SIMULATED
19595,Olive Wave Ventures,CONNECT STORES,202606,23860.410000000003,14316.25,9544.16,0.6,PARTIALLY_PAID,MTN_INTERNAL_SETTLEMENT,2026-07-30,HIGH_UNQUALIFIED_RATE,SIMULATED
19981,Oak Hill Communications,DATA PARTNERS,202606,23860.410000000003,21474.37,2386.04,0.9,PENDING,BANK_TRANSFER,,,SIMULATED
332062,Laurel Coast Communications,PENTAGON FRANCHISE,202606,23860.390000000003,21474.35,2386.04,0.9,PENDING,BANK_TRANSFER,,,SIMULATED
148031,Birch Path Networks,CONNECT HUB,202606,23860.39,21474.35,2386.04,0.9,PENDING,MTN_INTERNAL_SETTLEMENT,,,SIMULATED
19845,Willow Horizon Networks,CONNECT STORES,202606,23704.18,14222.51,9481.67,0.6,PARTIALLY_PAID,MTN_INTERNAL_SETTLEMENT,2026-07-30,HIGH_UNQUALIFIED_RATE,SIMULATED
19469,Jade Spring Ventures,DATA PARTNERS,202606,23441.840000000004,21097.66,2344.18,0.9,PENDING,BANK_TRANSFER,,,SIMULATED
19386,Pearl Park Trading,DEALER,202606,23441.839999999997,21097.66,2344.18,0.9,PENDING,BANK_TRANSFER,,,SIMULATED
19503,Linden Path Networks,DATA PARTNERS,202606,23441.839999999997,21097.66,2344.18,0.9,PENDING,BANK_TRANSFER,,,SIMULATED
63048,Maple Beacon Ventures,DATA PARTNERS,202606,23441.82,21097.64,2344.18,0.9,PENDING,BANK_TRANSFER,,,SIMULATED
284087,Fern Meadow Ventures,PENTAGON FRANCHISE,202606,23441.800000000003,21097.62,2344.18,0.9,PENDING,BANK_TRANSFER,,,SIMULATED
186043,Teal Isle Trading,CONNECT HUB,202606,23023.23,20720.91,2302.32,0.9,PENDING,MTN_INTERNAL_SETTLEMENT,,,SIMULATED
21238,Rowan Vale Trading,DATA PARTNERS,202606,22866.960000000006,13720.18,9146.78,0.6,PARTIALLY_PAID,BANK_TRANSFER,2026-07-30,HIGH_UNQUALIFIED_RATE,SIMULATED
317059,Aspen Summit Ventures,FIXED BROADBAND,202606,22710.67,20439.6,2271.07,0.9,PENDING,BANK_TRANSFER,,,SIMULATED
19560,Spruce Bridge Communications,CONNECT STORES,202606,22604.64,20344.18,2260.46,0.9,PENDING,MTN_INTERNAL_SETTLEMENT,,,SIMULATED
294062,River Brook Trading,PENTAGON FRANCHISE,202606,22604.620000000003,20344.16,2260.46,0.9,PENDING,BANK_TRANSFER,,,SIMULATED
21256,Oak Crest Networks,CONNECT STORES,202606,22604.6,20344.14,2260.46,0.9,PENDING,MTN_INTERNAL_SETTLEMENT,,,SIMULATED
19812,Hazel Bay Trading,DATA PARTNERS,202606,22604.580000000005,20344.12,2260.46,0.9,PENDING,BANK_TRANSFER,,,SIMULATED
19438,Birch Dale Communications,CONNECT STORES,202606,22604.58,13562.75,9041.83,0.6,PARTIALLY_PAID,MTN_INTERNAL_SETTLEMENT,2026-07-30,HIGH_UNQUALIFIED_RATE,SIMULATED
19384,Pearl Park Trading,DEALER,202606,22448.33,20203.5,2244.83,0.9,PENDING,BANK_TRANSFER,,,SIMULATED
19944,Rowan Hill Trading,CONNECT STORES,202606,22448.329999999998,13469.0,8979.33,0.6,PARTIALLY_PAID,MTN_INTERNAL_SETTLEMENT,2026-07-30,HIGH_UNQUALIFIED_RATE,SIMULATED
26036,Hazel Ridge Networks,DATA PARTNERS,202606,21767.420000000006,19590.68,2176.74,0.9,PENDING,BANK_TRANSFER,,,SIMULATED
19920,Sunset Path Trading,CONNECT STORES,202606,21767.4,19590.66,2176.74,0.9,PENDING,MTN_INTERNAL_SETTLEMENT,,,SIMULATED
327087,Meadow Bay Communications,PENTAGON FRANCHISE,202606,21767.38,19590.64,2176.74,0.9,PENDING,BANK_TRANSFER,,,SIMULATED
19792,Sunset Port Ventures,DEALER,202606,21348.809999999998,19213.93,2134.88,0.9,PENDING,BANK_TRANSFER,,,SIMULATED
19677,Oak Stream Communications,DATA PARTNERS,202606,21348.79,19213.91,2134.88,0.9,PENDING,BANK_TRANSFER,,,SIMULATED
423151,Flint Hill Communications,ENTERPRISE BUSINESS,202606,21348.770000000004,19213.89,2134.88,0.9,PENDING,BANK_TRANSFER,,,SIMULATED
19921,Sunset Path Trading,CONNECT STORES,202606,21348.77,19213.89,2134.88,0.9,PENDING,MTN_INTERNAL_SETTLEMENT,,,SIMULATED
19422,Amber Lake Trading,DEALER,202606,20930.22,18837.2,2093.02,0.9,PENDING,BANK_TRANSFER,,,SIMULATED
19686,Ivory Stone Communications,CONNECT STORES,202606,20930.219999999998,12558.13,8372.09,0.6,PARTIALLY_PAID,MTN_INTERNAL_SETTLEMENT,2026-07-30,HIGH_UNQUALIFIED_RATE,SIMULATED
255048,Quartz Delta Ventures,PENTAGON FRANCHISE,202606,20930.200000000004,18837.18,2093.02,0.9,PENDING,BANK_TRANSFER,,,SIMULATED
365126,Birch Stone Trading,PENTAGON FRANCHISE,202606,20930.180000000004,18837.16,2093.02,0.9,PENDING,BANK_TRANSFER,,,SIMULATED
19815,Willow Lake Communications,DEALER,202606,20930.18,18837.16,2093.02,0.9,PENDING,BANK_TRANSFER,,,SIMULATED
357069,Dawn Lake Networks,PENTAGON FRANCHISE,202606,20930.18,18837.16,2093.02,0.9,PENDING,BANK_TRANSFER,,,SIMULATED
19847,Forest Ridge Communications,DATA PARTNERS,202606,20511.570000000003,18460.41,2051.16,0.9,PENDING,BANK_TRANSFER,,,SIMULATED
19530,Silver Dale Ventures,DATA PARTNERS,202606,20511.57,18460.41,2051.16,0.9,PENDING,BANK_TRANSFER,,,SIMULATED
20041,Olive Stream Ventures,DATA PARTNERS,202606,20093.019999999997,18083.72,2009.3,0.9,PENDING,BANK_TRANSFER,,,SIMULATED
374077,Sage Dale Trading,PENTAGON FRANCHISE,202606,20092.960000000003,18083.66,2009.3,0.9,PENDING,BANK_TRANSFER,,,SIMULATED
357093,Meadow Crown Communications,PENTAGON FRANCHISE,202606,19936.75,17943.08,1993.67,0.9,PENDING,BANK_TRANSFER,,,SIMULATED
311072,Coral View Communications,PENTAGON FRANCHISE,202606,19936.71,17943.04,1993.67,0.9,PENDING,BANK_TRANSFER,,,SIMULATED
115034,Flint Grove Trading,CONNECT HUB,202606,19780.46,17802.41,1978.05,0.9,PENDING,MTN_INTERNAL_SETTLEMENT,,,SIMULATED
377075,Winter Summit Trading,PENTAGON FRANCHISE,202606,19780.46,17802.41,1978.05,0.9,PENDING,BANK_TRANSFER,,,SIMULATED
413208,Meadow Brook Networks,PENTAGON FRANCHISE,202606,19674.39,17706.95,1967.44,0.9,PENDING,BANK_TRANSFER,,,SIMULATED
341062,Quartz Leaf Trading,PENTAGON FRANCHISE,202606,19674.370000000003,17706.93,1967.44,0.9,PENDING,BANK_TRANSFER,,,SIMULATED
19488,Crystal Summit Networks,DATA PARTNERS,202606,19518.12,17566.31,1951.81,0.9,PENDING,BANK_TRANSFER,,,SIMULATED
19694,Maple Meadow Trading,DEALER,202606,19255.780000000002,17330.2,1925.58,0.9,PENDING,BANK_TRANSFER,,,SIMULATED
365121,Raven Hill Trading,PENTAGON FRANCHISE,202606,19255.760000000002,17330.18,1925.58,0.9,PENDING,BANK_TRANSFER,,,SIMULATED
19627,Coral Point Ventures,CONNECT STORES,202606,19255.76,11553.46,7702.3,0.6,PARTIALLY_PAID,MTN_INTERNAL_SETTLEMENT,2026-07-30,HIGH_UNQUALIFIED_RATE,SIMULATED
19966,River Star Communications,DEALER,202606,19099.53,17189.58,1909.95,0.9,PENDING,BANK_TRANSFER,,,SIMULATED
19803,Harbor Shore Ventures,DEALER,202606,19099.510000000002,17189.56,1909.95,0.9,PENDING,BANK_TRANSFER,,,SIMULATED
19910,Jade Light Networks,DATA PARTNERS,202606,18837.170000000002,16953.45,1883.72,0.9,PENDING,BANK_TRANSFER,,,SIMULATED
19464,Orchid View Networks,CONNECT STORES,202606,18837.15,11302.29,7534.86,0.6,PARTIALLY_PAID,MTN_INTERNAL_SETTLEMENT,2026-07-30,HIGH_UNQUALIFIED_RATE,SIMULATED
413173,Harbor Horizon Ventures,PENTAGON FRANCHISE,202606,18837.15,16953.44,1883.71,0.9,PENDING,BANK_TRANSFER,,,SIMULATED
19994,Teal Port Networks,ENTERPRISE BUSINESS,202606,18837.149999999998,16953.43,1883.72,0.9,PENDING,BANK_TRANSFER,,,SIMULATED
295082,Harbor Grove Networks,PENTAGON FRANCHISE,202606,18837.149999999998,16953.43,1883.72,0.9,PENDING,BANK_TRANSFER,,,SIMULATED
314062,Crystal Isle Ventures,PENTAGON FRANCHISE,202606,18837.149999999998,16953.43,1883.72,0.9,PENDING,BANK_TRANSFER,,,SIMULATED
280061,Juniper Bridge Trading,PENTAGON FRANCHISE,202606,18418.58,16576.72,1841.86,0.9,PENDING,BANK_TRANSFER,,,SIMULATED
19524,Flint Isle Trading,DATA PARTNERS,202606,18418.56,11051.14,7367.42,0.6,PARTIALLY_PAID,BANK_TRANSFER,2026-07-30,HIGH_UNQUALIFIED_RATE,SIMULATED
19640,Teal Haven Trading,DATA PARTNERS,202606,18418.56,16576.7,1841.86,0.9,PENDING,BANK_TRANSFER,,,SIMULATED
311058,Quartz Star Ventures,PENTAGON FRANCHISE,202606,18262.309999999998,16436.08,1826.23,0.9,PENDING,BANK_TRANSFER,,,SIMULATED
319059,Dawn Wind Trading,PENTAGON FRANCHISE,202606,18262.29,16436.06,1826.23,0.9,PENDING,BANK_TRANSFER,,,SIMULATED
19936,Azure Reach Networks,DATA PARTNERS,202606,17999.95,16199.96,1799.99,0.9,PENDING,BANK_TRANSFER,,,SIMULATED
360060,Oak Horizon Trading,PENTAGON FRANCHISE,202606,17843.699999999997,16059.33,1784.37,0.9,PENDING,BANK_TRANSFER,,,SIMULATED
294073,Stone Wind Trading,ENTERPRISE BUSINESS,202606,17687.43,15918.69,1768.74,0.9,PENDING,BANK_TRANSFER,,,SIMULATED
19553,Elm Spring Communications,DEALER,202606,17687.43,15918.69,1768.74,0.9,PENDING,BANK_TRANSFER,,,SIMULATED
19788,Maple Wave Networks,CONNECT STORES,202606,17581.4,15823.26,1758.14,0.9,PENDING,MTN_INTERNAL_SETTLEMENT,,,SIMULATED
19905,Linden Valley Ventures,CONNECT STORES,202606,17581.379999999997,10548.83,7032.55,0.6,PARTIALLY_PAID,MTN_INTERNAL_SETTLEMENT,2026-07-30,HIGH_UNQUALIFIED_RATE,SIMULATED
179044,Birch Crown Ventures,ENTERPRISE BUSINESS,202606,17581.36,15823.22,1758.14,0.9,PENDING,BANK_TRANSFER,,,SIMULATED
19784,Raven Isle Communications,DEALER,202606,17581.34,15823.21,1758.13,0.9,PENDING,BANK_TRANSFER,,,SIMULATED
337092,Pearl Haven Ventures,PENTAGON FRANCHISE,202606,17581.339999999997,15823.21,1758.13,0.9,PENDING,BANK_TRANSFER,,,SIMULATED
19323,Ember Coast Trading,DEALER,202606,17425.09,15682.58,1742.51,0.9,PENDING,BANK_TRANSFER,,,SIMULATED
392087,Fern Point Networks,PENTAGON FRANCHISE,202606,17162.79,15446.51,1716.28,0.9,PENDING,BANK_TRANSFER,,,SIMULATED
19349,Sage Glen Ventures,CONNECT STORES,202606,17162.77,15446.49,1716.28,0.9,PENDING,MTN_INTERNAL_SETTLEMENT,,,SIMULATED
19516,Aspen Reach Communications,DATA PARTNERS,202606,17162.77,15446.49,1716.28,0.9,PENDING,BANK_TRANSFER,,,SIMULATED
367087,Meadow Stream Trading,PENTAGON FRANCHISE,202606,17006.5,15305.85,1700.65,0.9,PENDING,BANK_TRANSFER,,,SIMULATED
345065,Aspen Moon Communications,PENTAGON FRANCHISE,202606,17006.48,15305.83,1700.65,0.9,PENDING,BANK_TRANSFER,,,SIMULATED
19541,Aspen Dale Ventures,CONNECT STORES,202606,16744.18,15069.76,1674.42,0.9,PENDING,MTN_INTERNAL_SETTLEMENT,,,SIMULATED
296076,Elm Field Ventures,PENTAGON FRANCHISE,202606,16744.18,15069.76,1674.42,0.9,PENDING,BANK_TRANSFER,,,SIMULATED
19787,Maple Wave Networks,CONNECT STORES,202606,16744.159999999996,15069.74,1674.42,0.9,PENDING,MTN_INTERNAL_SETTLEMENT,,,SIMULATED
20020,Maple Wave Trading,DATA PARTNERS,202606,16744.14,15069.73,1674.41,0.9,PENDING,BANK_TRANSFER,,,SIMULATED
19693,Maple Meadow Trading,DEALER,202606,16744.14,15069.73,1674.41,0.9,PENDING,BANK_TRANSFER,,,SIMULATED
19665,Swift Leaf Ventures,DATA PARTNERS,202606,16744.14,15069.73,1674.41,0.9,PENDING,BANK_TRANSFER,,,SIMULATED
20044,Teal Ridge Ventures,DEALER,202606,16744.14,15069.73,1674.41,0.9,PENDING,BANK_TRANSFER,,,SIMULATED
19606,Laurel Stream Ventures,CONNECT STORES,202606,16431.62,14788.46,1643.16,0.9,PENDING,MTN_INTERNAL_SETTLEMENT,,,SIMULATED
365128,Amber View Ventures,PENTAGON FRANCHISE,202606,16431.62,9858.97,6572.65,0.6,PARTIALLY_PAID,BANK_TRANSFER,2026-07-30,HIGH_UNQUALIFIED_RATE,SIMULATED
351058,Maple Port Ventures,PENTAGON FRANCHISE,202606,16431.62,14788.46,1643.16,0.9,PENDING,BANK_TRANSFER,,,SIMULATED
393082,Opal Dale Networks,PENTAGON FRANCHISE,202606,16431.62,14788.46,1643.16,0.9,PENDING,BANK_TRANSFER,,,SIMULATED
19922,Sunset Path Trading,CONNECT STORES,202606,16431.62,9858.97,6572.65,0.6,PARTIALLY_PAID,MTN_INTERNAL_SETTLEMENT,2026-07-30,HIGH_UNQUALIFIED_RATE,SIMULATED
295083,Sunset Crest Communications,PENTAGON FRANCHISE,202606,16431.62,14788.46,1643.16,0.9,PENDING,BANK_TRANSFER,,,SIMULATED
423155,Hazel Shore Networks,PENTAGON FRANCHISE,202606,16431.62,14788.46,1643.16,0.9,PENDING,BANK_TRANSFER,,,SIMULATED
19337,Sunset Stone Networks,CONNECT STORES,202606,16325.59,9795.35,6530.24,0.6,PARTIALLY_PAID,MTN_INTERNAL_SETTLEMENT,2026-07-30,HIGH_UNQUALIFIED_RATE,SIMULATED
19408,Sunset Wood Networks,DEALER,202606,16325.57,14693.01,1632.56,0.9,PENDING,BANK_TRANSFER,,,SIMULATED
19794,Jade Lake Communications,CONNECT STORES,202606,16325.549999999997,9795.33,6530.22,0.6,PARTIALLY_PAID,MTN_INTERNAL_SETTLEMENT,2026-07-30,HIGH_UNQUALIFIED_RATE,SIMULATED
430143,Topaz Trail Trading,PENTAGON FRANCHISE,202606,16325.529999999999,9795.32,6530.21,0.6,PARTIALLY_PAID,BANK_TRANSFER,2026-07-30,HIGH_UNQUALIFIED_RATE,SIMULATED
126031,Meadow Bay Communications,ENTERPRISE BUSINESS,202606,16325.529999999997,14692.98,1632.55,0.9,PENDING,BANK_TRANSFER,,,SIMULATED
19923,Sunset Path Trading,CONNECT STORES,202606,16169.279999999999,9701.57,6467.71,0.6,PARTIALLY_PAID,MTN_INTERNAL_SETTLEMENT,2026-07-30,HIGH_UNQUALIFIED_RATE,SIMULATED
19540,Aspen Dale Ventures,CONNECT STORES,202606,15906.98,14316.28,1590.7,0.9,PENDING,MTN_INTERNAL_SETTLEMENT,,,SIMULATED
306060,Orchid Stone Networks,PENTAGON FRANCHISE,202606,15906.96,14316.26,1590.7,0.9,PENDING,BANK_TRANSFER,,,SIMULATED
19757,Amber View Ventures,DATA PARTNERS,202606,15906.96,9544.18,6362.78,0.6,PARTIALLY_PAID,BANK_TRANSFER,2026-07-30,HIGH_UNQUALIFIED_RATE,SIMULATED
219047,Amber View Ventures,ENTERPRISE BUSINESS,202606,15906.939999999999,14316.25,1590.69,0.9,PENDING,BANK_TRANSFER,,,SIMULATED
19435,Spruce Moon Trading,DATA PARTNERS,202606,15488.329999999998,13939.5,1548.83,0.9,PENDING,BANK_TRANSFER,,,SIMULATED
378071,Meadow Reach Ventures,PENTAGON FRANCHISE,202606,15332.079999999998,13798.87,1533.21,0.9,PENDING,BANK_TRANSFER,,,SIMULATED
206054,Orchid Crown Communications,FIXED BROADBAND,202606,15069.72,13562.75,1506.97,0.9,PENDING,BANK_TRANSFER,,,SIMULATED
379099,Birch Field Ventures,PENTAGON FRANCHISE,202606,15069.719999999998,13562.75,1506.97,0.9,PENDING,BANK_TRANSFER,,,SIMULATED
314061,Linden Bay Trading,PENTAGON FRANCHISE,202606,15069.719999999998,13562.75,1506.97,0.9,PENDING,BANK_TRANSFER,,,SIMULATED
290073,Indigo Wind Communications,PENTAGON FRANCHISE,202606,15069.719999999998,13562.75,1506.97,0.9,PENDING,BANK_TRANSFER,,,SIMULATED
357064,Spruce Leaf Trading,PENTAGON FRANCHISE,202606,14913.49,13422.14,1491.35,0.9,PENDING,BANK_TRANSFER,,,SIMULATED
334061,Juniper Moon Networks,PENTAGON FRANCHISE,202606,14651.17,13186.05,1465.12,0.9,PENDING,BANK_TRANSFER,,,SIMULATED
45025,Sage Sky Trading,DATA PARTNERS,202606,14651.13,13186.02,1465.11,0.9,PENDING,BANK_TRANSFER,,,SIMULATED
388083,Maple Port Trading,ENTERPRISE BUSINESS,202606,14651.13,13186.02,1465.11,0.9,PENDING,BANK_TRANSFER,,,SIMULATED
21251,Dawn Delta Networks,DATA PARTNERS,202606,14651.13,13186.02,1465.11,0.9,PENDING,BANK_TRANSFER,,,SIMULATED
19410,Opal Grove Ventures,DATA PARTNERS,202606,14651.129999999997,13186.02,1465.11,0.9,PENDING,BANK_TRANSFER,,,SIMULATED
294092,Linden Lake Ventures,PENTAGON FRANCHISE,202606,14651.129999999997,13186.02,1465.11,0.9,PENDING,BANK_TRANSFER,,,SIMULATED
47026,Forest Hill Trading,ENTERPRISE BUSINESS,202606,14494.86,13045.37,1449.49,0.9,PENDING,BANK_TRANSFER,,,SIMULATED
19450,Quartz Isle Networks,CONNECT STORES,202606,14494.859999999999,13045.37,1449.49,0.9,PENDING,MTN_INTERNAL_SETTLEMENT,,,SIMULATED
19956,Golden Port Ventures,DATA PARTNERS,202606,14232.56,12809.3,1423.26,0.9,PENDING,BANK_TRANSFER,,,SIMULATED
350060,Amber Hill Trading,PENTAGON FRANCHISE,202606,14232.539999999999,12809.29,1423.25,0.9,PENDING,BANK_TRANSFER,,,SIMULATED
21218,Pearl Meadow Ventures,DATA PARTNERS,202606,14232.539999999999,12809.29,1423.25,0.9,PENDING,BANK_TRANSFER,,,SIMULATED
355066,Elm Shore Networks,PENTAGON FRANCHISE,202606,14232.519999999999,12809.27,1423.25,0.9,PENDING,BANK_TRANSFER,,,SIMULATED
329064,Willow Stone Trading,PENTAGON FRANCHISE,202606,14232.519999999999,12809.27,1423.25,0.9,PENDING,BANK_TRANSFER,,,SIMULATED
146041,Oak Crest Networks,CONNECT HUB,202606,13813.949999999999,12432.55,1381.4,0.9,PENDING,MTN_INTERNAL_SETTLEMENT,,,SIMULATED
19862,Olive Moon Ventures,CONNECT STORES,202606,13813.949999999999,12432.55,1381.4,0.9,PENDING,MTN_INTERNAL_SETTLEMENT,,,SIMULATED
19484,Coral Wood Communications,DATA PARTNERS,202606,13813.93,12432.54,1381.39,0.9,PENDING,BANK_TRANSFER,,,SIMULATED
350071,Meadow Beacon Networks,PENTAGON FRANCHISE,202606,13813.93,12432.54,1381.39,0.9,PENDING,BANK_TRANSFER,,,SIMULATED
19676,Ivory Crest Ventures,DATA PARTNERS,202606,13813.929999999998,12432.54,1381.39,0.9,PENDING,BANK_TRANSFER,,,SIMULATED
357098,Fern Meadow Ventures,PENTAGON FRANCHISE,202606,13813.909999999998,12432.52,1381.39,0.9,PENDING,BANK_TRANSFER,,,SIMULATED
347058,River Isle Networks,DEALER,202606,13813.909999999998,12432.52,1381.39,0.9,PENDING,BANK_TRANSFER,,,SIMULATED
319060,Teal Grove Networks,PENTAGON FRANCHISE,202606,13813.909999999998,12432.52,1381.39,0.9,PENDING,BANK_TRANSFER,,,SIMULATED
353066,Crystal Stream Networks,PENTAGON FRANCHISE,202606,13813.909999999998,12432.52,1381.39,0.9,PENDING,BANK_TRANSFER,,,SIMULATED
19321,Ember Coast Trading,DEALER,202606,13813.909999999998,12432.52,1381.39,0.9,PENDING,BANK_TRANSFER,,,SIMULATED
357073,Harbor Shore Communications,PENTAGON FRANCHISE,202606,13813.909999999998,12432.52,1381.39,0.9,PENDING,BANK_TRANSFER,,,SIMULATED
357071,Spruce Light Communications,PENTAGON FRANCHISE,202606,13813.909999999998,12432.52,1381.39,0.9,PENDING,BANK_TRANSFER,,,SIMULATED
365076,Dawn Star Ventures,PENTAGON FRANCHISE,202606,13657.659999999998,12291.89,1365.77,0.9,PENDING,BANK_TRANSFER,,,SIMULATED
19328,Golden Dale Communications,DEALER,202606,13395.34,12055.81,1339.53,0.9,PENDING,BANK_TRANSFER,,,SIMULATED
65033,Sunset Path Trading,CONNECT HUB,202606,13395.339999999998,12055.81,1339.53,0.9,PENDING,MTN_INTERNAL_SETTLEMENT,,,SIMULATED
382121,Stone Ridge Networks,PENTAGON FRANCHISE,202606,13239.07,11915.16,1323.91,0.9,PENDING,BANK_TRANSFER,,,SIMULATED
282053,Swift Moon Communications,ENTERPRISE BUSINESS,202606,12976.73,11679.06,1297.67,0.9,PENDING,BANK_TRANSFER,,,SIMULATED
71045,Ivory Bay Ventures,DATA PARTNERS,202606,12976.73,11679.06,1297.67,0.9,PENDING,BANK_TRANSFER,,,SIMULATED
19950,Jade Brook Communications,DATA PARTNERS,202606,12976.71,11679.04,1297.67,0.9,PENDING,BANK_TRANSFER,,,SIMULATED
344063,Sunset Bay Ventures,PENTAGON FRANCHISE,202606,12976.71,11679.04,1297.67,0.9,PENDING,BANK_TRANSFER,,,SIMULATED
341061,Hazel Park Communications,PENTAGON FRANCHISE,202606,12976.709999999997,11679.04,1297.67,0.9,PENDING,BANK_TRANSFER,,,SIMULATED
430142,Sunset Horizon Networks,PENTAGON FRANCHISE,202606,12820.46,11538.41,1282.05,0.9,PENDING,BANK_TRANSFER,,,SIMULATED
19475,Fern Coast Trading,DEALER,202606,12558.14,11302.33,1255.81,0.9,PENDING,BANK_TRANSFER,,,SIMULATED
19510,Winter Horizon Networks,DATA PARTNERS,202606,12558.119999999999,11302.31,1255.81,0.9,PENDING,BANK_TRANSFER,,,SIMULATED
206056,Jade Arc Ventures,CONNECT STORES,202606,12558.099999999999,7534.86,5023.24,0.6,PARTIALLY_PAID,MTN_INTERNAL_SETTLEMENT,2026-07-30,HIGH_UNQUALIFIED_RATE,SIMULATED
19429,Raven Valley Networks,DATA PARTNERS,202606,12558.099999999999,11302.29,1255.81,0.9,PENDING,BANK_TRANSFER,,,SIMULATED
19918,Sunset Path Trading,CONNECT STORES,202606,12558.099999999999,11302.29,1255.81,0.9,PENDING,MTN_INTERNAL_SETTLEMENT,,,SIMULATED
19391,Olive Gate Trading,DATA PARTNERS,202606,12558.099999999999,11302.29,1255.81,0.9,PENDING,BANK_TRANSFER,,,SIMULATED
337060,Rowan Lake Communications,PENTAGON FRANCHISE,202606,12558.099999999997,11302.29,1255.81,0.9,PENDING,BANK_TRANSFER,,,SIMULATED
19482,Olive Light Trading,DATA PARTNERS,202606,12558.099999999997,11302.29,1255.81,0.9,PENDING,BANK_TRANSFER,,,SIMULATED
206068,Jade Lake Communications,ENTERPRISE BUSINESS,202606,12401.849999999999,11161.66,1240.19,0.9,PENDING,BANK_TRANSFER,,,SIMULATED
365108,Laurel Glen Trading,PENTAGON FRANCHISE,202606,12401.849999999999,11161.66,1240.19,0.9,PENDING,BANK_TRANSFER,,,SIMULATED
19763,Juniper Moon Networks,DATA PARTNERS,202606,12139.53,10925.58,1213.95,0.9,PENDING,BANK_TRANSFER,,,SIMULATED
349080,Topaz Glen Communications,PENTAGON FRANCHISE,202606,12139.51,10925.56,1213.95,0.9,PENDING,BANK_TRANSFER,,,SIMULATED
350062,Hazel Meadow Trading,PENTAGON FRANCHISE,202606,12139.51,10925.56,1213.95,0.9,PENDING,BANK_TRANSFER,,,SIMULATED
358060,Golden Valley Communications,PENTAGON FRANCHISE,202606,11983.24,10784.92,1198.32,0.9,PENDING,BANK_TRANSFER,,,SIMULATED
19544,Aspen View Networks,DATA PARTNERS,202606,11720.92,4688.37,7032.55,0.4,DISPUTED,BANK_TRANSFER,,CONFIRMED_MISMATCH,SIMULATED
365081,Spruce Grove Ventures,PENTAGON FRANCHISE,202606,11720.92,10548.83,1172.09,0.9,PENDING,BANK_TRANSFER,,,SIMULATED
19362,Fern Wood Ventures,DATA PARTNERS,202606,11720.9,10548.81,1172.09,0.9,PENDING,BANK_TRANSFER,,,SIMULATED
328065,Willow Port Networks,PENTAGON FRANCHISE,202606,11720.9,10548.81,1172.09,0.9,PENDING,BANK_TRANSFER,,,SIMULATED
319063,Willow Shore Communications,PENTAGON FRANCHISE,202606,11720.899999999998,10548.81,1172.09,0.9,PENDING,BANK_TRANSFER,,,SIMULATED
412111,Topaz Isle Networks,PENTAGON FRANCHISE,202606,11564.65,10408.18,1156.47,0.9,PENDING,BANK_TRANSFER,,,SIMULATED
357068,Ruby Sky Trading,PENTAGON FRANCHISE,202606,11302.33,10172.1,1130.23,0.9,PENDING,BANK_TRANSFER,,,SIMULATED
19322,Ember Coast Trading,DEALER,202606,11302.310000000001,10172.08,1130.23,0.9,PENDING,BANK_TRANSFER,,,SIMULATED
413175,Ruby Hill Ventures,PENTAGON FRANCHISE,202606,11302.289999999999,10172.06,1130.23,0.9,PENDING,BANK_TRANSFER,,,SIMULATED
413177,Ruby Moon Ventures,ENTERPRISE BUSINESS,202606,11302.289999999999,10172.06,1130.23,0.9,PENDING,BANK_TRANSFER,,,SIMULATED
437144,Willow Bay Trading,PENTAGON FRANCHISE,202606,11302.289999999999,10172.06,1130.23,0.9,PENDING,BANK_TRANSFER,,,SIMULATED
19454,Hazel Hill Ventures,DATA PARTNERS,202606,11302.289999999999,10172.06,1130.23,0.9,PENDING,BANK_TRANSFER,,,SIMULATED
332061,Swift Grove Trading,PENTAGON FRANCHISE,202606,11302.289999999999,10172.06,1130.23,0.9,PENDING,BANK_TRANSFER,,,SIMULATED
327083,Teal Hill Communications,PENTAGON FRANCHISE,202606,11302.289999999999,10172.06,1130.23,0.9,PENDING,BANK_TRANSFER,,,SIMULATED
358059,Stone View Ventures,PENTAGON FRANCHISE,202606,11146.039999999999,10031.44,1114.6,0.9,PENDING,BANK_TRANSFER,,,SIMULATED
430144,Golden Bay Communications,PENTAGON FRANCHISE,202606,10883.7,9795.33,1088.37,0.9,PENDING,BANK_TRANSFER,,,SIMULATED
329072,Pine Bay Trading,PENTAGON FRANCHISE,202606,10883.699999999999,9795.33,1088.37,0.9,PENDING,BANK_TRANSFER,,,SIMULATED
19481,Orchid Point Networks,DATA PARTNERS,202606,10883.699999999999,9795.33,1088.37,0.9,PENDING,BANK_TRANSFER,,,SIMULATED
19678,Quartz Dale Ventures,DATA PARTNERS,202606,10883.699999999999,9795.33,1088.37,0.9,PENDING,BANK_TRANSFER,,,SIMULATED
410086,Willow Light Ventures,PENTAGON FRANCHISE,202606,10727.43,9654.69,1072.74,0.9,PENDING,BANK_TRANSFER,,,SIMULATED
19397,Dawn Delta Ventures,DATA PARTNERS,202606,10465.109999999999,9418.6,1046.51,0.9,PENDING,BANK_TRANSFER,,,SIMULATED
19656,Ivory Hill Communications,DATA PARTNERS,202606,10465.089999999998,9418.58,1046.51,0.9,PENDING,BANK_TRANSFER,,,SIMULATED
19741,Indigo Crown Networks,CONNECT STORES,202606,10465.089999999998,9418.58,1046.51,0.9,PENDING,MTN_INTERNAL_SETTLEMENT,,,SIMULATED
349069,Indigo Wind Trading,PENTAGON FRANCHISE,202606,10465.089999999998,9418.58,1046.51,0.9,PENDING,BANK_TRANSFER,,,SIMULATED
132031,Coral Point Ventures,CONNECT HUB,202606,10465.089999999998,9418.58,1046.51,0.9,PENDING,MTN_INTERNAL_SETTLEMENT,,,SIMULATED
19982,River Stone Trading,DATA PARTNERS,202606,10046.52,9041.87,1004.65,0.9,PENDING,BANK_TRANSFER,,,SIMULATED
418142,Maple Beacon Ventures,PENTAGON FRANCHISE,202606,10046.52,9041.87,1004.65,0.9,PENDING,BANK_TRANSFER,,,SIMULATED
366070,Forest Point Communications,PENTAGON FRANCHISE,202606,10046.52,9041.87,1004.65,0.9,PENDING,BANK_TRANSFER,,,SIMULATED
19681,Forest Vale Communications,CONNECT STORES,202606,10046.52,6027.91,4018.61,0.6,PARTIALLY_PAID,MTN_INTERNAL_SETTLEMENT,2026-07-30,HIGH_UNQUALIFIED_RATE,SIMULATED
405096,Ruby View Communications,PENTAGON FRANCHISE,202606,10046.52,9041.87,1004.65,0.9,PENDING,BANK_TRANSFER,,,SIMULATED
19515,Hazel Moon Networks,DATA PARTNERS,202606,10046.5,9041.85,1004.65,0.9,PENDING,BANK_TRANSFER,,,SIMULATED
353065,Azure Spring Trading,PENTAGON FRANCHISE,202606,10046.499999999998,9041.85,1004.65,0.9,PENDING,BANK_TRANSFER,,,SIMULATED
319061,Teal Vale Trading,PENTAGON FRANCHISE,202606,10046.48,9041.83,1004.65,0.9,PENDING,BANK_TRANSFER,,,SIMULATED
342072,Coral Spring Networks,PENTAGON FRANCHISE,202606,10046.48,9041.83,1004.65,0.9,PENDING,BANK_TRANSFER,,,SIMULATED
19416,Harbor Ridge Trading,DATA PARTNERS,202606,10046.48,9041.83,1004.65,0.9,PENDING,BANK_TRANSFER,,,SIMULATED
19350,Sage Glen Ventures,CONNECT STORES,202606,10046.48,9041.83,1004.65,0.9,PENDING,MTN_INTERNAL_SETTLEMENT,,,SIMULATED
19949,Forest Light Trading,DATA PARTNERS,202606,10046.48,9041.83,1004.65,0.9,PENDING,BANK_TRANSFER,,,SIMULATED
159043,Aspen Sky Trading,CONNECT HUB,202606,10046.479999999998,9041.83,1004.65,0.9,PENDING,MTN_INTERNAL_SETTLEMENT,,,SIMULATED
345064,Meadow Haven Networks,PENTAGON FRANCHISE,202606,9890.23,8901.21,989.02,0.9,PENDING,BANK_TRANSFER,,,SIMULATED
19662,Cedar Hill Networks,DATA PARTNERS,202606,9627.89,8665.1,962.79,0.9,PENDING,BANK_TRANSFER,,,SIMULATED
372071,Birch Ridge Communications,PENTAGON FRANCHISE,202606,9471.619999999999,8524.46,947.16,0.9,PENDING,BANK_TRANSFER,,,SIMULATED
337075,Sage Crown Ventures,PENTAGON FRANCHISE,202606,9471.619999999999,8524.46,947.16,0.9,PENDING,BANK_TRANSFER,,,SIMULATED
368078,Raven Wave Ventures,PENTAGON FRANCHISE,202606,9471.619999999999,8524.46,947.16,0.9,PENDING,BANK_TRANSFER,,,SIMULATED
400091,Olive Vale Trading,PENTAGON FRANCHISE,202606,9471.619999999999,8524.46,947.16,0.9,PENDING,BANK_TRANSFER,,,SIMULATED
113047,Quartz Crown Networks,CONNECT HUB,202606,9471.619999999999,8524.46,947.16,0.9,PENDING,MTN_INTERNAL_SETTLEMENT,,,SIMULATED
350067,Amber Horizon Communications,ENTERPRISE BUSINESS,202606,9471.619999999999,8524.46,947.16,0.9,PENDING,BANK_TRANSFER,,,SIMULATED
409090,Cedar Isle Ventures,PENTAGON FRANCHISE,202606,9471.619999999999,8524.46,947.16,0.9,PENDING,BANK_TRANSFER,,,SIMULATED
342069,Aspen Reach Ventures,PENTAGON FRANCHISE,202606,9471.619999999999,8524.46,947.16,0.9,PENDING,BANK_TRANSFER,,,SIMULATED
313062,Laurel Leaf Trading,ENTERPRISE BUSINESS,202606,9471.619999999999,8524.46,947.16,0.9,PENDING,BANK_TRANSFER,,,SIMULATED
322064,Ivory Valley Trading,PENTAGON FRANCHISE,202606,9471.619999999999,5682.97,3788.65,0.6,PARTIALLY_PAID,BANK_TRANSFER,2026-07-30,HIGH_UNQUALIFIED_RATE,SIMULATED
281062,Jade Delta Networks,PENTAGON FRANCHISE,202606,9209.279999999999,8288.35,920.93,0.9,PENDING,BANK_TRANSFER,,,SIMULATED
360063,Teal Ridge Ventures,PENTAGON FRANCHISE,202606,9209.279999999999,8288.35,920.93,0.9,PENDING,BANK_TRANSFER,,,SIMULATED
361069,Forest Reach Communications,PENTAGON FRANCHISE,202606,8790.69,7911.62,879.07,0.9,PENDING,BANK_TRANSFER,,,SIMULATED
19567,Teal Ridge Trading,DATA PARTNERS,202606,8790.69,5274.41,3516.28,0.6,PARTIALLY_PAID,BANK_TRANSFER,2026-07-30,HIGH_UNQUALIFIED_RATE,SIMULATED
295076,Dawn Park Communications,PENTAGON FRANCHISE,202606,8790.67,7911.6,879.07,0.9,PENDING,BANK_TRANSFER,,,SIMULATED
344064,Silver Shore Networks,PENTAGON FRANCHISE,202606,8790.67,7911.6,879.07,0.9,PENDING,BANK_TRANSFER,,,SIMULATED
413182,Crystal Light Networks,ENTERPRISE BUSINESS,202606,8790.67,7911.6,879.07,0.9,PENDING,BANK_TRANSFER,,,SIMULATED
19755,Amber View Ventures,DEALER,202606,8790.67,7911.6,879.07,0.9,PENDING,BANK_TRANSFER,,,SIMULATED
345069,Linden Leaf Networks,PENTAGON FRANCHISE,202606,8790.669999999998,7911.6,879.07,0.9,PENDING,BANK_TRANSFER,,,SIMULATED
345063,Golden Spring Ventures,PENTAGON FRANCHISE,202606,8790.669999999998,7911.6,879.07,0.9,PENDING,BANK_TRANSFER,,,SIMULATED
19578,Topaz Bridge Trading,CONNECT STORES,202606,8790.669999999998,7911.6,879.07,0.9,PENDING,MTN_INTERNAL_SETTLEMENT,,,SIMULATED
328066,Dawn Field Communications,PENTAGON FRANCHISE,202606,8790.669999999998,7911.6,879.07,0.9,PENDING,BANK_TRANSFER,,,SIMULATED
338060,Indigo Bridge Communications,PENTAGON FRANCHISE,202606,8790.669999999998,7911.6,879.07,0.9,PENDING,BANK_TRANSFER,,,SIMULATED
19832,Amber Beacon Trading,DEALER,202606,8790.669999999998,7911.6,879.07,0.9,PENDING,BANK_TRANSFER,,,SIMULATED
357058,Willow Wave Communications,PENTAGON FRANCHISE,202606,8790.669999999998,7911.6,879.07,0.9,PENDING,BANK_TRANSFER,,,SIMULATED
345062,Fern Park Networks,PENTAGON FRANCHISE,202606,8790.669999999998,7911.6,879.07,0.9,PENDING,BANK_TRANSFER,,,SIMULATED
350072,Meadow Light Networks,PENTAGON FRANCHISE,202606,8790.669999999998,7911.6,879.07,0.9,PENDING,BANK_TRANSFER,,,SIMULATED
391082,Cedar Point Networks,PENTAGON FRANCHISE,202606,8372.08,7534.87,837.21,0.9,PENDING,BANK_TRANSFER,,,SIMULATED
19742,Indigo Crown Networks,CONNECT STORES,202606,8372.08,7534.87,837.21,0.9,PENDING,MTN_INTERNAL_SETTLEMENT,,,SIMULATED
19751,Teal Beacon Communications,DATA PARTNERS,202606,8372.079999999998,7534.87,837.21,0.9,PENDING,BANK_TRANSFER,,,SIMULATED
296061,Stone Brook Networks,PENTAGON FRANCHISE,202606,8215.81,7394.23,821.58,0.9,PENDING,BANK_TRANSFER,,,SIMULATED
360065,Oak Gate Trading,PENTAGON FRANCHISE,202606,8215.81,7394.23,821.58,0.9,PENDING,BANK_TRANSFER,,,SIMULATED
281059,Elm Port Communications,PENTAGON FRANCHISE,202606,8215.81,7394.23,821.58,0.9,PENDING,BANK_TRANSFER,,,SIMULATED
452147,Stone Stone Trading,PENTAGON FRANCHISE,202606,8215.81,7394.23,821.58,0.9,PENDING,BANK_TRANSFER,,,SIMULATED
391086,Laurel Bridge Communications,ENTERPRISE BUSINESS,202606,7953.49,7158.14,795.35,0.9,PENDING,BANK_TRANSFER,,,SIMULATED
413181,Teal Dale Networks,ENTERPRISE BUSINESS,202606,7953.469999999999,7158.12,795.35,0.9,PENDING,BANK_TRANSFER,,,SIMULATED
355060,Silver Wave Networks,PENTAGON FRANCHISE,202606,7953.469999999999,7158.12,795.35,0.9,PENDING,BANK_TRANSFER,,,SIMULATED
317058,Coral Gate Ventures,PENTAGON FRANCHISE,202606,7953.469999999999,7158.12,795.35,0.9,PENDING,BANK_TRANSFER,,,SIMULATED
337071,Jade View Ventures,PENTAGON FRANCHISE,202606,7534.879999999999,6781.39,753.49,0.9,PENDING,BANK_TRANSFER,,,SIMULATED
19625,Topaz Coast Communications,CONNECT STORES,202606,7534.86,4520.92,3013.94,0.6,PARTIALLY_PAID,MTN_INTERNAL_SETTLEMENT,2026-07-30,HIGH_UNQUALIFIED_RATE,SIMULATED
296060,Opal Ridge Communications,PENTAGON FRANCHISE,202606,7534.86,4520.92,3013.94,0.6,PARTIALLY_PAID,BANK_TRANSFER,2026-07-30,HIGH_UNQUALIFIED_RATE,SIMULATED
455155,Jade Arc Ventures,CONNECT HUB,202606,7534.86,6781.37,753.49,0.9,PENDING,MTN_INTERNAL_SETTLEMENT,,,SIMULATED
357067,Teal Meadow Networks,PENTAGON FRANCHISE,202606,7534.86,4520.92,3013.94,0.6,PARTIALLY_PAID,BANK_TRANSFER,2026-07-30,HIGH_UNQUALIFIED_RATE,SIMULATED
126032,Rowan Hill Trading,CONNECT HUB,202606,7534.859999999999,4520.92,3013.94,0.6,PARTIALLY_PAID,MTN_INTERNAL_SETTLEMENT,2026-07-30,HIGH_UNQUALIFIED_RATE,SIMULATED
341071,Elm Bridge Ventures,PENTAGON FRANCHISE,202606,7534.859999999999,4520.92,3013.94,0.6,PARTIALLY_PAID,BANK_TRANSFER,2026-07-30,HIGH_UNQUALIFIED_RATE,SIMULATED
328067,Sunset Valley Trading,PENTAGON FRANCHISE,202606,7534.859999999999,6781.37,753.49,0.9,PENDING,BANK_TRANSFER,,,SIMULATED
435144,Elm View Networks,PENTAGON FRANCHISE,202606,7534.859999999999,6781.37,753.49,0.9,PENDING,BANK_TRANSFER,,,SIMULATED
176057,Fern Shore Ventures,DEALER,202606,7534.859999999999,6781.37,753.49,0.9,PENDING,BANK_TRANSFER,,,SIMULATED
19527,Hazel Sky Trading,CONNECT STORES,202606,7534.859999999999,6781.37,753.49,0.9,PENDING,MTN_INTERNAL_SETTLEMENT,,,SIMULATED
19471,Harbor Grove Networks,DEALER,202606,7534.859999999999,6781.37,753.49,0.9,PENDING,BANK_TRANSFER,,,SIMULATED
19666,Fern Port Ventures,DATA PARTNERS,202606,7534.859999999999,6781.37,753.49,0.9,PENDING,BANK_TRANSFER,,,SIMULATED
19783,Raven Isle Communications,DEALER,202606,7534.859999999999,6781.37,753.49,0.9,PENDING,BANK_TRANSFER,,,SIMULATED
400086,Azure Trail Networks,PENTAGON FRANCHISE,202606,7534.859999999999,6781.37,753.49,0.9,PENDING,BANK_TRANSFER,,,SIMULATED
358071,Crystal Leaf Communications,PENTAGON FRANCHISE,202606,7534.859999999999,6781.37,753.49,0.9,PENDING,BANK_TRANSFER,,,SIMULATED
61028,Oak Leaf Communications,DATA PARTNERS,202606,7534.859999999999,6781.37,753.49,0.9,PENDING,BANK_TRANSFER,,,SIMULATED
349089,Coral Reach Trading,ENTERPRISE BUSINESS,202606,7534.859999999999,6781.37,753.49,0.9,PENDING,BANK_TRANSFER,,,SIMULATED
372073,Amber Meadow Ventures,PENTAGON FRANCHISE,202606,7534.859999999999,6781.37,753.49,0.9,PENDING,BANK_TRANSFER,,,SIMULATED
20031,Dawn Spring Communications,DATA PARTNERS,202606,7116.27,6404.64,711.63,0.9,PENDING,BANK_TRANSFER,,,SIMULATED
329063,Spruce Field Trading,PENTAGON FRANCHISE,202606,6697.68,6027.91,669.77,0.9,PENDING,BANK_TRANSFER,,,SIMULATED
19514,Pearl Crest Communications,DEALER,202606,6697.66,6027.89,669.77,0.9,PENDING,BANK_TRANSFER,,,SIMULATED
423159,Raven Moon Communications,PENTAGON FRANCHISE,202606,6697.66,6027.89,669.77,0.9,PENDING,BANK_TRANSFER,,,SIMULATED
400088,River Lake Trading,PENTAGON FRANCHISE,202606,6697.66,6027.89,669.77,0.9,PENDING,BANK_TRANSFER,,,SIMULATED
365122,Laurel Isle Communications,PENTAGON FRANCHISE,202606,6279.07,2511.63,3767.44,0.4,DISPUTED,BANK_TRANSFER,,CONFIRMED_MISMATCH,SIMULATED
129044,Willow Shore Communications,ENTERPRISE BUSINESS,202606,6279.07,5651.16,627.91,0.9,PENDING,BANK_TRANSFER,,,SIMULATED
368077,Amber Light Networks,PENTAGON FRANCHISE,202606,6279.07,5651.16,627.91,0.9,PENDING,BANK_TRANSFER,,,SIMULATED
413171,Jade Lake Communications,CONNECT HUB,202606,6279.049999999999,5651.14,627.91,0.9,PENDING,MTN_INTERNAL_SETTLEMENT,,,SIMULATED
176051,Maple Point Communications,ENTERPRISE BUSINESS,202606,6279.049999999999,5651.14,627.91,0.9,PENDING,BANK_TRANSFER,,,SIMULATED
294131,Indigo Coast Networks,PENTAGON FRANCHISE,202606,6279.049999999999,5651.14,627.91,0.9,PENDING,BANK_TRANSFER,,,SIMULATED
19833,Flint Port Ventures,CONNECT STORES,202606,6279.049999999999,3767.43,2511.62,0.6,PARTIALLY_PAID,MTN_INTERNAL_SETTLEMENT,2026-07-30,HIGH_UNQUALIFIED_RATE,SIMULATED
294132,Willow Isle Ventures,PENTAGON FRANCHISE,202606,6279.049999999999,5651.14,627.91,0.9,PENDING,BANK_TRANSFER,,,SIMULATED
360064,Flint Crest Trading,PENTAGON FRANCHISE,202606,6279.049999999999,5651.14,627.91,0.9,PENDING,BANK_TRANSFER,,,SIMULATED
373074,Orchid Moon Ventures,PENTAGON FRANCHISE,202606,5860.46,5274.41,586.05,0.9,PENDING,BANK_TRANSFER,,,SIMULATED
19776,Cedar Grove Trading,DEALER,202606,5860.46,5274.41,586.05,0.9,PENDING,BANK_TRANSFER,,,SIMULATED
368079,Linden Light Ventures,PENTAGON FRANCHISE,202606,5860.459999999999,5274.41,586.05,0.9,PENDING,BANK_TRANSFER,,,SIMULATED
369074,Teal Grove Ventures,PENTAGON FRANCHISE,202606,5860.459999999999,5274.41,586.05,0.9,PENDING,BANK_TRANSFER,,,SIMULATED
405095,Jade Bay Networks,PENTAGON FRANCHISE,202606,5860.459999999999,5274.41,586.05,0.9,PENDING,BANK_TRANSFER,,,SIMULATED
19658,Fern Meadow Communications,DATA PARTNERS,202606,5860.459999999999,5274.41,586.05,0.9,PENDING,BANK_TRANSFER,,,SIMULATED
19660,Coral Haven Networks,DEALER,202606,5860.459999999999,5274.41,586.05,0.9,PENDING,BANK_TRANSFER,,,SIMULATED
322066,Winter Shore Trading,PENTAGON FRANCHISE,202606,5441.85,4897.67,544.18,0.9,PENDING,BANK_TRANSFER,,,SIMULATED
385084,Sunset Grove Trading,PENTAGON FRANCHISE,202606,5441.85,4897.67,544.18,0.9,PENDING,BANK_TRANSFER,,,SIMULATED
294087,Aspen Delta Networks,PENTAGON FRANCHISE,202606,5441.85,4897.67,544.18,0.9,PENDING,BANK_TRANSFER,,,SIMULATED
19697,Birch Bay Communications,DATA PARTNERS,202606,5441.85,3265.11,2176.74,0.6,PARTIALLY_PAID,BANK_TRANSFER,2026-07-30,HIGH_UNQUALIFIED_RATE,SIMULATED
368083,Topaz View Networks,PENTAGON FRANCHISE,202606,5441.85,4897.67,544.18,0.9,PENDING,BANK_TRANSFER,,,SIMULATED
314064,Aspen Peak Ventures,PENTAGON FRANCHISE,202606,5441.85,4897.67,544.18,0.9,PENDING,BANK_TRANSFER,,,SIMULATED
45024,Crystal Wind Ventures,DATA PARTNERS,202606,5441.85,3265.11,2176.74,0.6,PARTIALLY_PAID,BANK_TRANSFER,2026-07-30,HIGH_UNQUALIFIED_RATE,SIMULATED
361067,Fern Isle Trading,PENTAGON FRANCHISE,202606,5023.26,4520.93,502.33,0.9,PENDING,BANK_TRANSFER,,,SIMULATED
296074,Fern Isle Trading,ENTERPRISE BUSINESS,202606,5023.26,4520.93,502.33,0.9,PENDING,BANK_TRANSFER,,,SIMULATED
350066,Forest Valley Trading,ENTERPRISE BUSINESS,202606,5023.26,4520.93,502.33,0.9,PENDING,BANK_TRANSFER,,,SIMULATED
19380,Spruce Wood Ventures,CONNECT STORES,202606,5023.26,3013.96,2009.3,0.6,PARTIALLY_PAID,MTN_INTERNAL_SETTLEMENT,2026-07-30,HIGH_UNQUALIFIED_RATE,SIMULATED
379080,Cedar Gate Networks,PENTAGON FRANCHISE,202606,5023.26,4520.93,502.33,0.9,PENDING,BANK_TRANSFER,,,SIMULATED
416150,Juniper Coast Ventures,PENTAGON FRANCHISE,202606,5023.26,4520.93,502.33,0.9,PENDING,BANK_TRANSFER,,,SIMULATED
344059,Dawn Wave Ventures,PENTAGON FRANCHISE,202606,5023.24,4520.92,502.32,0.9,PENDING,BANK_TRANSFER,,,SIMULATED
19412,Jade Lake Ventures,DEALER,202606,5023.24,3013.94,2009.3,0.6,PARTIALLY_PAID,BANK_TRANSFER,2026-07-30,HIGH_UNQUALIFIED_RATE,SIMULATED
328064,Orchid Dale Communications,PENTAGON FRANCHISE,202606,5023.24,3013.94,2009.3,0.6,PARTIALLY_PAID,BANK_TRANSFER,2026-07-30,HIGH_UNQUALIFIED_RATE,SIMULATED
349070,Cedar Vale Ventures,PENTAGON FRANCHISE,202606,5023.24,4520.92,502.32,0.9,PENDING,BANK_TRANSFER,,,SIMULATED
342075,Ruby Glen Trading,PENTAGON FRANCHISE,202606,5023.24,4520.92,502.32,0.9,PENDING,BANK_TRANSFER,,,SIMULATED
382120,Linden Brook Networks,PENTAGON FRANCHISE,202606,5023.24,4520.92,502.32,0.9,PENDING,BANK_TRANSFER,,,SIMULATED
390078,Birch Horizon Ventures,PENTAGON FRANCHISE,202606,5023.24,4520.92,502.32,0.9,PENDING,BANK_TRANSFER,,,SIMULATED
328063,Forest Wood Trading,PENTAGON FRANCHISE,202606,5023.24,4520.92,502.32,0.9,PENDING,BANK_TRANSFER,,,SIMULATED
19407,Sunset Wood Networks,DEALER,202606,5023.24,4520.92,502.32,0.9,PENDING,BANK_TRANSFER,,,SIMULATED
287074,Raven Point Ventures,PENTAGON FRANCHISE,202606,5023.24,4520.92,502.32,0.9,PENDING,BANK_TRANSFER,,,SIMULATED
299073,Laurel Shore Trading,PENTAGON FRANCHISE,202606,5023.24,4520.92,502.32,0.9,PENDING,BANK_TRANSFER,,,SIMULATED
389081,Flint Spring Networks,PENTAGON FRANCHISE,202606,5023.24,4520.92,502.32,0.9,PENDING,BANK_TRANSFER,,,SIMULATED
411126,Teal Crown Communications,PENTAGON FRANCHISE,202606,5023.24,4520.92,502.32,0.9,PENDING,BANK_TRANSFER,,,SIMULATED
280064,Aspen Isle Networks,PENTAGON FRANCHISE,202606,5023.24,4520.92,502.32,0.9,PENDING,BANK_TRANSFER,,,SIMULATED
339065,Teal Wind Networks,PENTAGON FRANCHISE,202606,5023.24,4520.92,502.32,0.9,PENDING,BANK_TRANSFER,,,SIMULATED
65035,Topaz Bridge Trading,CONNECT HUB,202606,5023.24,4520.92,502.32,0.9,PENDING,MTN_INTERNAL_SETTLEMENT,,,SIMULATED
368075,Orchid Ridge Networks,PENTAGON FRANCHISE,202606,5023.24,4520.92,502.32,0.9,PENDING,BANK_TRANSFER,,,SIMULATED
337072,Meadow Haven Trading,PENTAGON FRANCHISE,202606,4604.65,4144.18,460.47,0.9,PENDING,BANK_TRANSFER,,,SIMULATED
379076,Winter Wood Trading,PENTAGON FRANCHISE,202606,4604.65,4144.18,460.47,0.9,PENDING,BANK_TRANSFER,,,SIMULATED
311076,Ivory Bay Ventures,PENTAGON FRANCHISE,202606,4186.04,3767.44,418.6,0.9,PENDING,BANK_TRANSFER,,,SIMULATED
358061,Sunset Gate Communications,PENTAGON FRANCHISE,202606,4186.04,3767.44,418.6,0.9,PENDING,BANK_TRANSFER,,,SIMULATED
294093,Oak Meadow Communications,PENTAGON FRANCHISE,202606,4186.04,3767.44,418.6,0.9,PENDING,BANK_TRANSFER,,,SIMULATED
364081,Opal Delta Trading,ENTERPRISE BUSINESS,202606,4186.04,3767.44,418.6,0.9,PENDING,BANK_TRANSFER,,,SIMULATED
280063,Jade Point Ventures,PENTAGON FRANCHISE,202606,4186.04,3767.44,418.6,0.9,PENDING,BANK_TRANSFER,,,SIMULATED
406085,Coral Ridge Communications,PENTAGON FRANCHISE,202606,4186.04,3767.44,418.6,0.9,PENDING,BANK_TRANSFER,,,SIMULATED
333072,Aspen Reach Networks,PENTAGON FRANCHISE,202606,4186.04,3767.44,418.6,0.9,PENDING,BANK_TRANSFER,,,SIMULATED
337074,Dawn Haven Trading,PENTAGON FRANCHISE,202606,4186.04,3767.44,418.6,0.9,PENDING,BANK_TRANSFER,,,SIMULATED
280065,Silver Stream Communications,PENTAGON FRANCHISE,202606,3767.43,3390.69,376.74,0.9,PENDING,BANK_TRANSFER,,,SIMULATED
310070,Silver Path Trading,PENTAGON FRANCHISE,202606,3767.43,3390.69,376.74,0.9,PENDING,BANK_TRANSFER,,,SIMULATED
379084,Olive Gate Networks,PENTAGON FRANCHISE,202606,3767.43,3390.69,376.74,0.9,PENDING,BANK_TRANSFER,,,SIMULATED
334058,Sage Brook Ventures,PENTAGON FRANCHISE,202606,3767.43,1506.97,2260.46,0.4,DISPUTED,BANK_TRANSFER,,CONFIRMED_MISMATCH,SIMULATED
332065,Coral Crest Communications,PENTAGON FRANCHISE,202606,3767.43,3390.69,376.74,0.9,PENDING,BANK_TRANSFER,,,SIMULATED
379087,Jade Glen Ventures,PENTAGON FRANCHISE,202606,3767.43,3390.69,376.74,0.9,PENDING,BANK_TRANSFER,,,SIMULATED
335060,Pearl Park Ventures,PENTAGON FRANCHISE,202606,3767.43,3390.69,376.74,0.9,PENDING,BANK_TRANSFER,,,SIMULATED
339066,Forest Peak Trading,PENTAGON FRANCHISE,202606,3767.43,3390.69,376.74,0.9,PENDING,BANK_TRANSFER,,,SIMULATED
322063,Pearl Ridge Networks,PENTAGON FRANCHISE,202606,3767.43,2260.46,1506.97,0.6,PARTIALLY_PAID,BANK_TRANSFER,2026-07-30,HIGH_UNQUALIFIED_RATE,SIMULATED
349081,Harbor Stream Networks,PENTAGON FRANCHISE,202606,3767.43,3390.69,376.74,0.9,PENDING,BANK_TRANSFER,,,SIMULATED
377072,Crystal Bridge Ventures,PENTAGON FRANCHISE,202606,3767.43,3390.69,376.74,0.9,PENDING,BANK_TRANSFER,,,SIMULATED
351064,Spruce Peak Communications,PENTAGON FRANCHISE,202606,3767.43,3390.69,376.74,0.9,PENDING,BANK_TRANSFER,,,SIMULATED
332063,Silver Haven Ventures,PENTAGON FRANCHISE,202606,3767.43,3390.69,376.74,0.9,PENDING,BANK_TRANSFER,,,SIMULATED
19830,Birch Meadow Trading,DEALER,202606,3767.43,3390.69,376.74,0.9,PENDING,BANK_TRANSFER,,,SIMULATED
325080,Ember Isle Networks,PENTAGON FRANCHISE,202606,3767.43,3390.69,376.74,0.9,PENDING,BANK_TRANSFER,,,SIMULATED
21285,Aspen Sky Trading,DEALER,202606,3767.43,3390.69,376.74,0.9,PENDING,BANK_TRANSFER,,,SIMULATED
311066,Meadow Grove Networks,PENTAGON FRANCHISE,202606,3767.43,3390.69,376.74,0.9,PENDING,BANK_TRANSFER,,,SIMULATED
19401,Harbor Moon Communications,CONNECT STORES,202606,3767.43,2260.46,1506.97,0.6,PARTIALLY_PAID,MTN_INTERNAL_SETTLEMENT,2026-07-30,HIGH_UNQUALIFIED_RATE,SIMULATED
377071,Ivory Wave Networks,PENTAGON FRANCHISE,202606,3767.43,3390.69,376.74,0.9,PENDING,BANK_TRANSFER,,,SIMULATED
322074,Crystal Stone Networks,PENTAGON FRANCHISE,202606,3767.43,2260.46,1506.97,0.6,PARTIALLY_PAID,BANK_TRANSFER,2026-07-30,HIGH_UNQUALIFIED_RATE,SIMULATED
409092,Coral Haven Communications,PENTAGON FRANCHISE,202606,3767.43,3390.69,376.74,0.9,PENDING,BANK_TRANSFER,,,SIMULATED
411101,Pearl Stone Ventures,PENTAGON FRANCHISE,202606,3348.84,3013.96,334.88,0.9,PENDING,BANK_TRANSFER,,,SIMULATED
379086,Fern Dale Ventures,PENTAGON FRANCHISE,202606,3348.84,3013.96,334.88,0.9,PENDING,BANK_TRANSFER,,,SIMULATED
19612,Aspen Sky Trading,DEALER,202606,3348.84,3013.96,334.88,0.9,PENDING,BANK_TRANSFER,,,SIMULATED
365130,Ivory Sky Trading,PENTAGON FRANCHISE,202606,3348.84,3013.96,334.88,0.9,PENDING,BANK_TRANSFER,,,SIMULATED
386072,Ivory Gate Ventures,PENTAGON FRANCHISE,202606,3348.84,3013.96,334.88,0.9,PENDING,BANK_TRANSFER,,,SIMULATED
416151,River Stream Communications,PENTAGON FRANCHISE,202606,3348.84,3013.96,334.88,0.9,PENDING,BANK_TRANSFER,,,SIMULATED
395083,Olive Delta Networks,PENTAGON FRANCHISE,202606,3348.84,3013.96,334.88,0.9,PENDING,BANK_TRANSFER,,,SIMULATED
430141,Crystal Summit Communications,PENTAGON FRANCHISE,202606,3348.84,2009.3,1339.54,0.6,PARTIALLY_PAID,BANK_TRANSFER,2026-07-30,HIGH_UNQUALIFIED_RATE,SIMULATED
393085,Laurel Lake Trading,PENTAGON FRANCHISE,202606,3348.84,1339.54,2009.3,0.4,DISPUTED,BANK_TRANSFER,,CONFIRMED_MISMATCH,SIMULATED
365113,River Summit Networks,PENTAGON FRANCHISE,202606,3348.84,3013.96,334.88,0.9,PENDING,BANK_TRANSFER,,,SIMULATED
386077,Ivory Trail Communications,PENTAGON FRANCHISE,202606,3348.84,3013.96,334.88,0.9,PENDING,BANK_TRANSFER,,,SIMULATED
365105,Linden Gate Ventures,PENTAGON FRANCHISE,202606,2930.23,2637.21,293.02,0.9,PENDING,BANK_TRANSFER,,,SIMULATED
334060,Coral View Communications,PENTAGON FRANCHISE,202606,2930.23,2637.21,293.02,0.9,PENDING,BANK_TRANSFER,,,SIMULATED
356066,Laurel Point Networks,PENTAGON FRANCHISE,202606,2930.23,2637.21,293.02,0.9,PENDING,BANK_TRANSFER,,,SIMULATED
294090,Coral Summit Networks,PENTAGON FRANCHISE,202606,2930.23,2637.21,293.02,0.9,PENDING,BANK_TRANSFER,,,SIMULATED
19490,Teal Sky Ventures,DEALER,202606,2930.23,2637.21,293.02,0.9,PENDING,BANK_TRANSFER,,,SIMULATED
19786,Maple Wave Networks,CONNECT STORES,202606,2930.23,2637.21,293.02,0.9,PENDING,MTN_INTERNAL_SETTLEMENT,,,SIMULATED
319058,Ocean Coast Ventures,PENTAGON FRANCHISE,202606,2930.23,2637.21,293.02,0.9,PENDING,BANK_TRANSFER,,,SIMULATED
365075,Swift Ridge Ventures,PENTAGON FRANCHISE,202606,2930.23,2637.21,293.02,0.9,PENDING,BANK_TRANSFER,,,SIMULATED
345060,Willow Wind Communications,PENTAGON FRANCHISE,202606,2930.23,2637.21,293.02,0.9,PENDING,BANK_TRANSFER,,,SIMULATED
107032,Forest Delta Ventures,ENTERPRISE BUSINESS,202606,2930.23,2637.21,293.02,0.9,PENDING,BANK_TRANSFER,,,SIMULATED
327085,Crystal Sky Ventures,PENTAGON FRANCHISE,202606,2930.23,2637.21,293.02,0.9,PENDING,BANK_TRANSFER,,,SIMULATED
377079,Meadow Haven Networks,PENTAGON FRANCHISE,202606,2930.23,2637.21,293.02,0.9,PENDING,BANK_TRANSFER,,,SIMULATED
115041,Flint Stone Ventures,ENTERPRISE BUSINESS,202606,2930.23,2637.21,293.02,0.9,PENDING,BANK_TRANSFER,,,SIMULATED
333069,Sage Coast Ventures,PENTAGON FRANCHISE,202606,2930.23,2637.21,293.02,0.9,PENDING,BANK_TRANSFER,,,SIMULATED
455154,Fern Field Networks,CONNECT HUB,202606,2511.62,2260.46,251.16,0.9,PENDING,MTN_INTERNAL_SETTLEMENT,,,SIMULATED
19780,Ivory Vale Ventures,DATA PARTNERS,202606,2511.62,1506.97,1004.65,0.6,PARTIALLY_PAID,BANK_TRANSFER,2026-07-30,HIGH_UNQUALIFIED_RATE,SIMULATED
412089,Hazel Port Trading,PENTAGON FRANCHISE,202606,2511.62,2260.46,251.16,0.9,PENDING,BANK_TRANSFER,,,SIMULATED
311062,Coral Hill Networks,PENTAGON FRANCHISE,202606,2511.62,2260.46,251.16,0.9,PENDING,BANK_TRANSFER,,,SIMULATED
21283,Ember Coast Trading,DEALER,202606,2511.62,2260.46,251.16,0.9,PENDING,BANK_TRANSFER,,,SIMULATED
322061,Hazel Wood Communications,PENTAGON FRANCHISE,202606,2511.62,2260.46,251.16,0.9,PENDING,BANK_TRANSFER,,,SIMULATED
294130,Winter Delta Ventures,PENTAGON FRANCHISE,202606,2511.62,2260.46,251.16,0.9,PENDING,BANK_TRANSFER,,,SIMULATED
379082,Ivory Path Networks,PENTAGON FRANCHISE,202606,2511.62,2260.46,251.16,0.9,PENDING,BANK_TRANSFER,,,SIMULATED
314063,Coral Meadow Ventures,PENTAGON FRANCHISE,202606,2511.62,2260.46,251.16,0.9,PENDING,BANK_TRANSFER,,,SIMULATED
19782,Raven Isle Communications,DEALER,202606,2511.62,1506.97,1004.65,0.6,PARTIALLY_PAID,BANK_TRANSFER,2026-07-30,HIGH_UNQUALIFIED_RATE,SIMULATED
344067,Laurel Leaf Trading,PENTAGON FRANCHISE,202606,2511.62,2260.46,251.16,0.9,PENDING,BANK_TRANSFER,,,SIMULATED
335061,Teal Vale Trading,PENTAGON FRANCHISE,202606,2511.62,2260.46,251.16,0.9,PENDING,BANK_TRANSFER,,,SIMULATED
19914,Elm Wave Ventures,DATA PARTNERS,202606,2511.62,2260.46,251.16,0.9,PENDING,BANK_TRANSFER,,,SIMULATED
358069,Ivory Bridge Networks,PENTAGON FRANCHISE,202606,2511.62,2260.46,251.16,0.9,PENDING,BANK_TRANSFER,,,SIMULATED
360066,Harbor Sky Communications,PENTAGON FRANCHISE,202606,2511.62,2260.46,251.16,0.9,PENDING,BANK_TRANSFER,,,SIMULATED
107035,Spruce Point Communications,ENTERPRISE BUSINESS,202606,2511.62,2260.46,251.16,0.9,PENDING,BANK_TRANSFER,,,SIMULATED
405089,Rowan Light Communications,DEALER,202606,2511.62,2260.46,251.16,0.9,PENDING,BANK_TRANSFER,,,SIMULATED
356077,Golden Moon Networks,PENTAGON FRANCHISE,202606,2511.62,2260.46,251.16,0.9,PENDING,BANK_TRANSFER,,,SIMULATED
380074,Elm Wood Networks,PENTAGON FRANCHISE,202606,2511.62,2260.46,251.16,0.9,PENDING,BANK_TRANSFER,,,SIMULATED
19663,Jade View Trading,DATA PARTNERS,202606,2511.62,1506.97,1004.65,0.6,PARTIALLY_PAID,BANK_TRANSFER,2026-07-30,HIGH_UNQUALIFIED_RATE,SIMULATED
329065,Olive Moon Trading,PENTAGON FRANCHISE,202606,2511.62,2260.46,251.16,0.9,PENDING,BANK_TRANSFER,,,SIMULATED
360058,Pearl Valley Trading,PENTAGON FRANCHISE,202606,2511.62,2260.46,251.16,0.9,PENDING,BANK_TRANSFER,,,SIMULATED
358072,Meadow Wave Communications,PENTAGON FRANCHISE,202606,2511.62,2260.46,251.16,0.9,PENDING,BANK_TRANSFER,,,SIMULATED
367081,Dawn Dale Networks,PENTAGON FRANCHISE,202606,2511.62,2260.46,251.16,0.9,PENDING,BANK_TRANSFER,,,SIMULATED
347059,Azure Light Communications,PENTAGON FRANCHISE,202606,2511.62,2260.46,251.16,0.9,PENDING,BANK_TRANSFER,,,SIMULATED
357066,Winter Point Trading,PENTAGON FRANCHISE,202606,2511.62,2260.46,251.16,0.9,PENDING,BANK_TRANSFER,,,SIMULATED
392085,Ocean Crest Communications,PENTAGON FRANCHISE,202606,2511.62,2260.46,251.16,0.9,PENDING,BANK_TRANSFER,,,SIMULATED
365112,Teal Vale Networks,PENTAGON FRANCHISE,202606,2511.62,2260.46,251.16,0.9,PENDING,BANK_TRANSFER,,,SIMULATED
19387,Cedar Stream Ventures,CONNECT STORES,202606,2511.62,1506.97,1004.65,0.6,PARTIALLY_PAID,MTN_INTERNAL_SETTLEMENT,2026-07-30,HIGH_UNQUALIFIED_RATE,SIMULATED
337059,Amber Meadow Networks,PENTAGON FRANCHISE,202606,2511.62,2260.46,251.16,0.9,PENDING,BANK_TRANSFER,,,SIMULATED
284086,Stone Brook Communications,PENTAGON FRANCHISE,202606,2511.62,2260.46,251.16,0.9,PENDING,BANK_TRANSFER,,,SIMULATED
365111,Silver Brook Trading,PENTAGON FRANCHISE,202606,2511.62,2260.46,251.16,0.9,PENDING,BANK_TRANSFER,,,SIMULATED
349074,Amber Delta Networks,PENTAGON FRANCHISE,202606,2511.62,2260.46,251.16,0.9,PENDING,BANK_TRANSFER,,,SIMULATED
21254,Juniper Summit Communications,DATA PARTNERS,202606,2511.62,2260.46,251.16,0.9,PENDING,BANK_TRANSFER,,,SIMULATED
415144,Birch Trail Networks,PENTAGON FRANCHISE,202606,2511.62,2260.46,251.16,0.9,PENDING,BANK_TRANSFER,,,SIMULATED
411112,Raven Crown Ventures,PENTAGON FRANCHISE,202606,2511.62,2260.46,251.16,0.9,PENDING,BANK_TRANSFER,,,SIMULATED
19417,Indigo Path Ventures,DATA PARTNERS,202606,2511.62,2260.46,251.16,0.9,PENDING,BANK_TRANSFER,,,SIMULATED
345061,Indigo Ridge Trading,PENTAGON FRANCHISE,202606,2511.62,2260.46,251.16,0.9,PENDING,BANK_TRANSFER,,,SIMULATED
365109,Olive Stone Networks,PENTAGON FRANCHISE,202606,1674.42,1506.98,167.44,0.9,PENDING,BANK_TRANSFER,,,SIMULATED
382114,Laurel Moon Ventures,PENTAGON FRANCHISE,202606,1674.42,1506.98,167.44,0.9,PENDING,BANK_TRANSFER,,,SIMULATED
360061,Elm Stone Communications,PENTAGON FRANCHISE,202606,1674.42,1004.65,669.77,0.6,PARTIALLY_PAID,BANK_TRANSFER,2026-07-30,HIGH_UNQUALIFIED_RATE,SIMULATED
351063,Ember Stream Networks,PENTAGON FRANCHISE,202606,1674.42,1506.98,167.44,0.9,PENDING,BANK_TRANSFER,,,SIMULATED
380076,Birch Crown Networks,PENTAGON FRANCHISE,202606,1674.42,1506.98,167.44,0.9,PENDING,BANK_TRANSFER,,,SIMULATED
332070,Stone Wind Communications,DEALER,202606,1674.42,1506.98,167.44,0.9,PENDING,BANK_TRANSFER,,,SIMULATED
361066,Raven Summit Ventures,PENTAGON FRANCHISE,202606,1674.42,1004.65,669.77,0.6,PARTIALLY_PAID,BANK_TRANSFER,2026-07-30,HIGH_UNQUALIFIED_RATE,SIMULATED
423154,Rowan Lake Trading,PENTAGON FRANCHISE,202606,1674.42,1506.98,167.44,0.9,PENDING,BANK_TRANSFER,,,SIMULATED
20027,Juniper Bridge Trading,SIM REG AGENCY,202606,1674.42,1506.98,167.44,0.9,PENDING,BANK_TRANSFER,,,SIMULATED
368073,Rowan Stone Trading,PENTAGON FRANCHISE,202606,1674.42,1506.98,167.44,0.9,PENDING,BANK_TRANSFER,,,SIMULATED
379095,Forest Leaf Networks,PENTAGON FRANCHISE,202606,1674.42,1506.98,167.44,0.9,PENDING,BANK_TRANSFER,,,SIMULATED
365088,Sunset Point Networks,PENTAGON FRANCHISE,202606,1674.42,1506.98,167.44,0.9,PENDING,BANK_TRANSFER,,,SIMULATED
454143,Orchid Wood Ventures,PENTAGON FRANCHISE,202606,1674.42,1506.98,167.44,0.9,PENDING,BANK_TRANSFER,,,SIMULATED
391078,Maple Point Communications,PENTAGON FRANCHISE,202606,1674.42,1506.98,167.44,0.9,PENDING,BANK_TRANSFER,,,SIMULATED
52023,Birch Delta Communications,DATA PARTNERS,202606,1674.42,1506.98,167.44,0.9,PENDING,BANK_TRANSFER,,,SIMULATED
319062,Elm Hill Trading,PENTAGON FRANCHISE,202606,1674.42,1506.98,167.44,0.9,PENDING,BANK_TRANSFER,,,SIMULATED
365093,Orchid Coast Networks,PENTAGON FRANCHISE,202606,1674.42,1506.98,167.44,0.9,PENDING,BANK_TRANSFER,,,SIMULATED
361072,Harbor Vale Trading,PENTAGON FRANCHISE,202606,1674.42,1506.98,167.44,0.9,PENDING,BANK_TRANSFER,,,SIMULATED
337073,Stone Haven Trading,PENTAGON FRANCHISE,202606,1255.81,1130.23,125.58,0.9,PENDING,BANK_TRANSFER,,,SIMULATED
380077,Dawn Field Networks,PENTAGON FRANCHISE,202606,1255.81,1130.23,125.58,0.9,PENDING,BANK_TRANSFER,,,SIMULATED
341069,Ruby Vale Ventures,PENTAGON FRANCHISE,202606,1255.81,1130.23,125.58,0.9,PENDING,BANK_TRANSFER,,,SIMULATED
408085,Coral Stream Ventures,PENTAGON FRANCHISE,202606,1255.81,1130.23,125.58,0.9,PENDING,BANK_TRANSFER,,,SIMULATED
353063,Spruce Reach Trading,PENTAGON FRANCHISE,202606,1255.81,1130.23,125.58,0.9,PENDING,BANK_TRANSFER,,,SIMULATED
405097,Swift Leaf Trading,PENTAGON FRANCHISE,202606,1255.81,1130.23,125.58,0.9,PENDING,BANK_TRANSFER,,,SIMULATED
342068,Teal Light Ventures,PENTAGON FRANCHISE,202606,1255.81,1130.23,125.58,0.9,PENDING,BANK_TRANSFER,,,SIMULATED
284059,Forest Coast Networks,PENTAGON FRANCHISE,202606,1255.81,1130.23,125.58,0.9,PENDING,BANK_TRANSFER,,,SIMULATED
323081,Flint Horizon Ventures,PENTAGON FRANCHISE,202606,1255.81,753.49,502.32,0.6,PARTIALLY_PAID,BANK_TRANSFER,2026-07-30,HIGH_UNQUALIFIED_RATE,SIMULATED
409089,Quartz Leaf Communications,PENTAGON FRANCHISE,202606,1255.81,1130.23,125.58,0.9,PENDING,BANK_TRANSFER,,,SIMULATED
341059,Spruce Vale Communications,PENTAGON FRANCHISE,202606,1255.81,1130.23,125.58,0.9,PENDING,BANK_TRANSFER,,,SIMULATED
413170,Silver Glen Communications,PENTAGON FRANCHISE,202606,1255.81,1130.23,125.58,0.9,PENDING,BANK_TRANSFER,,,SIMULATED
438141,Azure View Communications,PENTAGON FRANCHISE,202606,1255.81,1130.23,125.58,0.9,PENDING,BANK_TRANSFER,,,SIMULATED
332066,Silver Moon Ventures,PENTAGON FRANCHISE,202606,1255.81,1130.23,125.58,0.9,PENDING,BANK_TRANSFER,,,SIMULATED
19850,Elm Leaf Networks,DATA PARTNERS,202606,1255.81,1130.23,125.58,0.9,PENDING,BANK_TRANSFER,,,SIMULATED
19964,River Star Communications,DEALER,202606,1255.81,1130.23,125.58,0.9,PENDING,BANK_TRANSFER,,,SIMULATED
367086,Ember Brook Ventures,PENTAGON FRANCHISE,202606,1255.81,753.49,502.32,0.6,PARTIALLY_PAID,BANK_TRANSFER,2026-07-30,HIGH_UNQUALIFIED_RATE,SIMULATED
405098,Winter Horizon Networks,DEALER,202606,1255.81,753.49,502.32,0.6,PARTIALLY_PAID,BANK_TRANSFER,2026-07-30,HIGH_UNQUALIFIED_RATE,SIMULATED
323080,Hazel Crown Networks,PENTAGON FRANCHISE,202606,1255.81,753.49,502.32,0.6,PARTIALLY_PAID,BANK_TRANSFER,2026-07-30,HIGH_UNQUALIFIED_RATE,SIMULATED
430151,Willow Bridge Trading,PENTAGON FRANCHISE,202606,1255.81,1130.23,125.58,0.9,PENDING,BANK_TRANSFER,,,SIMULATED
322059,Golden Haven Networks,PENTAGON FRANCHISE,202606,1255.81,1130.23,125.58,0.9,PENDING,BANK_TRANSFER,,,SIMULATED
300069,Winter Vale Communications,PENTAGON FRANCHISE,202606,1255.81,1130.23,125.58,0.9,PENDING,BANK_TRANSFER,,,SIMULATED
332067,Quartz Stone Networks,PENTAGON FRANCHISE,202606,1255.81,1130.23,125.58,0.9,PENDING,BANK_TRANSFER,,,SIMULATED
349071,Birch Delta Trading,PENTAGON FRANCHISE,202606,1255.81,753.49,502.32,0.6,PARTIALLY_PAID,BANK_TRANSFER,2026-07-30,HIGH_UNQUALIFIED_RATE,SIMULATED
341064,River Park Networks,PENTAGON FRANCHISE,202606,1255.81,753.49,502.32,0.6,PARTIALLY_PAID,BANK_TRANSFER,2026-07-30,HIGH_UNQUALIFIED_RATE,SIMULATED
329071,Orchid Ridge Trading,PENTAGON FRANCHISE,202606,1255.81,1130.23,125.58,0.9,PENDING,BANK_TRANSFER,,,SIMULATED
391084,Ivory Wave Ventures,PENTAGON FRANCHISE,202606,1255.81,753.49,502.32,0.6,PARTIALLY_PAID,BANK_TRANSFER,2026-07-30,HIGH_UNQUALIFIED_RATE,SIMULATED
365114,Oak Leaf Communications,PENTAGON FRANCHISE,202606,1255.81,753.49,502.32,0.6,PARTIALLY_PAID,BANK_TRANSFER,2026-07-30,HIGH_UNQUALIFIED_RATE,SIMULATED
406084,Hazel Point Ventures,PENTAGON FRANCHISE,202606,1255.81,753.49,502.32,0.6,PARTIALLY_PAID,BANK_TRANSFER,2026-07-30,HIGH_UNQUALIFIED_RATE,SIMULATED
19661,Coral Haven Networks,DEALER,202606,1255.81,1130.23,125.58,0.9,PENDING,BANK_TRANSFER,,,SIMULATED
303070,Willow Crown Communications,PENTAGON FRANCHISE,202606,1255.81,753.49,502.32,0.6,PARTIALLY_PAID,BANK_TRANSFER,2026-07-30,HIGH_UNQUALIFIED_RATE,SIMULATED
19871,Meadow Horizon Trading,DEALER,202606,1255.81,1130.23,125.58,0.9,PENDING,BANK_TRANSFER,,,SIMULATED
386074,Crystal Valley Trading,PENTAGON FRANCHISE,202606,1255.81,1130.23,125.58,0.9,PENDING,BANK_TRANSFER,,,SIMULATED
19363,Maple Dale Communications,DEALER,202606,1255.81,1130.23,125.58,0.9,PENDING,BANK_TRANSFER,,,SIMULATED
349073,Amber Horizon Communications,PENTAGON FRANCHISE,202606,1255.81,753.49,502.32,0.6,PARTIALLY_PAID,BANK_TRANSFER,2026-07-30,HIGH_UNQUALIFIED_RATE,SIMULATED
356084,Harbor Crest Communications,PENTAGON FRANCHISE,202606,1255.81,1130.23,125.58,0.9,PENDING,BANK_TRANSFER,,,SIMULATED
349068,Linden Point Trading,PENTAGON FRANCHISE,202606,1255.81,1130.23,125.58,0.9,PENDING,BANK_TRANSFER,,,SIMULATED
361064,Rowan View Communications,PENTAGON FRANCHISE,202606,1255.81,753.49,502.32,0.6,PARTIALLY_PAID,BANK_TRANSFER,2026-07-30,HIGH_UNQUALIFIED_RATE,SIMULATED
335058,Cedar Bay Trading,PENTAGON FRANCHISE,202606,1255.81,753.49,502.32,0.6,PARTIALLY_PAID,BANK_TRANSFER,2026-07-30,HIGH_UNQUALIFIED_RATE,SIMULATED
350063,Linden Summit Ventures,PENTAGON FRANCHISE,202606,1255.81,1130.23,125.58,0.9,PENDING,BANK_TRANSFER,,,SIMULATED
379081,Silver Reach Ventures,PENTAGON FRANCHISE,202606,1255.81,1130.23,125.58,0.9,PENDING,BANK_TRANSFER,,,SIMULATED
341075,Flint Wood Communications,PENTAGON FRANCHISE,202606,1255.81,753.49,502.32,0.6,PARTIALLY_PAID,BANK_TRANSFER,2026-07-30,HIGH_UNQUALIFIED_RATE,SIMULATED
294065,Silver Light Communications,PENTAGON FRANCHISE,202606,1255.81,753.49,502.32,0.6,PARTIALLY_PAID,BANK_TRANSFER,2026-07-30,HIGH_UNQUALIFIED_RATE,SIMULATED
280062,Oak Field Communications,PENTAGON FRANCHISE,202606,1255.81,753.49,502.32,0.6,PARTIALLY_PAID,BANK_TRANSFER,2026-07-30,HIGH_UNQUALIFIED_RATE,SIMULATED
109031,Sage Glen Trading,ENTERPRISE BUSINESS,202606,1255.81,1130.23,125.58,0.9,PENDING,BANK_TRANSFER,,,SIMULATED
412091,Harbor Wood Ventures,PENTAGON FRANCHISE,202606,1255.81,1130.23,125.58,0.9,PENDING,BANK_TRANSFER,,,SIMULATED
395094,Amber Vale Communications,PENTAGON FRANCHISE,202606,1255.81,1130.23,125.58,0.9,PENDING,BANK_TRANSFER,,,SIMULATED
361073,Winter Trail Networks,PENTAGON FRANCHISE,202606,1255.81,1130.23,125.58,0.9,PENDING,BANK_TRANSFER,,,SIMULATED
294076,Opal Moon Communications,PENTAGON FRANCHISE,202606,1255.81,1130.23,125.58,0.9,PENDING,BANK_TRANSFER,,,SIMULATED
408086,Sunset Sky Communications,PENTAGON FRANCHISE,202606,1255.81,1130.23,125.58,0.9,PENDING,BANK_TRANSFER,,,SIMULATED
392088,Raven Grove Networks,PENTAGON FRANCHISE,202606,1255.81,1130.23,125.58,0.9,PENDING,BANK_TRANSFER,,,SIMULATED
356067,Birch Wave Communications,PENTAGON FRANCHISE,202606,1255.81,1130.23,125.58,0.9,PENDING,BANK_TRANSFER,,,SIMULATED
335059,Oak Beacon Communications,PENTAGON FRANCHISE,202606,0.0,0.0,0.0,0.2,FULLY_PAID,BANK_TRANSFER,2026-07-25,ALL_UNQUALIFIED,SIMULATED
441145,Sunset Brook Networks,PENTAGON FRANCHISE,202606,0.0,0.0,0.0,0.2,FULLY_PAID,BANK_TRANSFER,2026-07-25,ALL_UNQUALIFIED,SIMULATED
377076,Spruce Coast Communications,PENTAGON FRANCHISE,202606,0.0,0.0,0.0,0.2,FULLY_PAID,BANK_TRANSFER,2026-07-25,ALL_UNQUALIFIED,SIMULATED
342066,Juniper Path Communications,PENTAGON FRANCHISE,202606,0.0,0.0,0.0,0.2,FULLY_PAID,BANK_TRANSFER,2026-07-25,ALL_UNQUALIFIED,SIMULATED
357065,Ruby Beacon Trading,PENTAGON FRANCHISE,202606,0.0,0.0,0.0,0.2,FULLY_PAID,BANK_TRANSFER,2026-07-25,ALL_UNQUALIFIED,SIMULATED
21252,Dawn Delta Networks,ENTERPRISE BUSINESS,202606,0.0,0.0,0.0,0.2,FULLY_PAID,BANK_TRANSFER,2026-07-25,ALL_UNQUALIFIED,SIMULATED
411091,Ruby Valley Networks,PENTAGON FRANCHISE,202606,0.0,0.0,0.0,0.2,FULLY_PAID,BANK_TRANSFER,2026-07-25,ALL_UNQUALIFIED,SIMULATED
294128,Orchid Crown Communications,PENTAGON FRANCHISE,202606,0.0,0.0,0.0,0.2,FULLY_PAID,BANK_TRANSFER,2026-07-25,ALL_UNQUALIFIED,SIMULATED
416141,Silver Moon Communications,PENTAGON FRANCHISE,202606,0.0,0.0,0.0,0.2,FULLY_PAID,BANK_TRANSFER,2026-07-25,ALL_UNQUALIFIED,SIMULATED
327086,Cedar Gate Ventures,PENTAGON FRANCHISE,202606,0.0,0.0,0.0,0.2,FULLY_PAID,BANK_TRANSFER,2026-07-25,ALL_UNQUALIFIED,SIMULATED
328068,Swift Wood Ventures,PENTAGON FRANCHISE,202606,0.0,0.0,0.0,0.2,FULLY_PAID,BANK_TRANSFER,2026-07-25,ALL_UNQUALIFIED,SIMULATED
393084,Ivory Stream Networks,PENTAGON FRANCHISE,202606,0.0,0.0,0.0,0.2,FULLY_PAID,BANK_TRANSFER,2026-07-25,ALL_UNQUALIFIED,SIMULATED
400089,Azure Moon Communications,PENTAGON FRANCHISE,202606,0.0,0.0,0.0,0.2,FULLY_PAID,BANK_TRANSFER,2026-07-25,ALL_UNQUALIFIED,SIMULATED
344069,Quartz Beacon Trading,PENTAGON FRANCHISE,202606,0.0,0.0,0.0,0.2,FULLY_PAID,BANK_TRANSFER,2026-07-25,ALL_UNQUALIFIED,SIMULATED
19519,Ember Point Trading,CONNECT STORES,202606,0.0,0.0,0.0,0.2,FULLY_PAID,MTN_INTERNAL_SETTLEMENT,2026-07-25,ALL_UNQUALIFIED,SIMULATED
365104,Willow Brook Communications,PENTAGON FRANCHISE,202606,0.0,0.0,0.0,0.2,FULLY_PAID,BANK_TRANSFER,2026-07-25,ALL_UNQUALIFIED,SIMULATED
354066,Forest Beacon Communications,PENTAGON FRANCHISE,202606,0.0,0.0,0.0,0.2,FULLY_PAID,BANK_TRANSFER,2026-07-25,ALL_UNQUALIFIED,SIMULATED
323082,Crystal Vale Communications,PENTAGON FRANCHISE,202606,0.0,0.0,0.0,0.2,FULLY_PAID,BANK_TRANSFER,2026-07-25,ALL_UNQUALIFIED,SIMULATED
356068,Winter Trail Communications,PENTAGON FRANCHISE,202606,0.0,0.0,0.0,0.2,FULLY_PAID,BANK_TRANSFER,2026-07-25,ALL_UNQUALIFIED,SIMULATED
19630,Coral Point Ventures,CONNECT STORES,202606,0.0,0.0,0.0,0.2,FULLY_PAID,MTN_INTERNAL_SETTLEMENT,2026-07-25,ALL_UNQUALIFIED,SIMULATED
338059,Sunset Hill Ventures,PENTAGON FRANCHISE,202606,0.0,0.0,0.0,0.2,FULLY_PAID,BANK_TRANSFER,2026-07-25,ALL_UNQUALIFIED,SIMULATED
19863,Olive Moon Ventures,CONNECT STORES,202606,0.0,0.0,0.0,0.2,FULLY_PAID,MTN_INTERNAL_SETTLEMENT,2026-07-25,ALL_UNQUALIFIED,SIMULATED
341066,Pine Star Communications,PENTAGON FRANCHISE,202606,0.0,0.0,0.0,0.2,FULLY_PAID,BANK_TRANSFER,2026-07-25,ALL_UNQUALIFIED,SIMULATED
357094,Orchid Coast Trading,PENTAGON FRANCHISE,202606,0.0,0.0,0.0,0.2,FULLY_PAID,BANK_TRANSFER,2026-07-25,ALL_UNQUALIFIED,SIMULATED
322062,Aspen Peak Trading,PENTAGON FRANCHISE,202606,0.0,0.0,0.0,0.2,FULLY_PAID,BANK_TRANSFER,2026-07-25,ALL_UNQUALIFIED,SIMULATED
337089,Coral Crown Trading,PENTAGON FRANCHISE,202606,0.0,0.0,0.0,0.2,FULLY_PAID,BANK_TRANSFER,2026-07-25,ALL_UNQUALIFIED,SIMULATED
441143,Ember Dale Networks,PENTAGON FRANCHISE,202606,0.0,0.0,0.0,0.2,FULLY_PAID,BANK_TRANSFER,2026-07-25,ALL_UNQUALIFIED,SIMULATED
408093,Silver Field Trading,PENTAGON FRANCHISE,202606,0.0,0.0,0.0,0.2,FULLY_PAID,BANK_TRANSFER,2026-07-25,ALL_UNQUALIFIED,SIMULATED
374078,Jade Isle Trading,PENTAGON FRANCHISE,202606,0.0,0.0,0.0,0.2,FULLY_PAID,BANK_TRANSFER,2026-07-25,ALL_UNQUALIFIED,SIMULATED
296062,Meadow Stream Communications,PENTAGON FRANCHISE,202606,0.0,0.0,0.0,0.2,FULLY_PAID,BANK_TRANSFER,2026-07-25,ALL_UNQUALIFIED,SIMULATED
19398,Harbor Moon Communications,CONNECT STORES,202606,0.0,0.0,0.0,0.2,FULLY_PAID,MTN_INTERNAL_SETTLEMENT,2026-07-25,ALL_UNQUALIFIED,SIMULATED
430147,Orchid Star Communications,PENTAGON FRANCHISE,202606,0.0,0.0,0.0,0.2,FULLY_PAID,BANK_TRANSFER,2026-07-25,ALL_UNQUALIFIED,SIMULATED
389079,Hazel Hill Ventures,PENTAGON FRANCHISE,202606,0.0,0.0,0.0,0.2,FULLY_PAID,BANK_TRANSFER,2026-07-25,ALL_UNQUALIFIED,SIMULATED
405090,Forest Stone Networks,DEALER,202606,0.0,0.0,0.0,0.2,FULLY_PAID,BANK_TRANSFER,2026-07-25,ALL_UNQUALIFIED,SIMULATED
430148,Rowan Wave Ventures,PENTAGON FRANCHISE,202606,0.0,0.0,0.0,0.2,FULLY_PAID,BANK_TRANSFER,2026-07-25,ALL_UNQUALIFIED,SIMULATED
